maaned,valuta,faktisk,prognose,gennemsnit,model
1997-06,AUD,0.016307961654440373,-0.0009028089933952835,-0.000411401838826105,olie
1997-07,AUD,0.002149502365628053,-4.853684703920563e-05,-0.0002732252810305143,olie
1997-08,AUD,0.023633805329871138,-0.00021768176621070738,-0.0002533668576972473,olie
1997-09,AUD,0.004761226711945676,-9.632080661505632e-05,-5.916220576579704e-05,olie
1997-10,AUD,0.034448361485835244,0.00033823659419753466,-2.0288101590704514e-05,olie
1997-11,AUD,0.04924698016990814,-3.302792419388194e-05,0.0002554610951087031,olie
1997-12,AUD,0.008042762056859998,1.315821449751934e-05,0.0006442826750674288,olie
1998-01,AUD,-0.026749881618584603,0.00012817296077507437,0.0007025384182311497,olie
1998-02,AUD,0.0071232073250241945,-0.00015429798539759714,0.0004880663866935267,olie
1998-03,AUD,0.026171200270212747,-9.490642808462728e-06,0.0005395015877658574,olie
1998-04,AUD,0.03291606950918308,0.0009401499186832158,0.0007366685007077566,olie
1998-05,AUD,0.0430539272026394,0.0014231362202248984,0.0009823127832152018,olie
1998-06,AUD,-0.02194397517787411,-0.0003167524566119709,0.0013010371348775064,olie
1998-07,AUD,0.04843400998328379,0.0010207012999538,0.001126262606210201,olie
1998-08,AUD,-0.0001766524367908806,0.0013304200718872276,0.0014793054970838845,olie
1998-09,AUD,-0.048071972098719606,0.003054291884184383,0.0014670391420181454,olie
1998-10,AUD,-0.027119244545846022,0.0007753276764172524,0.0011027817064244855,olie
1998-11,AUD,0.02662480695851721,-0.0002627539342378169,0.000896781514802073,olie
1998-12,AUD,-0.022064084541269402,0.0005782010599060934,0.0010832164817855161,olie
1999-01,AUD,-0.012464390305682027,0.0018372468758708284,0.0009166891362959123,olie
1999-02,AUD,0.014358569429926527,0.0004259061901588588,0.0008211099974246413,olie
1999-03,AUD,-0.017627488791192025,0.0017605539737199339,0.0009171203480097611,olie
1999-04,AUD,-0.03183154217879702,0.0008437886290317695,0.0007865245090012977,olie
1999-05,AUD,0.009826954596116044,0.0005740932378503762,0.0005584261405551557,olie
1999-06,AUD,0.00013125082050602366,0.0003662238838779251,0.000622790921496551,olie
1999-07,AUD,0.017820450774470364,-0.0005205017676677068,0.0006194009897655818,olie
1999-08,AUD,-0.007570646660694347,0.0005655242279837056,0.0007372163992498611,olie
1999-09,AUD,-0.002145714272976773,0.00031301503147867024,0.0006807003240121455,olie
1999-10,AUD,0.018764454234123373,0.0007547780122919709,0.0006616029280865446,olie
1999-11,AUD,-0.0033914606175339257,0.00033672636700504054,0.000783098574435785,olie
1999-12,AUD,-0.02314903175349864,0.0006057302059849507,0.0007552681798226536,olie
2000-01,AUD,0.04395536430088748,0.0005996428759593993,0.0005969615577476782,olie
2000-02,AUD,0.029749557789498338,0.0004513860857354388,0.000882214207373598,olie
2000-03,AUD,0.022237199405561014,0.0011101645946677383,0.0010708896556227794,olie
2000-04,AUD,0.02994235661507849,0.001828682624018412,0.001208333225427573,olie
2000-05,AUD,-0.028096513702114856,-0.00016278238333200415,0.001393714021489837,olie
2000-06,AUD,0.013354804640442808,0.0003388289344889607,0.0012046741001846787,olie
2000-07,AUD,0.010626596174795888,0.0017689389698415175,0.001282063466683138,olie
2000-08,AUD,0.0506745642750166,0.0007500753813569697,0.0013412060787598012,olie
2000-09,AUD,0.044593375542818725,0.0007483893668580804,0.0016514787718180197,olie
2000-10,AUD,0.011810230967277513,0.0024060514672512487,0.0019198656266367741,olie
2000-11,AUD,-0.04640572054970571,0.0016369273467361938,0.001981296467261872,olie
2000-12,AUD,-0.015589596031844843,0.003902419010441669,0.001682611177033677,olie
2001-01,AUD,0.03930185234761363,0.0015961163069293548,0.0015766467156295143,olie
2001-02,AUD,0.059223229621523155,0.0014208366069155755,0.001806678457287954,olie
2001-03,AUD,0.0029638581965806265,0.0024475073304503396,0.002154657555253016,olie
2001-04,AUD,-0.03584759631475254,0.002046650797782465,0.0021595322579116157,olie
2001-05,AUD,0.0036845834259097154,0.0015619926663088162,0.001931944661668118,olie
2001-06,AUD,0.01771320859907055,0.0020119353463927702,0.0019423770352647942,olie
2001-07,AUD,-0.030380513799836306,0.0025287062826105516,0.0020356955652281418,olie
2001-08,AUD,0.04085976528946145,0.0018139266800401522,0.0018450119807277628,olie
2001-09,AUD,-0.00120937278534472,0.0020712581184382417,0.0020731684328256206,olie
2001-10,AUD,-0.024086483612522525,0.0019511294258893182,0.0020540838908595137,olie
2001-11,AUD,0.005254493853409703,0.0014839247645863276,0.0019029823445971899,olie
2001-12,AUD,-0.006236329965666476,0.0019005435254457585,0.0019222439049926643,olie
2002-01,AUD,0.008186849011332265,0.0020426024765314754,0.001875623482874612,olie
2002-02,AUD,-0.024659281521838383,0.002111978856017932,0.0019114827188317577,olie
2002-03,AUD,-0.01808540184681806,0.0023544350521717177,0.001761365406737576,olie
2002-04,AUD,-0.02695902697468322,0.0017755346915118869,0.0016498667143018703,olie
2002-05,AUD,-0.03291995371469014,0.0014915805528345708,0.0014900404925756966,olie
2002-06,AUD,0.025691338985669554,0.0012821248275574405,0.0012988738580908864,olie
2002-07,AUD,0.022830916936674828,0.0013943328860061288,0.001433638858795741,olie
2002-08,AUD,-0.009572573913074756,0.001563869759086152,0.0015512063207621094,olie
2002-09,AUD,-0.0067447408377605544,0.001498155746105069,0.0014904206364242032,olie
2002-10,AUD,-0.019950093464516483,0.0014533262842374745,0.0014456643240645035,olie
2002-11,AUD,-0.0019664584812556507,0.0012966572554836712,0.001330011579261363,olie
2002-12,AUD,-0.035782504819176775,0.0013950503294456098,0.0013122886219467554,olie
2003-01,AUD,-0.021564495565184583,0.0008073770071106148,0.0011139207425824584,olie
2003-02,AUD,-0.009875884547531633,0.0007724860325156586,0.0009932908686049742,olie
2003-03,AUD,-0.014053172097598654,0.0012945424381013168,0.0009357820039693306,olie
2003-04,AUD,-0.05853369032386163,0.001738697244955051,0.000856892771855815,olie
2003-05,AUD,-0.02807293947476025,0.0006697629868815025,0.0005459473106216922,olie
2003-06,AUD,0.006762157827984672,0.0006073114704980369,0.0003968906086144946,olie
2003-07,AUD,0.013584223063422551,0.0005099438523370386,0.00042987126778221574,olie
2003-08,AUD,-0.017755447703097227,0.0006846782160509125,0.0004976772048731453,olie
2003-09,AUD,-0.046096740553473625,9.642458590080873e-05,0.00040407143611432286,olie
2003-10,AUD,-0.02982980401166324,0.0006915306629399955,0.00016682239535111904,olie
2003-11,AUD,-0.0320027310861738,-0.0001247914861670041,1.4555256229218744e-05,olie
2003-12,AUD,-0.04319608415493109,2.3985640625487603e-05,-0.00014714821014655407,olie
2004-01,AUD,-0.006814336419730338,-0.00017663583272259294,-0.00036347452142687837,olie
2004-02,AUD,0.035868018879442465,-0.00045839651953546957,-0.00039572883091839564,olie
2004-03,AUD,0.007096201579976813,7.744504859610518e-05,-0.00021531217564296851,olie
2004-04,AUD,0.05587155882248557,-0.00019515252138146866,-0.00017911656299138541,olie
2004-05,AUD,0.014534530200425444,0.0005045001632285153,9.699513841490499e-05,olie
2004-06,AUD,-0.031715131693225374,-0.00015824042601897796,0.00016776736911103507,olie
2004-07,AUD,0.006993035490970578,0.000498879429051746,1.224103222158918e-05,olie
2004-08,AUD,0.011734900675443638,0.0007422107349613907,4.612838396308913e-05,olie
2004-09,AUD,-0.04300888985511314,0.00015054538313811328,0.00010259588295574879,olie
2004-10,AUD,-0.048863534432497246,0.0008587744338914742,-0.00010467087540035152,olie
2004-11,AUD,0.003767930944850506,-0.0007452612994830435,-0.0003379668732811979,olie
2004-12,AUD,0.000920598453970245,-0.000525663739387404,-0.00031841497890914216,olie
2005-01,AUD,-0.018574947800792108,-5.740485411491372e-05,-0.00031254287733151475,olie
2005-02,AUD,-0.0046196691796761835,-0.0003815608085879572,-0.00039868629678180056,olie
2005-03,AUD,0.014105045848757908,-0.00027724139971362365,-0.00041850311782825304,olie
2005-04,AUD,0.009779464225648016,-0.00041344680046546874,-0.00035063606658252333,olie
2005-05,AUD,-0.0005365423805562819,-0.00044578007952376003,-0.000303519321037265,olie
2005-06,AUD,0.018835523051049574,-8.51451230723129e-05,-0.0003045981314980012,olie
2005-07,AUD,-0.011882826670414848,-4.808239179932624e-05,-0.00021639480807612299,olie
2005-08,AUD,-0.004884760132650268,2.2872382757432635e-05,-0.0002699105505639153,olie
2005-09,AUD,0.015261675818981635,-0.00034951441055009505,-0.00029098292308485753,olie
2005-10,AUD,0.024488589286894236,-0.00040591528731644464,-0.00022028901971182804,olie
2005-11,AUD,-0.00945633524203554,-0.00018851274718059246,-0.00010848414049641597,olie
2005-12,AUD,-0.011046537168537651,-0.0001120159203858311,-0.00015059157789073637,olie
2006-01,AUD,0.011714366377493846,-5.781989554181732e-05,-0.00019945232044969114,olie
2006-02,AUD,0.020702545288468488,-0.00025346316143267045,-0.000146265629833872,olie
2006-03,AUD,-0.014122358150617798,-1.59120200209497e-05,-5.3604247974750424e-05,olie
2006-04,AUD,-0.035936502648815816,3.866463825845433e-05,-0.00011585537143777276,olie
2006-05,AUD,0.03187520853044895,-0.0002590190465670488,-0.00027365557970816063,olie
2006-06,AUD,-0.01723987621391071,-0.00010016997588114027,-0.0001326517897513312,olie
2006-07,AUD,-0.013642776403786583,-0.0002838068105096072,-0.00020735582653805336,olie
2006-08,AUD,0.010853584591410892,-0.00024587106117543824,-0.00026577069861304694,olie
2006-09,AUD,0.0006791684221372218,8.29954897230227e-05,-0.00021763496142679614,olie
2006-10,AUD,-0.024126991051507174,-7.998924174374927e-05,-0.00021376942960108918,olie
2006-11,AUD,-0.016676144262154163,-0.00032543134085209535,-0.0003164012820556217,olie
2006-12,AUD,0.004077797369551189,-0.00043670567109207727,-0.00038631471359450436,olie
2007-01,AUD,-0.0005479666660266336,-0.00024929757639769606,-0.00036731849196409717,olie
2007-02,AUD,-0.012924760264992646,-0.00041553743982321014,-0.0003680839503287689,olie
2007-03,AUD,-0.04203899027869376,-0.000503844780533064,-0.00042106570693072623,olie
2007-04,AUD,0.002231129298050555,-0.0008156540698862273,-0.0005959309362238482,olie
2007-05,AUD,-0.02026166784346442,-0.0005587780781638593,-0.0005841022323147503,olie
2007-06,AUD,-0.029664097542312362,-0.0007939843484355068,-0.0006660920890278738,olie
2007-07,AUD,0.04545851771839354,-0.0010334024044111605,-0.0007864157631078925,olie
2007-08,AUD,-0.02026870057100233,-0.0004641953907150427,-0.0005953209966554072,olie
2007-09,AUD,-0.06132289414984629,-0.0007171755477062091,-0.0006762814064263822,olie
2007-10,AUD,0.0038608353233068604,-0.0011116716331299424,-0.0009248330979977752,olie
2007-11,AUD,0.027401396178821397,-0.0012340518031546714,-0.0009052997575026543,olie
2007-12,AUD,-0.011840685634957993,-0.0007601190012738383,-0.0007902318878428004,olie
2008-01,AUD,-0.03455892985613965,-0.0008435948367722709,-0.0008349705669809186,olie
2008-02,AUD,-0.00954398361245011,-0.0010021721186256106,-0.0009709542737920425,olie
2008-03,AUD,-0.009542852795570073,-0.0011208355760238696,-0.0010053841104934805,olie
2008-04,AUD,-0.019458244227115194,-0.0011188636120317644,-0.001039533985233787,olie
2008-05,AUD,-0.001995344858896249,-0.0013613462793200797,-0.0011129153009384937,olie
2008-06,AUD,-0.011382781087279872,-0.0012685796061300814,-0.0011164170055335645,olie
2008-07,AUD,0.08736404847979543,-0.001144551828238148,-0.0011569955196906645,olie
2008-08,AUD,0.07626537530200653,-0.0003345917999509472,-0.0008084874724485933,olie
2008-09,AUD,0.1730489346581351,0.0010084754718876375,-0.0005062370301958282,olie
2008-10,AUD,0.041448344076739196,0.007557616507122513,0.00017171285921171488,olie
2008-11,AUD,-0.019232001839631085,0.009442226425517826,0.0003323223192020942,olie
2008-12,AUD,-0.005187117966114929,0.0070455594937383695,0.00025649160540816714,olie
2009-01,AUD,0.037710309671675046,-0.0016269918368368623,0.0002354738078347189,olie
2009-02,AUD,-0.02455928814513708,0.0005100494543901484,0.0003796077919264124,olie
2009-03,AUD,-0.07127135227857406,-0.0011914195964951978,0.0002840564664970504,olie
2009-04,AUD,-0.06621016331788376,-0.0016912033751494877,1.0944219378458368e-05,olie
2009-05,AUD,-0.048098242990256196,-0.0035641671520326287,-0.00024084706403318507,olie
2009-06,AUD,-0.002973681114344595,-0.005404942058302278,-0.000422125078905242,olie
2009-07,AUD,-0.03705949585593338,0.0014717647145663362,-0.0004317535922465226,olie
2009-08,AUD,-0.03173792053620372,-0.0036294533506380793,-0.0005694518714333153,olie
2009-09,AUD,-0.050304502130238946,0.0014282310229316573,-0.0006861877091290847,olie
2009-10,AUD,-0.014245515308397502,-0.0026917466998348186,-0.0008713306733869573,olie
2009-11,AUD,0.019310191052662476,-0.002192849885877881,-0.0009210488318814204,olie
2009-12,AUD,-0.011614321645018688,6.879139620965527e-05,-0.0008461183137905171,olie
2010-01,AUD,0.03002742677512897,-0.0013508918916448885,-0.0008858533814334255,olie
2010-02,AUD,-0.029662429964798703,0.00020995834279722572,-0.0007722016161519458,olie
2010-03,AUD,-0.015075200468582975,-0.0024617560479684077,-0.0008780266284180512,olie
2010-04,AUD,0.06107671493352783,-0.0027009980634828735,-0.0009298411314843465,olie
2010-05,AUD,0.020183538361468994,0.0021015661483968573,-0.0007043627457933931,olie
2010-06,AUD,-0.02849541087906801,-0.00010442482240015003,-0.0006286819446801237,olie
2010-07,AUD,-0.02454765736151676,-0.0008753975151236746,-0.0007292838541905492,olie
2010-08,AUD,-0.04277103835982097,-0.001165663555229833,-0.0008149614567348881,olie
2010-09,AUD,-0.04379841478082541,-0.0010969433529754763,-0.0009653416606886015,olie
2010-10,AUD,-0.007193212274267398,-0.002508877485699142,-0.0011183169218319474,olie
2010-11,AUD,-0.0039635406624555685,-0.0017933350672851996,-0.0011399357665025363,olie
2010-12,AUD,-0.0033814055093041905,-0.002785535264962718,-0.0011499485498215186,olie
2011-01,AUD,-0.01212743502875389,-0.002385058817900376,-0.0011578335567454857,olie
2011-02,AUD,-0.002928555488653086,-0.0028894048340073397,-0.00119645891404129,olie
2011-03,AUD,-0.04583639976186209,-0.0036103327208345396,-0.001202536445882033,olie
2011-04,AUD,-0.008185874658056702,-0.0031628070367013443,-0.0013585989050288168,olie
2011-05,AUD,0.0054292995452638534,0.0007027814791742612,-0.0013823873222867534,olie
2011-06,AUD,-0.01529850644739484,-0.0009046723008510221,-0.0013587356317744247,olie
2011-07,AUD,0.026174491379041875,-0.0019822215635667564,-0.0014069701328665368,olie
2011-08,AUD,0.02724569007571252,0.0004789915932903836,-0.001311861644894439,olie
2011-09,AUD,0.005096850992982845,-0.0016971230488364315,-0.0012137257283287794,olie
2011-10,AUD,0.00547557644683133,-0.00019612198756844114,-0.0011921141642146985,olie
2011-11,AUD,-0.001011736225516844,-0.0013099022467963223,-0.0011693575409688073,olie
2011-12,AUD,-0.028439881953588257,-0.0002559612903195045,-0.0011688214140455015,olie
2012-01,AUD,-0.03002339671414369,-0.001809245249191555,-0.0012612656870609005,olie
2012-02,AUD,0.019343785211890133,-0.0032836497272539004,-0.001358435048638883,olie
2012-03,AUD,0.016908867525719767,-0.0024784684581170956,-0.0012887306033172365,olie
2012-04,AUD,0.03638242952450387,0.0001922543385963248,-0.0012276648377835555,olie
2012-05,AUD,-0.0005989817489656492,0.001332326507236973,-0.0011018785690133635,olie
2012-06,AUD,-0.030930823519745267,0.0031437405341216943,-0.001100202246279871,olie
2012-07,AUD,-0.016826321372111704,-0.0029783718131223664,-0.00119930730034454,olie
2012-08,AUD,0.006577253966304965,-0.0036729624752090966,-0.0012510523800523781,olie
2012-09,AUD,0.010455040630015865,-0.0009613025082847657,-0.0012252163855099448,olie
2012-10,AUD,-0.010350987771069693,-0.0007750785140278836,-0.0011867944874325571,olie
2012-11,AUD,-0.005739046377584149,-0.0004580054258605658,-0.0012168410227887446,olie
2012-12,AUD,-0.003354300838946736,-0.0011848052112281321,-0.0012316194716606248,olie
2013-01,AUD,0.018207858786789332,-0.001882280817085831,-0.0012385337432153027,olie
2013-02,AUD,-0.0033047639289373286,-0.0017059338868493715,-0.001175396105130872,olie
2013-03,AUD,-0.0034195152744392956,0.0006638400530251784,-0.0011822872631367183,olie
2013-04,AUD,0.045453147452410005,0.00042927108056371754,-0.0011895041276893071,olie
2013-05,AUD,0.049441749953919874,-0.0009751862117533823,-0.0010395277560491165,olie
2013-06,AUD,0.03067725224704717,-0.0008259835129746589,-0.0008777287890299852,olie
2013-07,AUD,0.013006686614511903,-0.0018819467264928032,-0.0007769141531319751,olie
2013-08,AUD,-0.029064617484991617,-0.001382457809864819,-0.0007330173354006252,olie
2013-09,AUD,-0.022961392693962683,-0.0007490368199864603,-0.0008229589231771044,olie
2013-10,AUD,0.02072613051711695,-0.00014390506954177474,-0.0008930172578947803,olie
2013-11,AUD,0.03760563877798308,-0.0003613138119920272,-0.0008248180535572039,olie
2013-12,AUD,0.013645696687346151,-0.0012839678777648532,-0.0007039675603762597,olie
2014-01,AUD,-0.013017302214492973,0.00013321585320300304,-0.0006589842868724278,olie
2014-02,AUD,-0.01273442361165053,-0.0007422406896159745,-0.000697604030396242,olie
2014-03,AUD,-0.024567643122522145,-0.00024123041268842276,-0.000735101910711676,olie
2014-04,AUD,0.0011172145282719592,-0.0007341282867032424,-0.0008091160138539446,olie
2014-05,AUD,-0.006441095781021658,-0.0010911282314292076,-0.0008031521422064959,olie
2014-06,AUD,-0.002531765616965956,-0.0012142945743727396,-0.0008205532028201231,olie
2014-07,AUD,0.008507507022239041,0.00053282841336462,-0.0008258184717867254,olie
2014-08,AUD,0.029173704610921183,0.000658745222293445,-0.0007971886389829655,olie
2014-09,AUD,0.02922517332160232,0.0006713710132472986,-0.0007055345311850936,olie
2014-10,AUD,0.01576893763096074,0.0024335324244980933,-0.000614282373097327,olie
2014-11,AUD,0.045785023492161625,0.0022850078791440322,-0.0005644853518083965,olie
2014-12,AUD,0.023662983981721758,0.007005973106884541,-0.0004240322947054571,olie
2015-01,AUD,0.03361927653619795,0.008216461474104883,-0.00035126185278271636,olie
2015-02,AUD,0.009467710019676973,-0.006883033475170929,-0.0002489409540207264,olie
2015-03,AUD,-0.0020876027220543825,0.0011796371949083825,-0.00021976182196758009,olie
2015-04,AUD,-0.019302752254528627,-0.0021994571701285364,-0.00022535415999179223,olie
2015-05,AUD,0.022548253905597088,-0.0026381555013423453,-0.00028230161699040955,olie
2015-06,AUD,0.04074175676958486,0.001266181446902793,-0.00021435353507794668,olie
2015-07,AUD,0.015215847237253277,0.00281975268772984,-9.282205049437755e-05,olie
2015-08,AUD,0.03286512331906849,0.006688208062569375,-4.753012952470993e-05,olie
2015-09,AUD,-0.019747567397348953,-0.0006905311253815832,4.955734377497503e-05,olie
2015-10,AUD,0.007531506389623022,-0.0005156811572477818,-8.669493698918875e-06,olie
2015-11,AUD,-0.014032540554287654,0.0033404405278203457,1.3442459038095613e-05,olie
2015-12,AUD,0.033072645771867804,0.005448144068791702,-2.7627666731862718e-05,olie
2016-01,AUD,-0.017397892860364472,0.008025000796367584,6.887458819116838e-05,olie
2016-02,AUD,-0.050553864540575255,-0.0015752079814243427,1.8099101422111284e-05,olie
2016-03,AUD,-0.021082148821632674,-0.006207327556476087,-0.00012848630043875065,olie
2016-04,AUD,0.046202954061318635,-0.003208087137245298,-0.00018904601870809725,olie
2016-05,AUD,-0.011259639874532434,-0.004089165289077822,-5.535149398179542e-05,olie
2016-06,AUD,-0.017168444386976955,-0.0011213152023033565,-8.754772496038921e-05,olie
2016-07,AUD,-0.013187004281953851,0.0024855109035842146,-0.0001364901222727576,olie
2016-08,AUD,0.004946549411121937,-0.0007755761441126237,-0.00017377730558613215,olie
2016-09,AUD,-0.0031172806083438753,-0.0006247060250620989,-0.00015918948018240546,olie
2016-10,AUD,0.01098121527441892,-0.0022381030145533507,-0.00016759314816013692,olie
2016-11,AUD,0.02499200361657089,0.0035149337130427013,-0.00013601012146727823,olie
2016-12,AUD,-0.016069063598377897,-0.006244299171604294,-6.502703181180334e-05,olie
2017-01,AUD,-0.02632128961324537,-0.000857102113568127,-0.00011010882495705994,olie
2017-02,AUD,0.005502918197230311,-0.0002666482751144401,-0.00018373573728371233,olie
2017-03,AUD,0.011594113128122141,0.002191661211851425,-0.00016780673466602615,olie
2017-04,AUD,0.01294976740277981,-0.0005388406777997501,-0.00013495220990963447,olie
2017-05,AUD,-0.01664830352812191,0.0014210329716057974,-9.850452296620999e-05,olie
2017-06,AUD,-0.03188531166972411,0.0029378229747451575,-0.00014447618686942026,olie
2017-07,AUD,-0.013756456372490261,-0.0017166155028622134,-0.00023240093889948858,olie
2017-08,AUD,-0.007388315634595993,-0.002461152510438919,-0.00026976020805305435,olie
2017-09,AUD,0.023562021419902435,-0.0031321301462959436,-0.00028937055358072076,olie
2017-10,AUD,0.021801117652334473,-0.0009533736510322957,-0.00022384475145576703,olie
2017-11,AUD,-0.00366440596316292,-0.003064207644314665,-0.00016350238870565685,olie
2017-12,AUD,-0.03946854500828634,-0.0009659349976746363,-0.00017306769901838162,olie
2018-01,AUD,0.01123429536983142,-0.002637983601025623,-0.00028013984427524254,olie
2018-02,AUD,0.01382888556214143,0.0018201142913208319,-0.0002488506181499528,olie
2018-03,AUD,0.009729055198119063,-0.0004645016384254065,-0.00021069957159089745,olie
2018-04,AUD,0.02091092427657837,-0.0031496236457747248,-0.00018383536951060026,olie
2018-05,AUD,0.0036055022908869083,-0.0022417357687189807,-0.00012697617908987528,olie
2018-06,AUD,0.01273997488306372,0.001173258193732544,-0.00011694263481574429,olie
2018-07,AUD,0.010603928521139339,0.00011896190629945346,-8.247368704663029e-05,olie
2018-08,AUD,0.01634676234441279,0.0008776803884085842,-5.390041911030417e-05,olie
2018-09,AUD,0.013314441499237328,-0.0027819636344526633,-1.0165318407575915e-05,olie
2018-10,AUD,-0.01895110911869341,-0.0007546000906799826,2.5272465681905212e-05,olie
2018-11,AUD,0.010811695340680882,0.0077718432955695025,-2.506276398487281e-05,olie
2018-12,AUD,0.0025059978030815278,0.004285921990868131,3.6059082496926792e-06,olie
2019-01,AUD,0.002071651274900943,-0.0010930555564481984,1.0208525386452139e-05,olie
2019-02,AUD,0.007606761877015311,-0.0024100614572276358,1.5633374727279745e-05,olie
2019-03,AUD,-0.004044997176985254,-0.0009954155835678275,3.555759651806198e-05,olie
2019-04,AUD,0.023611524838022646,-0.0023891421246259523,2.4875515959152774e-05,olie
2019-05,AUD,-0.00013890818191519827,0.0001616566802154612,8.64594567478303e-05,olie
2019-06,AUD,-0.004594828468283685,0.003714002056116633,8.587256185547882e-05,olie
2019-07,AUD,0.029495796096391913,0.00033599934534610986,7.371489684213034e-05,olie
2019-08,AUD,-0.005843598880523881,0.002897854749678034,0.0001499379051311194,olie
2019-09,AUD,0.0024503143215436896,-0.0018215453745662668,0.00013445072997438813,olie
2019-10,AUD,-0.004223727241136566,0.0019216364257733545,0.00014041945057121624,olie
2019-11,AUD,-0.008776797975559636,-0.0016424833761293674,0.00012920056447428106,olie
2019-12,AUD,0.00522050917755118,-0.0018614513413399694,0.0001063646707818864,olie
2020-01,AUD,0.027702602549335764,0.0020624346566635618,0.0001194443242518846,olie
2020-02,AUD,0.06925051300242041,0.004763242297967731,0.00018980952380566986,olie
2020-03,AUD,-0.014972871733051563,0.02048437014618192,0.00036553650466728514,olie
2020-04,AUD,-0.03200324425182338,0.017220762919931513,0.0003266065345207907,olie
2020-05,AUD,-0.05692075576746358,-0.010536405940890937,0.00024475881101105863,olie
2020-06,AUD,-0.02020974706746753,-0.008861704049487782,0.00010040145096440551,olie
2020-07,AUD,-0.022928945253485933,-0.0019866455775666906,4.9242386686239426e-05,olie
2020-08,AUD,-0.002885380347067368,-0.0009607083123514598,-8.491753113188146e-06,olie
2020-09,AUD,0.014344361280445306,0.002716008610453121,-1.57020002158302e-05,olie
2020-10,AUD,-0.02072165660950548,0.0006131728528017846,2.0198157985822363e-05,olie
2020-11,AUD,-0.03536917946277274,-0.0017813317830816509,-3.152716562388163e-05,olie
2020-12,AUD,-0.025478113453464013,-0.004861118276843276,-0.00011943177332823202,olie
2021-01,AUD,-0.0034828408721154225,-0.002957294403186769,-0.00018235654176529352,olie
2021-02,AUD,0.005566737740166805,-0.004120996332053354,-0.00019052605743447699,olie
2021-03,AUD,0.0011558467863592714,-0.0016010521549967897,-0.00017631059126756025,olie
2021-04,AUD,-0.00796385699001273,0.00020762335512775694,-0.00017302941546059762,olie
2021-05,AUD,0.01555912155143846,-0.0018210834741205339,-0.0001921714979533547,olie
2021-06,AUD,0.030039522975800093,-0.002059985810659448,-0.00015356538753817853,olie
2021-07,AUD,0.015309049999681357,-0.0007964332263192187,-7.974365559847617e-05,olie
2021-08,AUD,-0.0010962108745641297,0.001883169972981803,-4.221001253681804e-05,olie
2021-09,AUD,-0.013545554577650998,-0.0014941661416838152,-4.477449151985286e-05,olie
2021-10,AUD,0.014276495330902195,-0.0034357557028404234,-7.754337522405467e-05,olie
2021-11,AUD,0.020968160301449434,0.0009638911832041575,-4.278783356273203e-05,olie
2021-12,AUD,-0.0034403703658674734,0.0027630738443279916,7.963248888988178e-06,olie
2022-01,AUD,0.0015066186442102558,-0.004475473415091915,-3.4598873693100606e-07,olie
2022-02,AUD,-0.028209795004289884,-0.0033040386292490266,3.2765223999610698e-06,olie
2022-03,AUD,0.001400096024741837,-0.0056255957673954984,-6.438072346740067e-05,olie
2022-04,AUD,0.04485508776844077,0.0034862826558757763,-6.087719057694795e-05,olie
2022-05,AUD,0.0022505108310099664,-0.0023221336322641587,4.632081648514685e-05,olie
2022-06,AUD,0.024358443832040333,-0.002273738964116512,5.156888794830118e-05,olie
2022-07,AUD,-0.015197860909431316,0.003048416436093737,0.00010930493294614449,olie
2022-08,AUD,0.04251900846189649,0.0034540639097799877,7.303202810638747e-05,olie
2022-09,AUD,0.04621370394367408,0.0037965659564404074,0.00017337712605860992,olie
2022-10,AUD,-0.03487067495873586,-0.0008563703044543998,0.00028196280251525035,olie
2022-11,AUD,-0.02281619989140321,0.0009956918424049869,0.0001992507136652477,olie
2022-12,AUD,-0.030210880646361626,0.004219816080472995,0.00014522383431062692,olie
2023-01,AUD,0.008932030995085438,-0.0004247130185754246,7.413225473059823e-05,olie
2023-02,AUD,0.03201792862981673,0.00016985255398385647,9.482827982488524e-05,olie
2023-03,AUD,-0.0018041500333201843,0.0018998073524492335,0.00016924110115353755,olie
2023-04,AUD,0.006732236725105201,-0.002117495429051082,0.0001646518194454591,olie
2023-05,AUD,-0.010484586343655677,0.0038645199309724574,0.0001798898354678715,olie
2023-06,AUD,-0.0043057117112119125,0.0005130996523903639,0.00015520354801619644,olie
2023-07,AUD,0.03874864921357113,-0.0018497817860386213,0.0001449012033066627,olie
2023-08,AUD,0.009424897085236639,-0.0018566002491061733,0.00023384993144091263,olie
2023-09,AUD,0.012197220086930749,-0.002163771089008271,0.0002549787754726269,olie
2023-10,AUD,-0.025000498763794732,0.0013983579464248302,0.00028236923719615473,olie
2023-11,AUD,-0.028048164576495394,0.0029351147955098728,0.00022451370401310923,olie
2023-12,AUD,0.008530541567069505,0.00216493707586136,0.00015996421022199394,olie
2024-01,AUD,0.01736771501823503,-0.0006397692960672031,0.00017903158461116822,olie
2024-02,AUD,-0.0054934413213771904,-0.0008694050332728891,0.00021809677423304083,olie
2024-03,AUD,0.007773498333380369,-0.00035577660734653686,0.00020514544068290423,olie
2024-04,AUD,-0.018122623364191404,-0.0011669100096660429,0.00022226841102837363,olie
2024-05,AUD,-0.002388219259040203,0.003052226864524804,0.0001808578201136563,olie
2024-06,AUD,-0.004660150900904936,9.537391685882768e-05,0.00017507161047592237,olie
2024-07,AUD,0.0022662143938697588,-0.0007397103086498413,0.00016420594191102157,olie
2024-08,AUD,-0.016716847277525926,0.0019377538768722829,0.00016891896534590662,olie
2024-09,AUD,0.010371860220202977,0.002574104744840068,0.00013114320193903452,olie
2024-10,AUD,0.02605622875189334,-0.00037574331253220107,0.0001540019452833735,olie
2024-11,AUD,0.0301562697700416,0.0007898573728916925,0.00021169064641168078,olie
2024-12,AUD,0.016396384538418463,0.0005570701875804907,0.0002782341555753028,olie
2025-01,AUD,-0.011216007800701477,-0.001633694318760958,0.00031397284822018786,olie
1997-06,AUD,0.016307961654440373,5.066700015235264e-05,-0.000411401838826105,momentum
1997-07,AUD,0.002149502365628053,0.0004063362777039387,-0.0002732252810305143,momentum
1997-08,AUD,0.023633805329871138,0.00038014566109812506,-0.0002533668576972473,momentum
1997-09,AUD,0.004761226711945676,0.001137690340701089,-5.916220576579704e-05,momentum
1997-10,AUD,0.034448361485835244,0.0012658032344430384,-2.0288101590704514e-05,momentum
1997-11,AUD,0.04924698016990814,0.0027496460659507467,0.0002554610951087031,momentum
1997-12,AUD,0.008042762056859998,0.0057476465077869405,0.0006442826750674288,momentum
1998-01,AUD,-0.026749881618584603,0.0054523307526154734,0.0007025384182311497,momentum
1998-02,AUD,0.0071232073250241945,0.003187231698062926,0.0004880663866935267,momentum
1998-03,AUD,0.026171200270212747,0.003960069835645917,0.0005395015877658574,momentum
1998-04,AUD,0.03291606950918308,0.005222981247171211,0.0007366685007077566,momentum
1998-05,AUD,0.0430539272026394,0.007300443299391778,0.0009823127832152018,momentum
1998-06,AUD,-0.02194397517787411,0.009816329126502096,0.0013010371348775064,momentum
1998-07,AUD,0.04843400998328379,0.006818550005703209,0.001126262606210201,momentum
1998-08,AUD,-0.0001766524367908806,0.010251347777248036,0.0014793054970838845,momentum
1998-09,AUD,-0.048071972098719606,0.008819111627244657,0.0014670391420181454,momentum
1998-10,AUD,-0.027119244545846022,0.004965648238402777,0.0011027817064244855,momentum
1998-11,AUD,0.02662480695851721,0.0027861176600757487,0.000896781514802073,momentum
1998-12,AUD,-0.022064084541269402,0.0025875851605197957,0.0010832164817855161,momentum
1999-01,AUD,-0.012464390305682027,0.001662482926992055,0.0009166891362959123,momentum
1999-02,AUD,0.014358569429926527,0.001855549459242589,0.0008211099974246413,momentum
1999-03,AUD,-0.017627488791192025,0.0021280996013587957,0.0009171203480097611,momentum
1999-04,AUD,-0.03183154217879702,0.0010132240974681489,0.0007865245090012977,momentum
1999-05,AUD,0.009826954596116044,-0.0005686700864173192,0.0005584261405551557,momentum
1999-06,AUD,0.00013125082050602366,-0.0011474403946250865,0.000622790921496551,momentum
1999-07,AUD,0.017820450774470364,-0.0006831709809716526,0.0006194009897655818,momentum
1999-08,AUD,-0.007570646660694347,-0.0010828437299751224,0.0007372163992498611,momentum
1999-09,AUD,-0.002145714272976773,-0.001320990391988941,0.0006807003240121455,momentum
1999-10,AUD,0.018764454234123373,-0.0004218888984377511,0.0006616029280865446,momentum
1999-11,AUD,-0.0033914606175339257,0.0006247962563813838,0.000783098574435785,momentum
1999-12,AUD,-0.02314903175349864,2.7016642092267742e-05,0.0007552681798226536,momentum
2000-01,AUD,0.04395536430088748,-0.00017561103891076783,0.0005969615577476782,momentum
2000-02,AUD,0.029749557789498338,0.0012038437735584443,0.000882214207373598,momentum
2000-03,AUD,0.022237199405561014,0.0016859879671287416,0.0010708896556227794,momentum
2000-04,AUD,0.02994235661507849,0.0026065093075618682,0.001208333225427573,momentum
2000-05,AUD,-0.028096513702114856,0.004190771972224776,0.001393714021489837,momentum
2000-06,AUD,0.013354804640442808,0.002861011503534684,0.0012046741001846787,momentum
2000-07,AUD,0.010626596174795888,0.0032440390038648613,0.001282063466683138,momentum
2000-08,AUD,0.0506745642750166,0.0032222938419792313,0.0013412060787598012,momentum
2000-09,AUD,0.044593375542818725,0.005203689842216612,0.0016514787718180197,momentum
2000-10,AUD,0.011810230967277513,0.007474177526498808,0.0019198656266367741,momentum
2000-11,AUD,-0.04640572054970571,0.007439029443004069,0.001981296467261872,momentum
2000-12,AUD,-0.015589596031844843,0.004754673826924773,0.001682611177033677,momentum
2001-01,AUD,0.03930185234761363,0.004439685013480219,0.0015766467156295143,momentum
2001-02,AUD,0.059223229621523155,0.005151267828223357,0.001806678457287954,momentum
2001-03,AUD,0.0029638581965806265,0.0071496651939417935,0.002154657555253016,momentum
2001-04,AUD,-0.03584759631475254,0.0065089152154649355,0.0021595322579116157,momentum
2001-05,AUD,0.0036845834259097154,0.004046943675802264,0.001931944661668118,momentum
2001-06,AUD,0.01771320859907055,0.004763577773351126,0.0019423770352647942,momentum
2001-07,AUD,-0.030380513799836306,0.005073776755597406,0.0020356955652281418,momentum
2001-08,AUD,0.04085976528946145,0.0036389024560606904,0.0018450119807277628,momentum
2001-09,AUD,-0.00120937278534472,0.0038092396987986854,0.0020731684328256206,momentum
2001-10,AUD,-0.024086483612522525,0.002725498225752142,0.0020540838908595137,momentum
2001-11,AUD,0.005254493853409703,0.0017617370045991333,0.0019029823445971899,momentum
2001-12,AUD,-0.006236329965666476,0.0029234501613023883,0.0019222439049926643,momentum
2002-01,AUD,0.008186849011332265,0.0030633413896744123,0.001875623482874612,momentum
2002-02,AUD,-0.024659281521838383,0.0024172508959404756,0.0019114827188317577,momentum
2002-03,AUD,-0.01808540184681806,0.0004422947503933117,0.001761365406737576,momentum
2002-04,AUD,-0.02695902697468322,-0.00017560193029391683,0.0016498667143018703,momentum
2002-05,AUD,-0.03291995371469014,-0.00022726475589242485,0.0014900404925756966,momentum
2002-06,AUD,0.025691338985669554,-0.0014397206909050092,0.0012988738580908864,momentum
2002-07,AUD,0.022830916936674828,-0.0009036778425395653,0.001433638858795741,momentum
2002-08,AUD,-0.009572573913074756,0.0005387147137351124,0.0015512063207621094,momentum
2002-09,AUD,-0.0067447408377605544,-0.0006485080446371313,0.0014904206364242032,momentum
2002-10,AUD,-0.019950093464516483,-0.0008413506644904844,0.0014456643240645035,momentum
2002-11,AUD,-0.0019664584812556507,-0.0009668372030011601,0.001330011579261363,momentum
2002-12,AUD,-0.035782504819176775,-0.0011497373938572856,0.0013122886219467554,momentum
2003-01,AUD,-0.021564495565184583,-0.0023265769769764966,0.0011139207425824584,momentum
2003-02,AUD,-0.009875884547531633,-0.003449253375336468,0.0009932908686049742,momentum
2003-03,AUD,-0.014053172097598654,-0.003166276769433568,0.0009357820039693306,momentum
2003-04,AUD,-0.05853369032386163,-0.00324121747670569,0.000856892771855815,momentum
2003-05,AUD,-0.02807293947476025,-0.005223275696467806,0.0005459473106216922,momentum
2003-06,AUD,0.006762157827984672,-0.005550667107814703,0.0003968906086144946,momentum
2003-07,AUD,0.013584223063422551,-0.005953447189811979,0.00042987126778221574,momentum
2003-08,AUD,-0.017755447703097227,-0.005792453766216929,0.0004976772048731453,momentum
2003-09,AUD,-0.046096740553473625,-0.006368803962248401,0.00040407143611432286,momentum
2003-10,AUD,-0.02982980401166324,-0.008901558484543408,0.00016682239535111904,momentum
2003-11,AUD,-0.0320027310861738,-0.01001325848539555,1.4555256229218744e-05,momentum
2003-12,AUD,-0.04319608415493109,-0.012087035421851414,-0.00014714821014655407,momentum
2004-01,AUD,-0.006814336419730338,-0.013718942458529334,-0.00036347452142687837,momentum
2004-02,AUD,0.035868018879442465,-0.012746956481993464,-0.00039572883091839564,momentum
2004-03,AUD,0.007096201579976813,-0.009118749035985967,-0.00021531217564296851,momentum
2004-04,AUD,0.05587155882248557,-0.007872545588541021,-0.00017911656299138541,momentum
2004-05,AUD,0.014534530200425444,-0.0026362258739849598,9.699513841490499e-05,momentum
2004-06,AUD,-0.031715131693225374,-0.0010869462720363395,0.00016776736911103507,momentum
2004-07,AUD,0.006993035490970578,-0.002553959794189794,1.224103222158918e-05,momentum
2004-08,AUD,0.011734900675443638,-0.002704634621808399,4.612838396308913e-05,momentum
2004-09,AUD,-0.04300888985511314,-0.0016219130067925357,0.00010259588295574879,momentum
2004-10,AUD,-0.048863534432497246,-0.0017643557752940909,-0.00010467087540035152,momentum
2004-11,AUD,0.003767930944850506,-0.0027008827142175696,-0.0003379668732811979,momentum
2004-12,AUD,0.000920598453970245,-0.0014176184091276407,-0.00031841497890914216,momentum
2005-01,AUD,-0.018574947800792108,0.00012225832319332457,-0.00031254287733151475,momentum
2005-02,AUD,-0.0046196691796761835,-0.00037329032642409974,-0.00039868629678180056,momentum
2005-03,AUD,0.014105045848757908,-0.0017912680465473664,-0.00041850311782825304,momentum
2005-04,AUD,0.009779464225648016,-0.0014662458330723714,-0.00035063606658252333,momentum
2005-05,AUD,-0.0005365423805562819,-0.0029809680103409873,-0.000303519321037265,momentum
2005-06,AUD,0.018835523051049574,-0.0034761176324489057,-0.0003045981314980012,momentum
2005-07,AUD,-0.011882826670414848,-0.001616285338986416,-0.00021639480807612299,momentum
2005-08,AUD,-0.004884760132650268,-0.002300225967231007,-0.0002699105505639153,momentum
2005-09,AUD,0.015261675818981635,-0.0028711099802207407,-0.00029098292308485753,momentum
2005-10,AUD,0.024488589286894236,-0.0008316001989212127,-0.00022028901971182804,momentum
2005-11,AUD,-0.00945633524203554,0.0016789109747084527,-0.00010848414049641597,momentum
2005-12,AUD,-0.011046537168537651,0.001186902389258214,-0.00015059157789073637,momentum
2006-01,AUD,0.011714366377493846,0.0007386376021392325,-0.00019945232044969114,momentum
2006-02,AUD,0.020702545288468488,0.0017692814582071076,-0.000146265629833872,momentum
2006-03,AUD,-0.014122358150617798,0.002710438987667167,-5.3604247974750424e-05,momentum
2006-04,AUD,-0.035936502648815816,0.0016785157859009901,-0.00011585537143777276,momentum
2006-05,AUD,0.03187520853044895,3.4085177332831534e-05,-0.00027365557970816063,momentum
2006-06,AUD,-0.01723987621391071,0.0011932507605005166,-0.0001326517897513312,momentum
2006-07,AUD,-0.013642776403786583,-2.2497118164991462e-05,-0.00020735582653805336,momentum
2006-08,AUD,0.010853584591410892,-0.00013657673353533373,-0.00026577069861304694,momentum
2006-09,AUD,0.0006791684221372218,0.000400190582352105,-0.00021763496142679614,momentum
2006-10,AUD,-0.024126991051507174,-5.17862935933041e-05,-0.00021376942960108918,momentum
2006-11,AUD,-0.016676144262154163,-0.0016638239546310292,-0.0003164012820556217,momentum
2006-12,AUD,0.004077797369551189,-0.0019656514195017733,-0.00038631471359450436,momentum
2007-01,AUD,-0.0005479666660266336,-0.0014621230940948958,-0.00036731849196409717,momentum
2007-02,AUD,-0.012924760264992646,-0.0018398634635097483,-0.0003680839503287689,momentum
2007-03,AUD,-0.04203899027869376,-0.002951911507569347,-0.00042106570693072623,momentum
2007-04,AUD,0.002231129298050555,-0.004132996325642665,-0.0005959309362238482,momentum
2007-05,AUD,-0.02026166784346442,-0.002839420202231189,-0.0005841022323147503,momentum
2007-06,AUD,-0.029664097542312362,-0.004661410153373876,-0.0006660920890278738,momentum
2007-07,AUD,0.04545851771839354,-0.005339002528414827,-0.0007864157631078925,momentum
2007-08,AUD,-0.02026870057100233,-0.0029096691499814952,-0.0005953209966554072,momentum
2007-09,AUD,-0.06132289414984629,-0.004012017749973441,-0.0006762814064263822,momentum
2007-10,AUD,0.0038608353233068604,-0.006625405507024607,-0.0009248330979977752,momentum
2007-11,AUD,0.027401396178821397,-0.005526960877361207,-0.0009052997575026543,momentum
2007-12,AUD,-0.011840685634957993,-0.0037452615263024675,-0.0007902318878428004,momentum
2008-01,AUD,-0.03455892985613965,-0.004316836508015994,-0.0008349705669809186,momentum
2008-02,AUD,-0.00954398361245011,-0.005713762008787892,-0.0009709542737920425,momentum
2008-03,AUD,-0.009542852795570073,-0.005645334549663267,-0.0010053841104934805,momentum
2008-04,AUD,-0.019458244227115194,-0.004590011213198,-0.001039533985233787,momentum
2008-05,AUD,-0.001995344858896249,-0.005458706461677232,-0.0011129153009384937,momentum
2008-06,AUD,-0.011382781087279872,-0.004798084056994282,-0.0011164170055335645,momentum
2008-07,AUD,0.08736404847979543,-0.004221566919390912,-0.0011569955196906645,momentum
2008-08,AUD,0.07626537530200653,-0.002270630229040521,-0.0008084874724485933,momentum
2008-09,AUD,0.1730489346581351,0.0010042501649299848,-0.0005062370301958282,momentum
2008-10,AUD,0.041448344076739196,0.009654034392236735,0.00017171285921171488,momentum
2008-11,AUD,-0.019232001839631085,0.012096215097220165,0.0003323223192020942,momentum
2008-12,AUD,-0.005187117966114929,0.00929427641585927,0.00025649160540816714,momentum
2009-01,AUD,0.037710309671675046,0.009078961076097708,0.0002354738078347189,momentum
2009-02,AUD,-0.02455928814513708,0.012419759061728127,0.0003796077919264124,momentum
2009-03,AUD,-0.07127135227857406,0.010370365928489262,0.0002840564664970504,momentum
2009-04,AUD,-0.06621016331788376,0.005899570215427567,1.0944219378458368e-05,momentum
2009-05,AUD,-0.048098242990256196,0.00328567051909337,-0.00024084706403318507,momentum
2009-06,AUD,-0.002973681114344595,0.0017580012131033424,-0.000422125078905242,momentum
2009-07,AUD,-0.03705949585593338,0.0017991498229050955,-0.0004317535922465226,momentum
2009-08,AUD,-0.03173792053620372,1.77458621459782e-05,-0.0005694518714333153,momentum
2009-09,AUD,-0.050304502130238946,-0.0011607883027796688,-0.0006861877091290847,momentum
2009-10,AUD,-0.014245515308397502,-0.0036664495799712685,-0.0008713306733869573,momentum
2009-11,AUD,0.019310191052662476,-0.004547961242781984,-0.0009210488318814204,momentum
2009-12,AUD,-0.011614321645018688,-0.00340538150109983,-0.0008461183137905171,momentum
2010-01,AUD,0.03002742677512897,-0.0036817263955298946,-0.0008858533814334255,momentum
2010-02,AUD,-0.029662429964798703,-0.0028414560893967496,-0.0007722016161519458,momentum
2010-03,AUD,-0.015075200468582975,-0.0036106431143896915,-0.0008780266284180512,momentum
2010-04,AUD,0.06107671493352783,-0.0033654390818013587,-0.0009298411314843465,momentum
2010-05,AUD,0.020183538361468994,-0.001403324698712283,-0.0007043627457933931,momentum
2010-06,AUD,-0.02849541087906801,-0.0008904693711830544,-0.0006286819446801237,momentum
2010-07,AUD,-0.02454765736151676,-0.001150145026166552,-0.0007292838541905492,momentum
2010-08,AUD,-0.04277103835982097,-0.0011913765692138927,-0.0008149614567348881,momentum
2010-09,AUD,-0.04379841478082541,-0.0014541219306261667,-0.0009653416606886015,momentum
2010-10,AUD,-0.007193212274267398,-0.0016127972300946126,-0.0011183169218319474,momentum
2010-11,AUD,-0.0039635406624555685,-0.001585501819473005,-0.0011399357665025363,momentum
2010-12,AUD,-0.0033814055093041905,-0.0017724213623727361,-0.0011499485498215186,momentum
2011-01,AUD,-0.01212743502875389,-0.0017180957745332403,-0.0011578335567454857,momentum
2011-02,AUD,-0.002928555488653086,-0.0020975481673913875,-0.00119645891404129,momentum
2011-03,AUD,-0.04583639976186209,-0.00189394824846991,-0.001202536445882033,momentum
2011-04,AUD,-0.008185874658056702,-0.0024016291951449126,-0.0013585989050288168,momentum
2011-05,AUD,0.0054292995452638534,-0.003061482527150474,-0.0013823873222867534,momentum
2011-06,AUD,-0.01529850644739484,-0.0030860115086687205,-0.0013587356317744247,momentum
2011-07,AUD,0.026174491379041875,-0.003126519860484678,-0.0014069701328665368,momentum
2011-08,AUD,0.02724569007571252,-0.00238214687822286,-0.001311861644894439,momentum
2011-09,AUD,0.005096850992982845,-0.001667941405012592,-0.0012137257283287794,momentum
2011-10,AUD,0.00547557644683133,-0.001306463385866711,-0.0011921141642146985,momentum
2011-11,AUD,-0.001011736225516844,-0.0011973507386006468,-0.0011693575409688073,momentum
2011-12,AUD,-0.028439881953588257,-0.00117679559450046,-0.0011688214140455015,momentum
2012-01,AUD,-0.03002339671414369,-0.0014385439985021339,-0.0012612656870609005,momentum
2012-02,AUD,0.019343785211890133,-0.0016638666662917721,-0.001358435048638883,momentum
2012-03,AUD,0.016908867525719767,-0.0014339402798183476,-0.0012887306033172365,momentum
2012-04,AUD,0.03638242952450387,-0.0009548827515112184,-0.0012276648377835555,momentum
2012-05,AUD,-0.0005989817489656492,-0.0005037085500814141,-0.0011018785690133635,momentum
2012-06,AUD,-0.030930823519745267,-0.0005462918277831384,-0.001100202246279871,momentum
2012-07,AUD,-0.016826321372111704,-0.0007924801420447431,-0.00119930730034454,momentum
2012-08,AUD,0.006577253966304965,-0.0011262750083880103,-0.0012510523800523781,momentum
2012-09,AUD,0.010455040630015865,-0.0012285069562088518,-0.0012252163855099448,momentum
2012-10,AUD,-0.010350987771069693,-0.0011567954660318704,-0.0011867944874325571,momentum
2012-11,AUD,-0.005739046377584149,-0.001285118769341713,-0.0012168410227887446,momentum
2012-12,AUD,-0.003354300838946736,-0.0013291659893588622,-0.0012316194716606248,momentum
2013-01,AUD,0.018207858786789332,-0.0011798658730252836,-0.0012385337432153027,momentum
2013-02,AUD,-0.0033047639289373286,-0.0008144705337647538,-0.001175396105130872,momentum
2013-03,AUD,-0.0034195152744392956,-0.0009655402718991343,-0.0011822872631367183,momentum
2013-04,AUD,0.045453147452410005,-0.0011003619611892985,-0.0011895041276893071,momentum
2013-05,AUD,0.049441749953919874,-0.0008906762598384797,-0.0010395277560491165,momentum
2013-06,AUD,0.03067725224704717,-0.00039047438987716314,-0.0008777287890299852,momentum
2013-07,AUD,0.013006686614511903,0.0001902450855468048,-0.0007769141531319751,momentum
2013-08,AUD,-0.029064617484991617,0.0005115939004374096,-0.0007330173354006252,momentum
2013-09,AUD,-0.022961392693962683,2.8676398185881235e-06,-0.0008229589231771044,momentum
2013-10,AUD,0.02072613051711695,-0.0003495955798244258,-0.0008930172578947803,momentum
2013-11,AUD,0.03760563877798308,-4.637802250585961e-05,-0.0008248180535572039,momentum
2013-12,AUD,0.013645696687346151,0.0005241489326430269,-0.0007039675603762597,momentum
2014-01,AUD,-0.013017302214492973,0.0007826574397695142,-0.0006589842868724278,momentum
2014-02,AUD,-0.01273442361165053,0.00040714437460052846,-0.000697604030396242,momentum
2014-03,AUD,-0.024567643122522145,0.00023326608399565634,-0.000735101910711676,momentum
2014-04,AUD,0.0011172145282719592,-8.369941011855859e-05,-0.0008091160138539446,momentum
2014-05,AUD,-0.006441095781021658,-0.0003431832653997221,-0.0008031521422064959,momentum
2014-06,AUD,-0.002531765616965956,-0.0007008231354515099,-0.0008205532028201231,momentum
2014-07,AUD,0.008507507022239041,-0.0009029793840817633,-0.0008258184717867254,momentum
2014-08,AUD,0.029173704610921183,-0.0009002335741447456,-0.0007971886389829655,momentum
2014-09,AUD,0.02922517332160232,-0.0004703298900763148,-0.0007055345311850936,momentum
2014-10,AUD,0.01576893763096074,-5.364551675221459e-05,-0.000614282373097327,momentum
2014-11,AUD,0.045785023492161625,-6.72611779387012e-06,-0.0005644853518083965,momentum
2014-12,AUD,0.023662983981721758,0.0002695981487889766,-0.0004240322947054571,momentum
2015-01,AUD,0.03361927653619795,0.0004653755928372475,-0.00035126185278271636,momentum
2015-02,AUD,0.009467710019676973,0.001044558340039208,-0.0002489409540207264,momentum
2015-03,AUD,-0.0020876027220543825,0.0013082222000976185,-0.00021976182196758009,momentum
2015-04,AUD,-0.019302752254528627,0.0014710159965781971,-0.00022535415999179223,momentum
2015-05,AUD,0.022548253905597088,0.0010777152887909954,-0.00028230161699040955,momentum
2015-06,AUD,0.04074175676958486,0.0015319089248681766,-0.00021435353507794668,momentum
2015-07,AUD,0.015215847237253277,0.0024391880094966865,-9.282205049437755e-05,momentum
2015-08,AUD,0.03286512331906849,0.0027130253079088685,-4.753012952470993e-05,momentum
2015-09,AUD,-0.019747567397348953,0.0032451476497540946,4.955734377497503e-05,momentum
2015-10,AUD,0.007531506389623022,0.0023156482034226516,-8.669493698918875e-06,momentum
2015-11,AUD,-0.014032540554287654,0.0022800678218513754,1.3442459038095613e-05,momentum
2015-12,AUD,0.033072645771867804,0.0014522096155860067,-2.7627666731862718e-05,momentum
2016-01,AUD,-0.017397892860364472,0.001772111561406431,6.887458819116838e-05,momentum
2016-02,AUD,-0.050553864540575255,0.0010629151064742433,1.8099101422111284e-05,momentum
2016-03,AUD,-0.021082148821632674,0.00020732461348424853,-0.00012848630043875065,momentum
2016-04,AUD,0.046202954061318635,-5.125118229997271e-05,-0.00018904601870809725,momentum
2016-05,AUD,-0.011259639874532434,0.0007558701461392108,-5.535149398179542e-05,momentum
2016-06,AUD,-0.017168444386976955,0.00036588598707253627,-8.754772496038921e-05,momentum
2016-07,AUD,-0.013187004281953851,-0.0002654480108911983,-0.0001364901222727576,momentum
2016-08,AUD,0.004946549411121937,-0.0005852811358775433,-0.00017377730558613215,momentum
2016-09,AUD,-0.0031172806083438753,-0.0008440101176471163,-0.00015918948018240546,momentum
2016-10,AUD,0.01098121527441892,-0.000687483729851457,-0.00016759314816013692,momentum
2016-11,AUD,0.02499200361657089,-0.0006142120300043053,-0.00013601012146727823,momentum
2016-12,AUD,-0.016069063598377897,-0.00015669977670216493,-6.502703181180334e-05,momentum
2017-01,AUD,-0.02632128961324537,-0.000673071689039375,-0.00011010882495705994,momentum
2017-02,AUD,0.005502918197230311,-0.0008509845487916457,-0.00018373573728371233,momentum
2017-03,AUD,0.011594113128122141,-0.000277793357439951,-0.00016780673466602615,momentum
2017-04,AUD,0.01294976740277981,7.518797005734497e-05,-0.00013495220990963447,momentum
2017-05,AUD,-0.01664830352812191,-0.00021476621568957462,-9.850452296620999e-05,momentum
2017-06,AUD,-0.03188531166972411,-0.0003140712755793525,-0.00014447618686942026,momentum
2017-07,AUD,-0.013756456372490261,-0.0005502645768629505,-0.00023240093889948858,momentum
2017-08,AUD,-0.007388315634595993,-0.0005951424746333896,-0.00026976020805305435,momentum
2017-09,AUD,0.023562021419902435,-0.0007399547364804167,-0.00028937055358072076,momentum
2017-10,AUD,0.021801117652334473,-0.0003996665576341199,-0.00022384475145576703,momentum
2017-11,AUD,-0.00366440596316292,-0.00023126467718100454,-0.00016350238870565685,momentum
2017-12,AUD,-0.03946854500828634,-0.0005220379657394454,-0.00017306769901838162,momentum
2018-01,AUD,0.01123429536983142,-0.0008741442130683356,-0.00028013984427524254,momentum
2018-02,AUD,0.01382888556214143,-0.0004591411090602182,-0.0002488506181499528,momentum
2018-03,AUD,0.009729055198119063,-0.00033678999283629765,-0.00021069957159089745,momentum
2018-04,AUD,0.02091092427657837,-0.00032766213802532505,-0.00018383536951060026,momentum
2018-05,AUD,0.0036055022908869083,-0.00019145911235560707,-0.00012697617908987528,momentum
2018-06,AUD,0.01273997488306372,1.726946126269541e-05,-0.00011694263481574429,momentum
2018-07,AUD,0.010603928521139339,0.0004907330913537975,-8.247368704663029e-05,momentum
2018-08,AUD,0.01634676234441279,0.0007670314043033209,-5.390041911030417e-05,momentum
2018-09,AUD,0.013314441499237328,0.0010718725018510906,-1.0165318407575915e-05,momentum
2018-10,AUD,-0.01895110911869341,0.0010244047214509194,2.5272465681905212e-05,momentum
2018-11,AUD,0.010811695340680882,0.0005243804409845483,-2.506276398487281e-05,momentum
2018-12,AUD,0.0025059978030815278,0.0007052501251282899,3.6059082496926792e-06,momentum
2019-01,AUD,0.002071651274900943,0.0011407782896067913,1.0208525386452139e-05,momentum
2019-02,AUD,0.007606761877015311,0.001051613762728815,1.5633374727279745e-05,momentum
2019-03,AUD,-0.004044997176985254,0.0010174361992311572,3.555759651806198e-05,momentum
2019-04,AUD,0.023611524838022646,0.0008537068301592785,2.4875515959152774e-05,momentum
2019-05,AUD,-0.00013890818191519827,0.0009708162043996842,8.64594567478303e-05,momentum
2019-06,AUD,-0.004594828468283685,0.0009266568396404573,8.587256185547882e-05,momentum
2019-07,AUD,0.029495796096391913,0.0007229240011643223,7.371489684213034e-05,momentum
2019-08,AUD,-0.005843598880523881,0.001024369170541098,0.0001499379051311194,momentum
2019-09,AUD,0.0024503143215436896,0.0007588862568551247,0.00013445072997438813,momentum
2019-10,AUD,-0.004223727241136566,0.0006470847468004064,0.00014041945057121624,momentum
2019-11,AUD,-0.008776797975559636,0.0007907844063627327,0.00012920056447428106,momentum
2019-12,AUD,0.00522050917755118,0.0005508894037770479,0.0001063646707818864,momentum
2020-01,AUD,0.027702602549335764,0.0005933892434946587,0.0001194443242518846,momentum
2020-02,AUD,0.06925051300242041,0.0009524955393355491,0.00018980952380566986,momentum
2020-03,AUD,-0.014972871733051563,0.0019207852598464486,0.00036553650466728514,momentum
2020-04,AUD,-0.03200324425182338,0.0016968252409076659,0.0003266065345207907,momentum
2020-05,AUD,-0.05692075576746358,0.0009268667047087828,0.00024475881101105863,momentum
2020-06,AUD,-0.02020974706746753,0.0001723798472218437,0.00010040145096440551,momentum
2020-07,AUD,-0.022928945253485933,-3.338462108391931e-05,4.9242386686239426e-05,momentum
2020-08,AUD,-0.002885380347067368,-0.0006109202681930225,-8.491753113188146e-06,momentum
2020-09,AUD,0.014344361280445306,-0.0005888346096732201,-1.57020002158302e-05,momentum
2020-10,AUD,-0.02072165660950548,-0.00042569184953084017,2.0198157985822363e-05,momentum
2020-11,AUD,-0.03536917946277274,-0.0006486308348874565,-3.152716562388163e-05,momentum
2020-12,AUD,-0.025478113453464013,-0.0010363756719170938,-0.00011943177332823202,momentum
2021-01,AUD,-0.0034828408721154225,-0.0014647937461827066,-0.00018235654176529352,momentum
2021-02,AUD,0.005566737740166805,-0.0018129901022726352,-0.00019052605743447699,momentum
2021-03,AUD,0.0011558467863592714,-0.002439403043115878,-0.00017631059126756025,momentum
2021-04,AUD,-0.00796385699001273,-0.0022307481811830758,-0.00017302941546059762,momentum
2021-05,AUD,0.01555912155143846,-0.0020295122100472737,-0.0001921714979533547,momentum
2021-06,AUD,0.030039522975800093,-0.0011558796653258062,-0.00015356538753817853,momentum
2021-07,AUD,0.015309049999681357,-0.0005430960788436762,-7.974365559847617e-05,momentum
2021-08,AUD,-0.0010962108745641297,-0.00013809771102602758,-4.221001253681804e-05,momentum
2021-09,AUD,-0.013545554577650998,-0.00012362903718725598,-4.477449151985286e-05,momentum
2021-10,AUD,0.014276495330902195,-0.0004191375949484854,-7.754337522405467e-05,momentum
2021-11,AUD,0.020968160301449434,-5.371542710311705e-05,-4.278783356273203e-05,momentum
2021-12,AUD,-0.0034403703658674734,0.0005219674302633535,7.963248888988178e-06,momentum
2022-01,AUD,0.0015066186442102558,0.0007146040873726592,-3.4598873693100606e-07,momentum
2022-02,AUD,-0.028209795004289884,0.0007637231431364402,3.2765223999610698e-06,momentum
2022-03,AUD,0.001400096024741837,0.0003593849646484304,-6.438072346740067e-05,momentum
2022-04,AUD,0.04485508776844077,0.0003644808937198081,-6.087719057694795e-05,momentum
2022-05,AUD,0.0022505108310099664,0.0009784333504700225,4.632081648514685e-05,momentum
2022-06,AUD,0.024358443832040333,0.0008603935655712433,5.156888794830118e-05,momentum
2022-07,AUD,-0.015197860909431316,0.000894382291845672,0.00010930493294614449,momentum
2022-08,AUD,0.04251900846189649,0.0005494058681453804,7.303202810638747e-05,momentum
2022-09,AUD,0.04621370394367408,0.0010962056151821232,0.00017337712605860992,momentum
2022-10,AUD,-0.03487067495873586,0.0019091835346711273,0.00028196280251525035,momentum
2022-11,AUD,-0.02281619989140321,0.0011938713167431705,0.0001992507136652477,momentum
2022-12,AUD,-0.030210880646361626,0.0006916953521445364,0.00014522383431062692,momentum
2023-01,AUD,0.008932030995085438,0.0003645895530125156,7.413225473059823e-05,momentum
2023-02,AUD,0.03201792862981673,0.0004517110673728805,9.482827982488524e-05,momentum
2023-03,AUD,-0.0018041500333201843,0.0010791892440481243,0.00016924110115353755,momentum
2023-04,AUD,0.006732236725105201,0.0010383547040475707,0.0001646518194454591,momentum
2023-05,AUD,-0.010484586343655677,0.0007149473416430468,0.0001798898354678715,momentum
2023-06,AUD,-0.0043057117112119125,0.0005677559886864488,0.00015520354801619644,momentum
2023-07,AUD,0.03874864921357113,0.0002987696806234311,0.0001449012033066627,momentum
2023-08,AUD,0.009424897085236639,0.0008774904054224926,0.00023384993144091263,momentum
2023-09,AUD,0.012197220086930749,0.0006019436110176993,0.0002549787754726269,momentum
2023-10,AUD,-0.025000498763794732,0.00031732730981165713,0.00028236923719615473,momentum
2023-11,AUD,-0.028048164576495394,0.0003503324333509611,0.00022451370401310923,momentum
2023-12,AUD,0.008530541567069505,0.00023666287890558574,0.00015996421022199394,momentum
2024-01,AUD,0.01736771501823503,0.0006106256032220193,0.00017903158461116822,momentum
2024-02,AUD,-0.0054934413213771904,0.0007339745035187048,0.00021809677423304083,momentum
2024-03,AUD,0.007773498333380369,0.0003696450055715691,0.00020514544068290423,momentum
2024-04,AUD,-0.018122623364191404,0.00047558136347012475,0.00022226841102837363,momentum
2024-05,AUD,-0.002388219259040203,0.0002030363582237932,0.0001808578201136563,momentum
2024-06,AUD,-0.004660150900904936,0.00027147065048314554,0.00017507161047592237,momentum
2024-07,AUD,0.0022662143938697588,0.00025704126180889266,0.00016420594191102157,momentum
2024-08,AUD,-0.016716847277525926,-7.288428689479799e-05,0.00016891896534590662,momentum
2024-09,AUD,0.010371860220202977,-0.00035397705168883746,0.00013114320193903452,momentum
2024-10,AUD,0.02605622875189334,-0.0003413700598835775,0.0001540019452833735,momentum
2024-11,AUD,0.0301562697700416,0.00018513590055966515,0.00021169064641168078,momentum
2024-12,AUD,0.016396384538418463,0.0007680077912406897,0.0002782341555753028,momentum
2025-01,AUD,-0.011216007800701477,0.0008823017690302083,0.00031397284822018786,momentum
1997-06,AUD,0.016307961654440373,0.00014577765218316753,-0.000411401838826105,afvigelse
1997-07,AUD,0.002149502365628053,-0.0002031676906510275,-0.0002732252810305143,afvigelse
1997-08,AUD,0.023633805329871138,-0.00025975818019497766,-0.0002533668576972473,afvigelse
1997-09,AUD,0.004761226711945676,-0.0007818471693717675,-5.916220576579704e-05,afvigelse
1997-10,AUD,0.034448361485835244,-0.0008785125553403578,-2.0288101590704514e-05,afvigelse
1997-11,AUD,0.04924698016990814,-0.0015301082877085736,0.0002554610951087031,afvigelse
1997-12,AUD,0.008042762056859998,-0.0019190956418203096,0.0006442826750674288,afvigelse
1998-01,AUD,-0.026749881618584603,-0.0018058253997857926,0.0007025384182311497,afvigelse
1998-02,AUD,0.0071232073250241945,-0.0018448951887311848,0.0004880663866935267,afvigelse
1998-03,AUD,0.026171200270212747,-0.001815972513375116,0.0005395015877658574,afvigelse
1998-04,AUD,0.03291606950918308,-0.001719528463782562,0.0007366685007077566,afvigelse
1998-05,AUD,0.0430539272026394,-0.0011626528358017005,0.0009823127832152018,afvigelse
1998-06,AUD,-0.02194397517787411,0.00041767072929810864,0.0013010371348775064,afvigelse
1998-07,AUD,0.04843400998328379,-0.0006127981518181766,0.001126262606210201,afvigelse
1998-08,AUD,-0.0001766524367908806,0.0015366694274479987,0.0014793054970838845,afvigelse
1998-09,AUD,-0.048071972098719606,0.001429749024682386,0.0014670391420181454,afvigelse
1998-10,AUD,-0.027119244545846022,-0.0008315842548136448,0.0011027817064244855,afvigelse
1998-11,AUD,0.02662480695851721,-0.0012801983626391017,0.000896781514802073,afvigelse
1998-12,AUD,-0.022064084541269402,-0.000901728195583899,0.0010832164817855161,afvigelse
1999-01,AUD,-0.012464390305682027,-0.0011913595276229142,0.0009166891362959123,afvigelse
1999-02,AUD,0.014358569429926527,-0.0012047675228227678,0.0008211099974246413,afvigelse
1999-03,AUD,-0.017627488791192025,-0.0010920573078855949,0.0009171203480097611,afvigelse
1999-04,AUD,-0.03183154217879702,-0.0011094739649332903,0.0007865245090012977,afvigelse
1999-05,AUD,0.009826954596116044,-0.0009305540076716213,0.0005584261405551557,afvigelse
1999-06,AUD,0.00013125082050602366,-0.0009725405044434221,0.000622790921496551,afvigelse
1999-07,AUD,0.017820450774470364,-0.00092186302500693,0.0006194009897655818,afvigelse
1999-08,AUD,-0.007570646660694347,-0.0009939001161177305,0.0007372163992498611,afvigelse
1999-09,AUD,-0.002145714272976773,-0.0008933593115188632,0.0006807003240121455,afvigelse
1999-10,AUD,0.018764454234123373,-0.0008235761737028006,0.0006616029280865446,afvigelse
1999-11,AUD,-0.0033914606175339257,-0.0008872594311744289,0.000783098574435785,afvigelse
1999-12,AUD,-0.02314903175349864,-0.0007991799280771112,0.0007552681798226536,afvigelse
2000-01,AUD,0.04395536430088748,-0.0005582123826500528,0.0005969615577476782,afvigelse
2000-02,AUD,0.029749557789498338,-0.0008878313881374807,0.000882214207373598,afvigelse
2000-03,AUD,0.022237199405561014,-0.0008230426010551388,0.0010708896556227794,afvigelse
2000-04,AUD,0.02994235661507849,-0.0005796386109236178,0.001208333225427573,afvigelse
2000-05,AUD,-0.028096513702114856,-4.0843847254398626e-05,0.001393714021489837,afvigelse
2000-06,AUD,0.013354804640442808,-0.0005236662606541106,0.0012046741001846787,afvigelse
2000-07,AUD,0.010626596174795888,-0.0003223368078871223,0.001282063466683138,afvigelse
2000-08,AUD,0.0506745642750166,-0.00012092717173603864,0.0013412060787598012,afvigelse
2000-09,AUD,0.044593375542818725,0.001018701858919601,0.0016514787718180197,afvigelse
2000-10,AUD,0.011810230967277513,0.0028067686943001715,0.0019198656266367741,afvigelse
2000-11,AUD,-0.04640572054970571,0.003280972693606976,0.001981296467261872,afvigelse
2000-12,AUD,-0.015589596031844843,0.0010400584989262189,0.001682611177033677,afvigelse
2001-01,AUD,0.03930185234761363,0.0006438706200464098,0.0015766467156295143,afvigelse
2001-02,AUD,0.059223229621523155,0.0015705571783832437,0.001806678457287954,afvigelse
2001-03,AUD,0.0029638581965806265,0.0038172504128204977,0.002154657555253016,afvigelse
2001-04,AUD,-0.03584759631475254,0.0037468528776570557,0.0021595322579116157,afvigelse
2001-05,AUD,0.0036845834259097154,0.002006154576350421,0.001931944661668118,afvigelse
2001-06,AUD,0.01771320859907055,0.002054747794666754,0.0019423770352647942,afvigelse
2001-07,AUD,-0.030380513799836306,0.0025264330506468724,0.0020356955652281418,afvigelse
2001-08,AUD,0.04085976528946145,0.0015939206579012035,0.0018450119807277628,afvigelse
2001-09,AUD,-0.00120937278534472,0.0025082061954557035,0.0020731684328256206,afvigelse
2001-10,AUD,-0.024086483612522525,0.0023888291815628744,0.0020540838908595137,afvigelse
2001-11,AUD,0.005254493853409703,0.001753906642694959,0.0019029823445971899,afvigelse
2001-12,AUD,-0.006236329965666476,0.0018206819634511444,0.0019222439049926643,afvigelse
2002-01,AUD,0.008186849011332265,0.0016936987106904908,0.001875623482874612,afvigelse
2002-02,AUD,-0.024659281521838383,0.0017939255803991075,0.0019114827188317577,afvigelse
2002-03,AUD,-0.01808540184681806,0.001471207582991721,0.001761365406737576,afvigelse
2002-04,AUD,-0.02695902697468322,0.0013468030211782698,0.0016498667143018703,afvigelse
2002-05,AUD,-0.03291995371469014,0.0012669472489027116,0.0014900404925756966,afvigelse
2002-06,AUD,0.025691338985669554,0.0012680812071566069,0.0012988738580908864,afvigelse
2002-07,AUD,0.022830916936674828,0.0012797246760836935,0.001433638858795741,afvigelse
2002-08,AUD,-0.009572573913074756,0.0013070710001955497,0.0015512063207621094,afvigelse
2002-09,AUD,-0.0067447408377605544,0.0013201420209481983,0.0014904206364242032,afvigelse
2002-10,AUD,-0.019950093464516483,0.0013401345204483942,0.0014456643240645035,afvigelse
2002-11,AUD,-0.0019664584812556507,0.0013679433606884096,0.001330011579261363,afvigelse
2002-12,AUD,-0.035782504819176775,0.0013790607829240816,0.0013122886219467554,afvigelse
2003-01,AUD,-0.021564495565184583,0.001404406287946067,0.0011139207425824584,afvigelse
2003-02,AUD,-0.009875884547531633,0.001379393875108035,0.0009932908686049742,afvigelse
2003-03,AUD,-0.014053172097598654,0.0013451947040778293,0.0009357820039693306,afvigelse
2003-04,AUD,-0.05853369032386163,0.0012695470249797886,0.000856892771855815,afvigelse
2003-05,AUD,-0.02807293947476025,0.0007005291331189635,0.0005459473106216922,afvigelse
2003-06,AUD,0.006762157827984672,0.00013655520294579142,0.0003968906086144946,afvigelse
2003-07,AUD,0.013584223063422551,0.00029265528961165915,0.00042987126778221574,afvigelse
2003-08,AUD,-0.017755447703097227,0.0005613720522559238,0.0004976772048731453,afvigelse
2003-09,AUD,-0.046096740553473625,0.00021979730831062915,0.00040407143611432286,afvigelse
2003-10,AUD,-0.02982980401166324,-0.0009329367869115458,0.00016682239535111904,afvigelse
2003-11,AUD,-0.0320027310861738,-0.001968761165006911,1.4555256229218744e-05,afvigelse
2003-12,AUD,-0.04319608415493109,-0.0033048786409836345,-0.00014714821014655407,afvigelse
2004-01,AUD,-0.006814336419730338,-0.005520700057455711,-0.00036347452142687837,afvigelse
2004-02,AUD,0.035868018879442465,-0.005642501720738579,-0.00039572883091839564,afvigelse
2004-03,AUD,0.007096201579976813,-0.0032896389955095733,-0.00021531217564296851,afvigelse
2004-04,AUD,0.05587155882248557,-0.0028274024961580566,-0.00017911656299138541,afvigelse
2004-05,AUD,0.014534530200425444,-0.0007218973845264686,9.699513841490499e-05,afvigelse
2004-06,AUD,-0.031715131693225374,-0.0003595329003285697,0.00016776736911103507,afvigelse
2004-07,AUD,0.006993035490970578,-0.0010836403375951995,1.224103222158918e-05,afvigelse
2004-08,AUD,0.011734900675443638,-0.0008643598112912278,4.612838396308913e-05,afvigelse
2004-09,AUD,-0.04300888985511314,-0.0005599117128297925,0.00010259588295574879,afvigelse
2004-10,AUD,-0.048863534432497246,-0.0016018378322843598,-0.00010467087540035152,afvigelse
2004-11,AUD,0.003767930944850506,-0.0032236844857699066,-0.0003379668732811979,afvigelse
2004-12,AUD,0.000920598453970245,-0.0029360012561784965,-0.00031841497890914216,afvigelse
2005-01,AUD,-0.018574947800792108,-0.0027891856882602197,-0.00031254287733151475,afvigelse
2005-02,AUD,-0.0046196691796761835,-0.0033930884012093186,-0.00039868629678180056,afvigelse
2005-03,AUD,0.014105045848757908,-0.0034340605451885814,-0.00041850311782825304,afvigelse
2005-04,AUD,0.009779464225648016,-0.002751311049269649,-0.00035063606658252333,afvigelse
2005-05,AUD,-0.0005365423805562819,-0.002314107094402044,-0.000303519321037265,afvigelse
2005-06,AUD,0.018835523051049574,-0.002243723891538984,-0.0003045981314980012,afvigelse
2005-07,AUD,-0.011882826670414848,-0.001637818736612657,-0.00021639480807612299,afvigelse
2005-08,AUD,-0.004884760132650268,-0.001875866799092673,-0.0002699105505639153,afvigelse
2005-09,AUD,0.015261675818981635,-0.0019273117505240543,-0.00029098292308485753,afvigelse
2005-10,AUD,0.024488589286894236,-0.0014778902128873704,-0.00022028901971182804,afvigelse
2005-11,AUD,-0.00945633524203554,-0.0009273366939989217,-0.00010848414049641597,afvigelse
2005-12,AUD,-0.011046537168537651,-0.001053753068824504,-0.00015059157789073637,afvigelse
2006-01,AUD,0.011714366377493846,-0.0012123479114428501,-0.00019945232044969114,afvigelse
2006-02,AUD,0.020702545288468488,-0.0009566500165870781,-0.000146265629833872,afvigelse
2006-03,AUD,-0.014122358150617798,-0.0006009007910486227,-5.3604247974750424e-05,afvigelse
2006-04,AUD,-0.035936502648815816,-0.0007574484788187418,-0.00011585537143777276,afvigelse
2006-05,AUD,0.03187520853044895,-0.0012658604949727932,-0.00027365557970816063,afvigelse
2006-06,AUD,-0.01723987621391071,-0.000705296972365585,-0.0001326517897513312,afvigelse
2006-07,AUD,-0.013642776403786583,-0.0009021707161869382,-0.00020735582653805336,afvigelse
2006-08,AUD,0.010853584591410892,-0.0010614260328243713,-0.00026577069861304694,afvigelse
2006-09,AUD,0.0006791684221372218,-0.0008540782224798128,-0.00021763496142679614,afvigelse
2006-10,AUD,-0.024126991051507174,-0.0008029036976775388,-0.00021376942960108918,afvigelse
2006-11,AUD,-0.016676144262154163,-0.001087431619439867,-0.0003164012820556217,afvigelse
2006-12,AUD,0.004077797369551189,-0.0012876440009920425,-0.00038631471359450436,afvigelse
2007-01,AUD,-0.0005479666660266336,-0.001167955188095927,-0.00036731849196409717,afvigelse
2007-02,AUD,-0.012924760264992646,-0.001121982635062868,-0.0003680839503287689,afvigelse
2007-03,AUD,-0.04203899027869376,-0.0012578363412597475,-0.00042106570693072623,afvigelse
2007-04,AUD,0.002231129298050555,-0.0018800610118581114,-0.0005959309362238482,afvigelse
2007-05,AUD,-0.02026166784346442,-0.001764475720450181,-0.0005841022323147503,afvigelse
2007-06,AUD,-0.029664097542312362,-0.002069148691406733,-0.0006660920890278738,afvigelse
2007-07,AUD,0.04545851771839354,-0.002592730136472547,-0.0007864157631078925,afvigelse
2007-08,AUD,-0.02026870057100233,-0.0015772183882790127,-0.0005953209966554072,afvigelse
2007-09,AUD,-0.06132289414984629,-0.001842682654169273,-0.0006762814064263822,afvigelse
2007-10,AUD,0.0038608353233068604,-0.0029497908638516004,-0.0009248330979977752,afvigelse
2007-11,AUD,0.027401396178821397,-0.0027392661073014236,-0.0009052997575026543,afvigelse
2007-12,AUD,-0.011840685634957993,-0.002062947442448263,-0.0007902318878428004,afvigelse
2008-01,AUD,-0.03455892985613965,-0.002200662977234185,-0.0008349705669809186,afvigelse
2008-02,AUD,-0.00954398361245011,-0.002798153043139127,-0.0009709542737920425,afvigelse
2008-03,AUD,-0.009542852795570073,-0.002904470337387147,-0.0010053841104934805,afvigelse
2008-04,AUD,-0.019458244227115194,-0.003011470885294837,-0.001039533985233787,afvigelse
2008-05,AUD,-0.001995344858896249,-0.0033611755521333027,-0.0011129153009384937,afvigelse
2008-06,AUD,-0.011382781087279872,-0.0032979742976053366,-0.0011164170055335645,afvigelse
2008-07,AUD,0.08736404847979543,-0.0034605625690188784,-0.0011569955196906645,afvigelse
2008-08,AUD,0.07626537530200653,-0.0015844609846620424,-0.0008084874724485933,afvigelse
2008-09,AUD,0.1730489346581351,-0.0006336343147845627,-0.0005062370301958282,afvigelse
2008-10,AUD,0.041448344076739196,0.0008891812441980209,0.00017171285921171488,afvigelse
2008-11,AUD,-0.019232001839631085,0.0015101708264061145,0.0003323223192020942,afvigelse
2008-12,AUD,-0.005187117966114929,0.0011462517039225863,0.00025649160540816714,afvigelse
2009-01,AUD,0.037710309671675046,0.0010431136470624245,0.0002354738078347189,afvigelse
2009-02,AUD,-0.02455928814513708,0.0016219599461715416,0.0003796077919264124,afvigelse
2009-03,AUD,-0.07127135227857406,0.0011582604018955593,0.0002840564664970504,afvigelse
2009-04,AUD,-0.06621016331788376,0.0002462182938747665,1.0944219378458368e-05,afvigelse
2009-05,AUD,-0.048098242990256196,-0.00020947928941318284,-0.00024084706403318507,afvigelse
2009-06,AUD,-0.002973681114344595,-0.0004342026913911963,-0.000422125078905242,afvigelse
2009-07,AUD,-0.03705949585593338,-0.00044470767716199577,-0.0004317535922465226,afvigelse
2009-08,AUD,-0.03173792053620372,-0.000615555716380658,-0.0005694518714333153,afvigelse
2009-09,AUD,-0.050304502130238946,-0.0007863002296854772,-0.0006861877091290847,afvigelse
2009-10,AUD,-0.014245515308397502,-0.0011419980468388084,-0.0008713306733869573,afvigelse
2009-11,AUD,0.019310191052662476,-0.0012657829467553807,-0.0009210488318814204,afvigelse
2009-12,AUD,-0.011614321645018688,-0.0010620615243790606,-0.0008461183137905171,afvigelse
2010-01,AUD,0.03002742677512897,-0.0011504935500622703,-0.0008858533814334255,afvigelse
2010-02,AUD,-0.029662429964798703,-0.0008899269132565121,-0.0007722016161519458,afvigelse
2010-03,AUD,-0.015075200468582975,-0.0010981106193502573,-0.0008780266284180512,afvigelse
2010-04,AUD,0.06107671493352783,-0.0012183742288674202,-0.0009298411314843465,afvigelse
2010-05,AUD,0.020183538361468994,-0.0007353310520553134,-0.0007043627457933931,afvigelse
2010-06,AUD,-0.02849541087906801,-0.0006362690534070401,-0.0006286819446801237,afvigelse
2010-07,AUD,-0.02454765736151676,-0.0007594002963779445,-0.0007292838541905492,afvigelse
2010-08,AUD,-0.04277103835982097,-0.0008867842174375921,-0.0008149614567348881,afvigelse
2010-09,AUD,-0.04379841478082541,-0.0011750675222739644,-0.0009653416606886015,afvigelse
2010-10,AUD,-0.007193212274267398,-0.0015933112907796057,-0.0011183169218319474,afvigelse
2010-11,AUD,-0.0039635406624555685,-0.0016542865201391549,-0.0011399357665025363,afvigelse
2010-12,AUD,-0.0033814055093041905,-0.0016740184600088158,-0.0011499485498215186,afvigelse
2011-01,AUD,-0.01212743502875389,-0.0016861221576457786,-0.0011578335567454857,afvigelse
2011-02,AUD,-0.002928555488653086,-0.001809100344026253,-0.00119645891404129,afvigelse
2011-03,AUD,-0.04583639976186209,-0.0018108070036627296,-0.001202536445882033,afvigelse
2011-04,AUD,-0.008185874658056702,-0.0024356661340590724,-0.0013585989050288168,afvigelse
2011-05,AUD,0.0054292995452638534,-0.0025219230111514462,-0.0013823873222867534,afvigelse
2011-06,AUD,-0.01529850644739484,-0.0023636417560817845,-0.0013587356317744247,afvigelse
2011-07,AUD,0.026174491379041875,-0.002564589297275325,-0.0014069701328665368,afvigelse
2011-08,AUD,0.02724569007571252,-0.002077788003049006,-0.001311861644894439,afvigelse
2011-09,AUD,0.005096850992982845,-0.0016884505308434055,-0.0012137257283287794,afvigelse
2011-10,AUD,0.00547557644683133,-0.0016060500646940094,-0.0011921141642146985,afvigelse
2011-11,AUD,-0.001011736225516844,-0.0015279244967375107,-0.0011693575409688073,afvigelse
2011-12,AUD,-0.028439881953588257,-0.0015151874262645851,-0.0011688214140455015,afvigelse
2012-01,AUD,-0.03002339671414369,-0.0017649793835338608,-0.0012612656870609005,afvigelse
2012-02,AUD,0.019343785211890133,-0.002079401606161609,-0.001358435048638883,afvigelse
2012-03,AUD,0.016908867525719767,-0.0018041028804240827,-0.0012887306033172365,afvigelse
2012-04,AUD,0.03638242952450387,-0.0016038641109420032,-0.0012276648377835555,afvigelse
2012-05,AUD,-0.0005989817489656492,-0.0012815444283219572,-0.0011018785690133635,afvigelse
2012-06,AUD,-0.030930823519745267,-0.0012733791080285358,-0.001100202246279871,afvigelse
2012-07,AUD,-0.016826321372111704,-0.0014818826435175282,-0.00119930730034454,afvigelse
2012-08,AUD,0.006577253966304965,-0.001604372881635098,-0.0012510523800523781,afvigelse
2012-09,AUD,0.010455040630015865,-0.0015271866667220454,-0.0012252163855099448,afvigelse
2012-10,AUD,-0.010350987771069693,-0.0014285137864814361,-0.0011867944874325571,afvigelse
2012-11,AUD,-0.005739046377584149,-0.001494485703005706,-0.0012168410227887446,afvigelse
2012-12,AUD,-0.003354300838946736,-0.001524381369270475,-0.0012316194716606248,afvigelse
2013-01,AUD,0.018207858786789332,-0.0015354271834950156,-0.0012385337432153027,afvigelse
2013-02,AUD,-0.0033047639289373286,-0.0013805523745979075,-0.001175396105130872,afvigelse
2013-03,AUD,-0.0034195152744392956,-0.0013928038582183525,-0.0011822872631367183,afvigelse
2013-04,AUD,0.045453147452410005,-0.001406165906294453,-0.0011895041276893071,afvigelse
2013-05,AUD,0.049441749953919874,-0.0011083888550793954,-0.0010395277560491165,afvigelse
2013-06,AUD,0.03067725224704717,-0.0008634176376538472,-0.0008777287890299852,afvigelse
2013-07,AUD,0.013006686614511903,-0.0007188736153955407,-0.0007769141531319751,afvigelse
2013-08,AUD,-0.029064617484991617,-0.0006501069959691838,-0.0007330173354006252,afvigelse
2013-09,AUD,-0.022961392693962683,-0.0007897231610324901,-0.0008229589231771044,afvigelse
2013-10,AUD,0.02072613051711695,-0.0008829374552898038,-0.0008930172578947803,afvigelse
2013-11,AUD,0.03760563877798308,-0.0007830938725717479,-0.0008248180535572039,afvigelse
2013-12,AUD,0.013645696687346151,-0.0005919951982772224,-0.0007039675603762597,afvigelse
2014-01,AUD,-0.013017302214492973,-0.000500908663572927,-0.0006589842868724278,afvigelse
2014-02,AUD,-0.01273442361165053,-0.0005727318578613287,-0.000697604030396242,afvigelse
2014-03,AUD,-0.024567643122522145,-0.0006376427736389254,-0.000735101910711676,afvigelse
2014-04,AUD,0.0011172145282719592,-0.0007582320070248484,-0.0008091160138539446,afvigelse
2014-05,AUD,-0.006441095781021658,-0.0007473153570507645,-0.0008031521422064959,afvigelse
2014-06,AUD,-0.002531765616965956,-0.0007723880649036843,-0.0008205532028201231,afvigelse
2014-07,AUD,0.008507507022239041,-0.0007789554216283867,-0.0008258184717867254,afvigelse
2014-08,AUD,0.029173704610921183,-0.0007350370452688835,-0.0007971886389829655,afvigelse
2014-09,AUD,0.02922517332160232,-0.000577562445996094,-0.0007055345311850936,afvigelse
2014-10,AUD,0.01576893763096074,-0.00037806780995454516,-0.000614282373097327,afvigelse
2014-11,AUD,0.045785023492161625,-0.00024635821035410015,-0.0005644853518083965,afvigelse
2014-12,AUD,0.023662983981721758,0.0002213823463835404,-0.0004240322947054571,afvigelse
2015-01,AUD,0.03361927653619795,0.0005360458067141834,-0.00035126185278271636,afvigelse
2015-02,AUD,0.009467710019676973,0.001073196076056718,-0.0002489409540207264,afvigelse
2015-03,AUD,-0.0020876027220543825,0.0012250865022165767,-0.00021976182196758009,afvigelse
2015-04,AUD,-0.019302752254528627,0.0011501056652559142,-0.00022535415999179223,afvigelse
2015-05,AUD,0.022548253905597088,0.0007784000451262147,-0.00028230161699040955,afvigelse
2015-06,AUD,0.04074175676958486,0.0011442956525985208,-0.00021435353507794668,afvigelse
2015-07,AUD,0.015215847237253277,0.0019326262032442973,-9.282205049437755e-05,afvigelse
2015-08,AUD,0.03286512331906849,0.0022390967878493963,-4.753012952470993e-05,afvigelse
2015-09,AUD,-0.019747567397348953,0.0030228537486320733,4.955734377497503e-05,afvigelse
2015-10,AUD,0.007531506389623022,0.0023745961186415025,-8.669493698918875e-06,afvigelse
2015-11,AUD,-0.014032540554287654,0.0024780805439244134,1.3442459038095613e-05,afvigelse
2015-12,AUD,0.033072645771867804,0.0020557302783629104,-2.7627666731862718e-05,afvigelse
2016-01,AUD,-0.017397892860364472,0.002754368986303648,6.887458819116838e-05,afvigelse
2016-02,AUD,-0.050553864540575255,0.002227883844878559,1.8099101422111284e-05,afvigelse
2016-03,AUD,-0.021082148821632674,0.0011382672759429457,-0.00012848630043875065,afvigelse
2016-04,AUD,0.046202954061318635,0.0007778481935242247,-0.00018904601870809725,afvigelse
2016-05,AUD,-0.011259639874532434,0.0014148726539159565,-5.535149398179542e-05,afvigelse
2016-06,AUD,-0.017168444386976955,0.0011735883374824976,-8.754772496038921e-05,afvigelse
2016-07,AUD,-0.013187004281953851,0.0008722782604863411,-0.0001364901222727576,afvigelse
2016-08,AUD,0.004946549411121937,0.0006650762807378027,-0.00017377730558613215,afvigelse
2016-09,AUD,-0.0031172806083438753,0.0006949686598214115,-0.00015918948018240546,afvigelse
2016-10,AUD,0.01098121527441892,0.0006280050065224081,-0.00016759314816013692,afvigelse
2016-11,AUD,0.02499200361657089,0.0007279018570787411,-0.00013601012146727823,afvigelse
2016-12,AUD,-0.016069063598377897,0.0010086485128748778,-6.502703181180334e-05,afvigelse
2017-01,AUD,-0.02632128961324537,0.00075844938142423,-0.00011010882495705994,afvigelse
2017-02,AUD,0.005502918197230311,0.0004262406948878952,-0.00018373573728371233,afvigelse
2017-03,AUD,0.011594113128122141,0.00045312697277905835,-0.00016780673466602615,afvigelse
2017-04,AUD,0.01294976740277981,0.0005429386764288919,-0.00013495220990963447,afvigelse
2017-05,AUD,-0.01664830352812191,0.0006528617326143452,-9.850452296620999e-05,afvigelse
2017-06,AUD,-0.03188531166972411,0.0004479961141645351,-0.00014447618686942026,afvigelse
2017-07,AUD,-0.013756456372490261,0.00012926590760672566,-0.00023240093889948858,afvigelse
2017-08,AUD,-0.007388315634595993,-1.6448004825484104e-06,-0.00026976020805305435,afvigelse
2017-09,AUD,0.023562021419902435,-7.618164621457749e-05,-0.00028937055358072076,afvigelse
2017-10,AUD,0.021801117652334473,8.081533119955826e-05,-0.00022384475145576703,afvigelse
2017-11,AUD,-0.00366440596316292,0.0002324287347326898,-0.00016350238870565685,afvigelse
2017-12,AUD,-0.03946854500828634,0.00017692668736705037,-0.00017306769901838162,afvigelse
2018-01,AUD,0.01123429536983142,-0.00014712394674124137,-0.00028013984427524254,afvigelse
2018-02,AUD,0.01382888556214143,-8.634518748947416e-05,-0.0002488506181499528,afvigelse
2018-03,AUD,0.009729055198119063,-7.0611125258198445e-06,-0.00021069957159089745,afvigelse
2018-04,AUD,0.02091092427657837,4.293455030737869e-05,-0.00018383536951060026,afvigelse
2018-05,AUD,0.0036055022908869083,0.00018079283484035363,-0.00012697617908987528,afvigelse
2018-06,AUD,0.01273997488306372,0.00019130545269590812,-0.00011694263481574429,afvigelse
2018-07,AUD,0.010603928521139339,0.0002762622264839232,-8.247368704663029e-05,afvigelse
2018-08,AUD,0.01634676234441279,0.00034674286343618093,-5.390041911030417e-05,afvigelse
2018-09,AUD,0.013314441499237328,0.0004659646639615959,-1.0165318407575915e-05,afvigelse
2018-10,AUD,-0.01895110911869341,0.0005609013547307549,2.5272465681905212e-05,afvigelse
2018-11,AUD,0.010811695340680882,0.00036606344825919774,-2.506276398487281e-05,afvigelse
2018-12,AUD,0.0025059978030815278,0.0004386935078348643,3.6059082496926792e-06,afvigelse
2019-01,AUD,0.002071651274900943,0.00044114971551285307,1.0208525386452139e-05,afvigelse
2019-02,AUD,0.007606761877015311,0.0004384368282918448,1.5633374727279745e-05,afvigelse
2019-03,AUD,-0.004044997176985254,0.0004822539945345911,3.555759651806198e-05,afvigelse
2019-04,AUD,0.023611524838022646,0.00042223927867957587,2.4875515959152774e-05,afvigelse
2019-05,AUD,-0.00013890818191519827,0.0006031733743879935,8.64594567478303e-05,afvigelse
2019-06,AUD,-0.004594828468283685,0.0005730800528245369,8.587256185547882e-05,afvigelse
2019-07,AUD,0.029495796096391913,0.0005034133480919471,7.371489684213034e-05,afvigelse
2019-08,AUD,-0.005843598880523881,0.00074176877399818,0.0001499379051311194,afvigelse
2019-09,AUD,0.0024503143215436896,0.0006562384048449361,0.00013445072997438813,afvigelse
2019-10,AUD,-0.004223727241136566,0.0006532188890500273,0.00014041945057121624,afvigelse
2019-11,AUD,-0.008776797975559636,0.0005902419752877431,0.00012920056447428106,afvigelse
2019-12,AUD,0.00522050917755118,0.0004937380775422612,0.0001063646707818864,afvigelse
2020-01,AUD,0.027702602549335764,0.0005228772152521598,0.0001194443242518846,afvigelse
2020-02,AUD,0.06925051300242041,0.0007563376187836525,0.00018980952380566986,afvigelse
2020-03,AUD,-0.014972871733051563,0.0014652921896099618,0.00036553650466728514,afvigelse
2020-04,AUD,-0.03200324425182338,0.001244342230555164,0.0003266065345207907,afvigelse
2020-05,AUD,-0.05692075576746358,0.0008626188244678996,0.00024475881101105863,afvigelse
2020-06,AUD,-0.02020974706746753,0.00034207873016934675,0.00010040145096440551,afvigelse
2020-07,AUD,-0.022928945253485933,0.00018770268810660635,4.9242386686239426e-05,afvigelse
2020-08,AUD,-0.002885380347067368,2.4759597347827345e-05,-8.491753113188146e-06,afvigelse
2020-09,AUD,0.014344361280445306,6.453295811091609e-06,-1.57020002158302e-05,afvigelse
2020-10,AUD,-0.02072165660950548,0.00010471635639979555,2.0198157985822363e-05,afvigelse
2020-11,AUD,-0.03536917946277274,-3.714473605779213e-05,-3.152716562388163e-05,afvigelse
2020-12,AUD,-0.025478113453464013,-0.0002762365164317066,-0.00011943177332823202,afvigelse
2021-01,AUD,-0.0034828408721154225,-0.0004503789124107966,-0.00018235654176529352,afvigelse
2021-02,AUD,0.005566737740166805,-0.0004688751855710581,-0.00019052605743447699,afvigelse
2021-03,AUD,0.0011558467863592714,-0.00042389320842658724,-0.00017631059126756025,afvigelse
2021-04,AUD,-0.00796385699001273,-0.0004138162202303935,-0.00017302941546059762,afvigelse
2021-05,AUD,0.01555912155143846,-0.00046693235459029905,-0.0001921714979533547,afvigelse
2021-06,AUD,0.030039522975800093,-0.00034897446077484265,-0.00015356538753817853,afvigelse
2021-07,AUD,0.015309049999681357,-0.0001418384431473421,-7.974365559847617e-05,afvigelse
2021-08,AUD,-0.0010962108745641297,-4.3340383367265005e-05,-4.221001253681804e-05,afvigelse
2021-09,AUD,-0.013545554577650998,-5.3020330750533946e-05,-4.477449151985286e-05,afvigelse
2021-10,AUD,0.014276495330902195,-0.00014372812946624993,-7.754337522405467e-05,afvigelse
2021-11,AUD,0.020968160301449434,-5.172338497923193e-05,-4.278783356273203e-05,afvigelse
2021-12,AUD,-0.0034403703658674734,8.326021558023583e-05,7.963248888988178e-06,afvigelse
2022-01,AUD,0.0015066186442102558,5.786698696153358e-05,-3.4598873693100606e-07,afvigelse
2022-02,AUD,-0.028209795004289884,6.300343827298826e-05,3.2765223999610698e-06,afvigelse
2022-03,AUD,0.001400096024741837,-0.00012174022675771036,-6.438072346740067e-05,afvigelse
2022-04,AUD,0.04485508776844077,-0.00011394596851758683,-6.087719057694795e-05,afvigelse
2022-05,AUD,0.0022505108310099664,0.0001680252210960468,4.632081648514685e-05,afvigelse
2022-06,AUD,0.024358443832040333,0.00017731181435631194,5.156888794830118e-05,afvigelse
2022-07,AUD,-0.015197860909431316,0.0003284752729742595,0.00010930493294614449,afvigelse
2022-08,AUD,0.04251900846189649,0.00021683357342945593,7.303202810638747e-05,afvigelse
2022-09,AUD,0.04621370394367408,0.0004895794976023895,0.00017337712605860992,afvigelse
2022-10,AUD,-0.03487067495873586,0.000834348117618084,0.00028196280251525035,afvigelse
2022-11,AUD,-0.02281619989140321,0.0005281517820452706,0.0001992507136652477,afvigelse
2022-12,AUD,-0.030210880646361626,0.0003572972856521894,0.00014522383431062692,afvigelse
2023-01,AUD,0.008932030995085438,0.0001569860761015912,7.413225473059823e-05,afvigelse
2023-02,AUD,0.03201792862981673,0.00020225561315988157,9.482827982488524e-05,afvigelse
2023-03,AUD,-0.0018041500333201843,0.0003900999493049963,0.00016924110115353755,afvigelse
2023-04,AUD,0.006732236725105201,0.0003686818846981322,0.0001646518194454591,afvigelse
2023-05,AUD,-0.010484586343655677,0.00040361461501633636,0.0001798898354678715,afvigelse
2023-06,AUD,-0.0043057117112119125,0.00032789443769751117,0.00015520354801619644,afvigelse
2023-07,AUD,0.03874864921357113,0.000294487157337337,0.0001449012033066627,afvigelse
2023-08,AUD,0.009424897085236639,0.0005335952480984437,0.00023384993144091263,afvigelse
2023-09,AUD,0.012197220086930749,0.0005912570871883159,0.0002549787754726269,afvigelse
2023-10,AUD,-0.025000498763794732,0.0006717977484619812,0.00028236923719615473,afvigelse
2023-11,AUD,-0.028048164576495394,0.0004801127944542871,0.00022451370401310923,afvigelse
2023-12,AUD,0.008530541567069505,0.00029511240685145947,0.00015996421022199394,afvigelse
2024-01,AUD,0.01736771501823503,0.0003412085366300891,0.00017903158461116822,afvigelse
2024-02,AUD,-0.0054934413213771904,0.0004424634181814323,0.00021809677423304083,afvigelse
2024-03,AUD,0.007773498333380369,0.00040162349779292747,0.00020514544068290423,afvigelse
2024-04,AUD,-0.018122623364191404,0.0004442577099052808,0.00022226841102837363,afvigelse
2024-05,AUD,-0.002388219259040203,0.0003270533228932267,0.0001808578201136563,afvigelse
2024-06,AUD,-0.004660150900904936,0.0003094438630549071,0.00017507161047592237,afvigelse
2024-07,AUD,0.0022662143938697588,0.0002787116408839229,0.00016420594191102157,afvigelse
2024-08,AUD,-0.016716847277525926,0.0002902617684955259,0.00016891896534590662,afvigelse
2024-09,AUD,0.010371860220202977,0.00019287602318778804,0.00013114320193903452,afvigelse
2024-10,AUD,0.02605622875189334,0.0002502830562802466,0.0001540019452833735,afvigelse
2024-11,AUD,0.0301562697700416,0.00039875315820615755,0.00021169064641168078,afvigelse
2024-12,AUD,0.016396384538418463,0.0005834055900317485,0.0002782341555753028,afvigelse
2025-01,AUD,-0.011216007800701477,0.0006910135827970056,0.00031397284822018786,afvigelse
1997-06,AUD,0.016307961654440373,0.0002932228272100166,-0.000411401838826105,usrente
1997-07,AUD,0.002149502365628053,0.0007087479774557379,-0.0002732252810305143,usrente
1997-08,AUD,0.023633805329871138,-0.0006455182107508317,-0.0002533668576972473,usrente
1997-09,AUD,0.004761226711945676,0.00019842405297546798,-5.916220576579704e-05,usrente
1997-10,AUD,0.034448361485835244,0.0005676552578679531,-2.0288101590704514e-05,usrente
1997-11,AUD,0.04924698016990814,0.0008219637963778176,0.0002554610951087031,usrente
1997-12,AUD,0.008042762056859998,0.0008958799297511881,0.0006442826750674288,usrente
1998-01,AUD,-0.026749881618584603,0.002004540345254346,0.0007025384182311497,usrente
1998-02,AUD,0.0071232073250241945,0.00025493994017444403,0.0004880663866935267,usrente
1998-03,AUD,0.026171200270212747,9.72833211423095e-05,0.0005395015877658574,usrente
1998-04,AUD,0.03291606950918308,0.0006866477478114831,0.0007366685007077566,usrente
1998-05,AUD,0.0430539272026394,0.0008560840411572582,0.0009823127832152018,usrente
1998-06,AUD,-0.02194397517787411,0.001770964118966188,0.0013010371348775064,usrente
1998-07,AUD,0.04843400998328379,0.0011809187278829804,0.001126262606210201,usrente
1998-08,AUD,-0.0001766524367908806,0.0018065677405913647,0.0014793054970838845,usrente
1998-09,AUD,-0.048071972098719606,0.0031698269564493574,0.0014670391420181454,usrente
1998-10,AUD,-0.027119244545846022,0.0011284273418173821,0.0011027817064244855,usrente
1998-11,AUD,0.02662480695851721,0.0011566960708092062,0.000896781514802073,usrente
1998-12,AUD,-0.022064084541269402,0.0007866444087396451,0.0010832164817855161,usrente
1999-01,AUD,-0.012464390305682027,0.0011642706931709393,0.0009166891362959123,usrente
1999-02,AUD,0.014358569429926527,0.0014671405459310799,0.0008211099974246413,usrente
1999-03,AUD,-0.017627488791192025,0.001576684404009821,0.0009171203480097611,usrente
1999-04,AUD,-0.03183154217879702,0.0007344064470563904,0.0007865245090012977,usrente
1999-05,AUD,0.009826954596116044,0.0013617871843154168,0.0005584261405551557,usrente
1999-06,AUD,0.00013125082050602366,0.0015671990386535257,0.000622790921496551,usrente
1999-07,AUD,0.017820450774470364,0.00039906880654613243,0.0006194009897655818,usrente
1999-08,AUD,-0.007570646660694347,0.0011144786901770515,0.0007372163992498611,usrente
1999-09,AUD,-0.002145714272976773,0.0006769205806002212,0.0006807003240121455,usrente
1999-10,AUD,0.018764454234123373,0.0010901243874000416,0.0006616029280865446,usrente
1999-11,AUD,-0.0033914606175339257,0.0006261517016817032,0.000783098574435785,usrente
1999-12,AUD,-0.02314903175349864,0.0014264086497633888,0.0007552681798226536,usrente
2000-01,AUD,0.04395536430088748,0.00129348691478936,0.0005969615577476782,usrente
2000-02,AUD,0.029749557789498338,0.00041736790739924025,0.000882214207373598,usrente
2000-03,AUD,0.022237199405561014,0.00027342290601817807,0.0010708896556227794,usrente
2000-04,AUD,0.02994235661507849,0.0005370916529732307,0.001208333225427573,usrente
2000-05,AUD,-0.028096513702114856,0.0022374759575841422,0.001393714021489837,usrente
2000-06,AUD,0.013354804640442808,0.0011138139774511137,0.0012046741001846787,usrente
2000-07,AUD,0.010626596174795888,0.0012870730094293073,0.001282063466683138,usrente
2000-08,AUD,0.0506745642750166,0.0013781294645015347,0.0013412060787598012,usrente
2000-09,AUD,0.044593375542818725,0.0016671032191833506,0.0016514787718180197,usrente
2000-10,AUD,0.011810230967277513,0.0019752659846927526,0.0019198656266367741,usrente
2000-11,AUD,-0.04640572054970571,0.0019842307890220443,0.001981296467261872,usrente
2000-12,AUD,-0.015589596031844843,0.0023012658779495657,0.001682611177033677,usrente
2001-01,AUD,0.03930185234761363,0.0016051116846314856,0.0015766467156295143,usrente
2001-02,AUD,0.059223229621523155,0.001834421050265029,0.001806678457287954,usrente
2001-03,AUD,0.0029638581965806265,0.0023328464690359225,0.002154657555253016,usrente
2001-04,AUD,-0.03584759631475254,0.0018989780375149588,0.0021595322579116157,usrente
2001-05,AUD,0.0036845834259097154,0.0013871285240230817,0.001931944661668118,usrente
2001-06,AUD,0.01771320859907055,0.0021193793542395763,0.0019423770352647942,usrente
2001-07,AUD,-0.030380513799836306,0.0020781718993708067,0.0020356955652281418,usrente
2001-08,AUD,0.04085976528946145,0.0023518163679715374,0.0018450119807277628,usrente
2001-09,AUD,-0.00120937278534472,0.002729400819671297,0.0020731684328256206,usrente
2001-10,AUD,-0.024086483612522525,0.0024545461626376904,0.0020540838908595137,usrente
2001-11,AUD,0.005254493853409703,0.0016397341674054078,0.0019029823445971899,usrente
2001-12,AUD,-0.006236329965666476,0.0007609131898875174,0.0019222439049926643,usrente
2002-01,AUD,0.008186849011332265,0.0019601350391520484,0.001875623482874612,usrente
2002-02,AUD,-0.024659281521838383,0.002223746585765831,0.0019114827188317577,usrente
2002-03,AUD,-0.01808540184681806,0.0007619889924440611,0.001761365406737576,usrente
2002-04,AUD,-0.02695902697468322,0.0018175478397854843,0.0016498667143018703,usrente
2002-05,AUD,-0.03291995371469014,0.001586976858779212,0.0014900404925756966,usrente
2002-06,AUD,0.025691338985669554,0.0019362162328241412,0.0012988738580908864,usrente
2002-07,AUD,0.022830916936674828,0.0023438198073530304,0.001433638858795741,usrente
2002-08,AUD,-0.009572573913074756,0.0030293518968473234,0.0015512063207621094,usrente
2002-09,AUD,-0.0067447408377605544,0.002799990806367098,0.0014904206364242032,usrente
2002-10,AUD,-0.019950093464516483,0.0011344583598411886,0.0014456643240645035,usrente
2002-11,AUD,-0.0019664584812556507,0.0008650498424306794,0.001330011579261363,usrente
2002-12,AUD,-0.035782504819176775,0.0012966014397170944,0.0013122886219467554,usrente
2003-01,AUD,-0.021564495565184583,0.0009586807336441861,0.0011139207425824584,usrente
2003-02,AUD,-0.009875884547531633,0.0014437559254675348,0.0009932908686049742,usrente
2003-03,AUD,-0.014053172097598654,0.0011603171077311657,0.0009357820039693306,usrente
2003-04,AUD,-0.05853369032386163,0.00026831573924625566,0.000856892771855815,usrente
2003-05,AUD,-0.02807293947476025,0.002122801417864271,0.0005459473106216922,usrente
2003-06,AUD,0.006762157827984672,0.001102828648937236,0.0003968906086144946,usrente
2003-07,AUD,0.013584223063422551,-0.0018818205957585616,0.00042987126778221574,usrente
2003-08,AUD,-0.017755447703097227,-0.0007354685770237075,0.0004976772048731453,usrente
2003-09,AUD,-0.046096740553473625,0.0009144183395591058,0.00040407143611432286,usrente
2003-10,AUD,-0.02982980401166324,5.812320712313107e-05,0.00016682239535111904,usrente
2003-11,AUD,-0.0320027310861738,-7.123406108941462e-05,1.4555256229218744e-05,usrente
2003-12,AUD,-0.04319608415493109,-0.00012431209398100805,-0.00014714821014655407,usrente
2004-01,AUD,-0.006814336419730338,-9.40705669491902e-05,-0.00036347452142687837,usrente
2004-02,AUD,0.035868018879442465,-0.00026754170814654167,-0.00039572883091839564,usrente
2004-03,AUD,0.007096201579976813,0.00042941548797488765,-0.00021531217564296851,usrente
2004-04,AUD,0.05587155882248557,-0.0017901311515590695,-0.00017911656299138541,usrente
2004-05,AUD,0.014534530200425444,-4.583442475662513e-05,9.699513841490499e-05,usrente
2004-06,AUD,-0.031715131693225374,0.00017070996403120597,0.00016776736911103507,usrente
2004-07,AUD,0.006993035490970578,6.884293144359716e-06,1.224103222158918e-05,usrente
2004-08,AUD,0.011734900675443638,6.51046461383995e-05,4.612838396308913e-05,usrente
2004-09,AUD,-0.04300888985511314,0.00013933253450413205,0.00010259588295574879,usrente
2004-10,AUD,-0.048863534432497246,-0.00010608800517433141,-0.00010467087540035152,usrente
2004-11,AUD,0.003767930944850506,-0.00031554325037606417,-0.0003379668732811979,usrente
2004-12,AUD,0.000920598453970245,-0.00030389095074290326,-0.00031841497890914216,usrente
2005-01,AUD,-0.018574947800792108,-0.0003099181441157229,-0.00031254287733151475,usrente
2005-02,AUD,-0.0046196691796761835,-0.00040536624043111793,-0.00039868629678180056,usrente
2005-03,AUD,0.014105045848757908,-0.0003349843543991371,-0.00041850311782825304,usrente
2005-04,AUD,0.009779464225648016,-0.0004414045437623156,-0.00035063606658252333,usrente
2005-05,AUD,-0.0005365423805562819,-0.00039887888456421785,-0.000303519321037265,usrente
2005-06,AUD,0.018835523051049574,-0.0003679908063066648,-0.0003045981314980012,usrente
2005-07,AUD,-0.011882826670414848,-0.00014627757175060562,-0.00021639480807612299,usrente
2005-08,AUD,-0.004884760132650268,-0.0002538151575218747,-0.0002699105505639153,usrente
2005-09,AUD,0.015261675818981635,-0.0002959395390924074,-0.00029098292308485753,usrente
2005-10,AUD,0.024488589286894236,-0.00019961075331015074,-0.00022028901971182804,usrente
2005-11,AUD,-0.00945633524203554,-4.722067794238043e-05,-0.00010848414049641597,usrente
2005-12,AUD,-0.011046537168537651,-0.00017884387835256994,-0.00015059157789073637,usrente
2006-01,AUD,0.011714366377493846,-0.00021803510792281752,-0.00019945232044969114,usrente
2006-02,AUD,0.020702545288468488,-5.153128197747806e-05,-0.000146265629833872,usrente
2006-03,AUD,-0.014122358150617798,8.703220143727492e-05,-5.3604247974750424e-05,usrente
2006-04,AUD,-0.035936502648815816,7.076477650627146e-05,-0.00011585537143777276,usrente
2006-05,AUD,0.03187520853044895,-0.0002951167013551539,-0.00027365557970816063,usrente
2006-06,AUD,-0.01723987621391071,-0.0001298396333696928,-0.0001326517897513312,usrente
2006-07,AUD,-0.013642776403786583,-0.00020812318937586403,-0.00020735582653805336,usrente
2006-08,AUD,0.010853584591410892,-0.0002984115079594952,-0.00026577069861304694,usrente
2006-09,AUD,0.0006791684221372218,-0.00021746566208921767,-0.00021763496142679614,usrente
2006-10,AUD,-0.024126991051507174,-0.0002140689602706285,-0.00021376942960108918,usrente
2006-11,AUD,-0.016676144262154163,-0.00030950072133737887,-0.0003164012820556217,usrente
2006-12,AUD,0.004077797369551189,-0.00038821217802408666,-0.00038631471359450436,usrente
2007-01,AUD,-0.0005479666660266336,-0.00035101002381426915,-0.00036731849196409717,usrente
2007-02,AUD,-0.012924760264992646,-0.00036978385950598217,-0.0003680839503287689,usrente
2007-03,AUD,-0.04203899027869376,-0.0004346698882010874,-0.00042106570693072623,usrente
2007-04,AUD,0.002231129298050555,-0.0005142471478081836,-0.0005959309362238482,usrente
2007-05,AUD,-0.02026166784346442,-0.0005392777468607638,-0.0005841022323147503,usrente
2007-06,AUD,-0.029664097542312362,-0.000493780490143176,-0.0006660920890278738,usrente
2007-07,AUD,0.04545851771839354,-0.0007571068103634324,-0.0007864157631078925,usrente
2007-08,AUD,-0.02026870057100233,-0.0003924798727079945,-0.0005953209966554072,usrente
2007-09,AUD,-0.06132289414984629,-0.0006534878122207475,-0.0006762814064263822,usrente
2007-10,AUD,0.0038608353233068604,-0.0009129946518204487,-0.0009248330979977752,usrente
2007-11,AUD,0.027401396178821397,-0.0010695324009636661,-0.0009052997575026543,usrente
2007-12,AUD,-0.011840685634957993,-0.000779995054438711,-0.0007902318878428004,usrente
2008-01,AUD,-0.03455892985613965,-0.0007342044828668073,-0.0008349705669809186,usrente
2008-02,AUD,-0.00954398361245011,-0.0009599259715906107,-0.0009709542737920425,usrente
2008-03,AUD,-0.009542852795570073,-0.0011209410666101617,-0.0010053841104934805,usrente
2008-04,AUD,-0.019458244227115194,-0.0009168611997156371,-0.001039533985233787,usrente
2008-05,AUD,-0.001995344858896249,-0.0010133323835870471,-0.0011129153009384937,usrente
2008-06,AUD,-0.011382781087279872,-0.0010168460119529907,-0.0011164170055335645,usrente
2008-07,AUD,0.08736404847979543,-0.0011740373537721751,-0.0011569955196906645,usrente
2008-08,AUD,0.07626537530200653,-0.0007849772410078042,-0.0008084874724485933,usrente
2008-09,AUD,0.1730489346581351,-0.0003603399782097518,-0.0005062370301958282,usrente
2008-10,AUD,0.041448344076739196,-0.00025931541960187276,0.00017171285921171488,usrente
2008-11,AUD,-0.019232001839631085,0.0010310328886155584,0.0003323223192020942,usrente
2008-12,AUD,-0.005187117966114929,0.0027538692142668048,0.00025649160540816714,usrente
2009-01,AUD,0.037710309671675046,2.3166127965685575e-05,0.0002354738078347189,usrente
2009-02,AUD,-0.02455928814513708,-0.00014418940104528793,0.0003796077919264124,usrente
2009-03,AUD,-0.07127135227857406,0.0003401857559937365,0.0002840564664970504,usrente
2009-04,AUD,-0.06621016331788376,-0.00023631617295315736,1.0944219378458368e-05,usrente
2009-05,AUD,-0.048098242990256196,-0.0011742183595414082,-0.00024084706403318507,usrente
2009-06,AUD,-0.002973681114344595,-0.0020491917711315975,-0.000422125078905242,usrente
2009-07,AUD,-0.03705949585593338,8.366080871989123e-05,-0.0004317535922465226,usrente
2009-08,AUD,-0.03173792053620372,-0.0007312539763067485,-0.0005694518714333153,usrente
2009-09,AUD,-0.050304502130238946,-0.00010397830468345328,-0.0006861877091290847,usrente
2009-10,AUD,-0.014245515308397502,-0.0008982266821834212,-0.0008713306733869573,usrente
2009-11,AUD,0.019310191052662476,-0.001005063981747238,-0.0009210488318814204,usrente
2009-12,AUD,-0.011614321645018688,-0.0014360836023687889,-0.0008461183137905171,usrente
2010-01,AUD,0.03002742677512897,-0.001354319352609273,-0.0008858533814334255,usrente
2010-02,AUD,-0.029662429964798703,-0.0007140276400076883,-0.0007722016161519458,usrente
2010-03,AUD,-0.015075200468582975,-0.001028675352436087,-0.0008780266284180512,usrente
2010-04,AUD,0.06107671493352783,-0.0012948296214920839,-0.0009298411314843465,usrente
2010-05,AUD,0.020183538361468994,0.0001622475907139924,-0.0007043627457933931,usrente
2010-06,AUD,-0.02849541087906801,-0.00010123135420929007,-0.0006286819446801237,usrente
2010-07,AUD,-0.02454765736151676,-0.0003437154662678564,-0.0007292838541905492,usrente
2010-08,AUD,-0.04277103835982097,-0.0002345446516320189,-0.0008149614567348881,usrente
2010-09,AUD,-0.04379841478082541,-0.0009298553998309968,-0.0009653416606886015,usrente
2010-10,AUD,-0.007193212274267398,-0.001015924814859436,-0.0011183169218319474,usrente
2010-11,AUD,-0.0039635406624555685,-0.0014105116955620792,-0.0011399357665025363,usrente
2010-12,AUD,-0.0033814055093041905,-0.0017878975245614237,-0.0011499485498215186,usrente
2011-01,AUD,-0.01212743502875389,-0.0013018150197271578,-0.0011578335567454857,usrente
2011-02,AUD,-0.002928555488653086,-0.0014653775306524698,-0.00119645891404129,usrente
2011-03,AUD,-0.04583639976186209,-0.0010030955406930045,-0.001202536445882033,usrente
2011-04,AUD,-0.008185874658056702,-0.0014105927440138044,-0.0013585989050288168,usrente
2011-05,AUD,0.0054292995452638534,-0.0011419528004373302,-0.0013823873222867534,usrente
2011-06,AUD,-0.01529850644739484,-0.0012043171703475695,-0.0013587356317744247,usrente
2011-07,AUD,0.026174491379041875,-0.0014243064934609088,-0.0014069701328665368,usrente
2011-08,AUD,0.02724569007571252,-0.0007260312927066509,-0.001311861644894439,usrente
2011-09,AUD,0.005096850992982845,-0.0006228452101026871,-0.0012137257283287794,usrente
2011-10,AUD,0.00547557644683133,-0.0015930522887185974,-0.0011921141642146985,usrente
2011-11,AUD,-0.001011736225516844,-0.0009333316736034388,-0.0011693575409688073,usrente
2011-12,AUD,-0.028439881953588257,-0.0011537156741805456,-0.0011688214140455015,usrente
2012-01,AUD,-0.03002339671414369,-0.0012860709772135519,-0.0012612656870609005,usrente
2012-02,AUD,0.019343785211890133,-0.0014035104469361213,-0.001358435048638883,usrente
2012-03,AUD,0.016908867525719767,-0.001729492877553041,-0.0012887306033172365,usrente
2012-04,AUD,0.03638242952450387,-0.001056359091932347,-0.0012276648377835555,usrente
2012-05,AUD,-0.0005989817489656492,-0.0006559522613750145,-0.0011018785690133635,usrente
2012-06,AUD,-0.030930823519745267,-0.0007925149336167649,-0.001100202246279871,usrente
2012-07,AUD,-0.016826321372111704,-0.00108701445244515,-0.00119930730034454,usrente
2012-08,AUD,0.006577253966304965,-0.001532164308687921,-0.0012510523800523781,usrente
2012-09,AUD,0.010455040630015865,-0.0013220067747984384,-0.0012252163855099448,usrente
2012-10,AUD,-0.010350987771069693,-0.0012656189163137816,-0.0011867944874325571,usrente
2012-11,AUD,-0.005739046377584149,-0.0010986903091475442,-0.0012168410227887446,usrente
2012-12,AUD,-0.003354300838946736,-0.001371070800170805,-0.0012316194716606248,usrente
2013-01,AUD,0.018207858786789332,-0.0015602176181305637,-0.0012385337432153027,usrente
2013-02,AUD,-0.0033047639289373286,-0.0012921505217126684,-0.001175396105130872,usrente
2013-03,AUD,-0.0034195152744392956,-0.0011841558654998342,-0.0011822872631367183,usrente
2013-04,AUD,0.045453147452410005,-0.0009603740091878904,-0.0011895041276893071,usrente
2013-05,AUD,0.049441749953919874,-0.00137734162873548,-0.0010395277560491165,usrente
2013-06,AUD,0.03067725224704717,-0.001347407490891505,-0.0008777287890299852,usrente
2013-07,AUD,0.013006686614511903,-0.0009233513418162608,-0.0007769141531319751,usrente
2013-08,AUD,-0.029064617484991617,-0.0007780934169467006,-0.0007330173354006252,usrente
2013-09,AUD,-0.022961392693962683,-0.0008706027204217827,-0.0008229589231771044,usrente
2013-10,AUD,0.02072613051711695,-0.0007817993640231205,-0.0008930172578947803,usrente
2013-11,AUD,0.03760563877798308,-0.000926569571906053,-0.0008248180535572039,usrente
2013-12,AUD,0.013645696687346151,-0.0008226972647612059,-0.0007039675603762597,usrente
2014-01,AUD,-0.013017302214492973,-0.000649330095951429,-0.0006589842868724278,usrente
2014-02,AUD,-0.01273442361165053,-0.0006419539326466007,-0.000697604030396242,usrente
2014-03,AUD,-0.024567643122522145,-0.0007445228895339762,-0.000735101910711676,usrente
2014-04,AUD,0.0011172145282719592,-0.0008121829578630383,-0.0008091160138539446,usrente
2014-05,AUD,-0.006441095781021658,-0.0007545458139694473,-0.0008031521422064959,usrente
2014-06,AUD,-0.002531765616965956,-0.0008397396092295576,-0.0008205532028201231,usrente
2014-07,AUD,0.008507507022239041,-0.0008120143695354275,-0.0008258184717867254,usrente
2014-08,AUD,0.029173704610921183,-0.000761276373550149,-0.0007971886389829655,usrente
2014-09,AUD,0.02922517332160232,-0.0007731079063077534,-0.0007055345311850936,usrente
2014-10,AUD,0.01576893763096074,-0.0005491912875454877,-0.000614282373097327,usrente
2014-11,AUD,0.045785023492161625,-0.0005890903255391061,-0.0005644853518083965,usrente
2014-12,AUD,0.023662983981721758,-0.00038636051250246157,-0.0004240322947054571,usrente
2015-01,AUD,0.03361927653619795,-0.00019329855224582858,-0.00035126185278271636,usrente
2015-02,AUD,0.009467710019676973,-0.00038014853432380836,-0.0002489409540207264,usrente
2015-03,AUD,-0.0020876027220543825,-0.000301694162553396,-0.00021976182196758009,usrente
2015-04,AUD,-0.019302752254528627,-0.00014235682417861018,-0.00022535415999179223,usrente
2015-05,AUD,0.022548253905597088,-0.0005476553526459016,-0.00028230161699040955,usrente
2015-06,AUD,0.04074175676958486,-0.0003202957853113635,-0.00021435353507794668,usrente
2015-07,AUD,0.015215847237253277,-8.881152826744563e-05,-9.282205049437755e-05,usrente
2015-08,AUD,0.03286512331906849,-2.059441193226262e-05,-4.753012952470993e-05,usrente
2015-09,AUD,-0.019747567397348953,4.114995448272667e-05,4.955734377497503e-05,usrente
2015-10,AUD,0.007531506389623022,2.8879451162769727e-05,-8.669493698918875e-06,usrente
2015-11,AUD,-0.014032540554287654,-9.044716625472298e-05,1.3442459038095613e-05,usrente
2015-12,AUD,0.033072645771867804,-2.6686990322743744e-05,-2.7627666731862718e-05,usrente
2016-01,AUD,-0.017397892860364472,0.00015550623831594502,6.887458819116838e-05,usrente
2016-02,AUD,-0.050553864540575255,0.00017316365034391205,1.8099101422111284e-05,usrente
2016-03,AUD,-0.021082148821632674,-9.315423939504659e-05,-0.00012848630043875065,usrente
2016-04,AUD,0.046202954061318635,-0.00019654581476251875,-0.00018904601870809725,usrente
2016-05,AUD,-0.011259639874532434,-5.5925355379380035e-05,-5.535149398179542e-05,usrente
2016-06,AUD,-0.017168444386976955,-8.134253630750318e-05,-8.754772496038921e-05,usrente
2016-07,AUD,-0.013187004281953851,-0.00014832600882265273,-0.0001364901222727576,usrente
2016-08,AUD,0.004946549411121937,-0.00015902558224596653,-0.00017377730558613215,usrente
2016-09,AUD,-0.0031172806083438753,-0.00014063587660563252,-0.00015918948018240546,usrente
2016-10,AUD,0.01098121527441892,-0.00013891705036889573,-0.00016759314816013692,usrente
2016-11,AUD,0.02499200361657089,-2.346825418046155e-05,-0.00013601012146727823,usrente
2016-12,AUD,-0.016069063598377897,0.0002366382671151839,-6.502703181180334e-05,usrente
2017-01,AUD,-0.02632128961324537,-0.00013142500555303406,-0.00011010882495705994,usrente
2017-02,AUD,0.005502918197230311,-0.00017962697368740528,-0.00018373573728371233,usrente
2017-03,AUD,0.011594113128122141,-0.0001244565000288064,-0.00016780673466602615,usrente
2017-04,AUD,0.01294976740277981,-0.0002341270567398855,-0.00013495220990963447,usrente
2017-05,AUD,-0.01664830352812191,-8.981383095890889e-05,-9.850452296620999e-05,usrente
2017-06,AUD,-0.03188531166972411,-0.00018876438843536778,-0.00014447618686942026,usrente
2017-07,AUD,-0.013756456372490261,-0.00013854640077369906,-0.00023240093889948858,usrente
2017-08,AUD,-0.007388315634595993,-0.00031866509763524525,-0.00026976020805305435,usrente
2017-09,AUD,0.023562021419902435,-0.00028507575638234286,-0.00028937055358072076,usrente
2017-10,AUD,0.021801117652334473,-0.00012216332229474696,-0.00022384475145576703,usrente
2017-11,AUD,-0.00366440596316292,-0.00015795154044891487,-0.00016350238870565685,usrente
2017-12,AUD,-0.03946854500828634,-0.00012086579339368148,-0.00017306769901838162,usrente
2018-01,AUD,0.01123429536983142,-0.00015455178417160206,-0.00028013984427524254,usrente
2018-02,AUD,0.01382888556214143,-2.4613247408175208e-05,-0.0002488506181499528,usrente
2018-03,AUD,0.009729055198119063,-0.00021499805709874228,-0.00021069957159089745,usrente
2018-04,AUD,0.02091092427657837,-0.0001395732151549603,-0.00018383536951060026,usrente
2018-05,AUD,0.0036055022908869083,1.1786000645436082e-06,-0.00012697617908987528,usrente
2018-06,AUD,0.01273997488306372,-0.0001742887007846526,-0.00011694263481574429,usrente
2018-07,AUD,0.010603928521139339,-8.722939645535128e-05,-8.247368704663029e-05,usrente
2018-08,AUD,0.01634676234441279,-3.852633166098947e-05,-5.390041911030417e-05,usrente
2018-09,AUD,0.013314441499237328,0.00011739636676863083,-1.0165318407575915e-05,usrente
2018-10,AUD,-0.01895110911869341,0.00020758040921260178,2.5272465681905212e-05,usrente
2018-11,AUD,0.010811695340680882,-3.963910509595653e-05,-2.506276398487281e-05,usrente
2018-12,AUD,0.0025059978030815278,-0.00025272862529893776,3.6059082496926792e-06,usrente
2019-01,AUD,0.002071651274900943,-8.309488880111124e-05,1.0208525386452139e-05,usrente
2019-02,AUD,0.007606761877015311,2.912146307550126e-06,1.5633374727279745e-05,usrente
2019-03,AUD,-0.004044997176985254,-4.690017069136264e-05,3.555759651806198e-05,usrente
2019-04,AUD,0.023611524838022646,3.2774240270868964e-06,2.4875515959152774e-05,usrente
2019-05,AUD,-0.00013890818191519827,-1.2035879401945838e-05,8.64594567478303e-05,usrente
2019-06,AUD,-0.004594828468283685,-0.0001852128210096463,8.587256185547882e-05,usrente
2019-07,AUD,0.029495796096391913,8.025300846233696e-05,7.371489684213034e-05,usrente
2019-08,AUD,-0.005843598880523881,-0.00024097035596900307,0.0001499379051311194,usrente
2019-09,AUD,0.0024503143215436896,0.0002282703908946362,0.00013445072997438813,usrente
2019-10,AUD,-0.004223727241136566,0.00017033589004900995,0.00014041945057121624,usrente
2019-11,AUD,-0.008776797975559636,0.00025511843619065817,0.00012920056447428106,usrente
2019-12,AUD,0.00522050917755118,0.00017479432325148372,0.0001063646707818864,usrente
2020-01,AUD,0.027702602549335764,3.4039655343437954e-05,0.0001194443242518846,usrente
2020-02,AUD,0.06925051300242041,-3.197368139864129e-05,0.00018980952380566986,usrente
2020-03,AUD,-0.014972871733051563,0.0003333434321833396,0.00036553650466728514,usrente
2020-04,AUD,-0.03200324425182338,0.00022686594619905273,0.0003266065345207907,usrente
2020-05,AUD,-0.05692075576746358,0.0002698293488420246,0.00024475881101105863,usrente
2020-06,AUD,-0.02020974706746753,0.00016008897381448604,0.00010040145096440551,usrente
2020-07,AUD,-0.022928945253485933,-1.059432505110104e-05,4.9242386686239426e-05,usrente
2020-08,AUD,-0.002885380347067368,2.993866377639935e-05,-8.491753113188146e-06,usrente
2020-09,AUD,0.014344361280445306,2.2266105812586107e-05,-1.57020002158302e-05,usrente
2020-10,AUD,-0.02072165660950548,0.00012354225228988278,2.0198157985822363e-05,usrente
2020-11,AUD,-0.03536917946277274,3.41761815000595e-05,-3.152716562388163e-05,usrente
2020-12,AUD,-0.025478113453464013,-8.109082913574335e-05,-0.00011943177332823202,usrente
2021-01,AUD,-0.0034828408721154225,-0.00011762014747395361,-0.00018235654176529352,usrente
2021-02,AUD,0.005566737740166805,-0.000120116143238074,-0.00019052605743447699,usrente
2021-03,AUD,0.0011558467863592714,-2.5049965050258453e-05,-0.00017631059126756025,usrente
2021-04,AUD,-0.00796385699001273,-0.00015260075369027127,-0.00017302941546059762,usrente
2021-05,AUD,0.01555912155143846,-0.00019336199721125568,-0.0001921714979533547,usrente
2021-06,AUD,0.030039522975800093,-0.00018769734262705367,-0.00015356538753817853,usrente
2021-07,AUD,0.015309049999681357,-0.00013229679192501526,-7.974365559847617e-05,usrente
2021-08,AUD,-0.0010962108745641297,-4.550063784400758e-05,-4.221001253681804e-05,usrente
2021-09,AUD,-0.013545554577650998,-2.868000083008891e-05,-4.477449151985286e-05,usrente
2021-10,AUD,0.014276495330902195,-5.998601404054848e-05,-7.754337522405467e-05,usrente
2021-11,AUD,0.020968160301449434,-4.3497025487967294e-05,-4.278783356273203e-05,usrente
2021-12,AUD,-0.0034403703658674734,-1.1538214485964226e-05,7.963248888988178e-06,usrente
2022-01,AUD,0.0015066186442102558,7.866678689418457e-05,-3.4598873693100606e-07,usrente
2022-02,AUD,-0.028209795004289884,5.386571151548166e-05,3.2765223999610698e-06,usrente
2022-03,AUD,0.001400096024741837,-6.1555487570899e-05,-6.438072346740067e-05,usrente
2022-04,AUD,0.04485508776844077,-4.275645217617976e-05,-6.087719057694795e-05,usrente
2022-05,AUD,0.0022505108310099664,0.00027530330380989653,4.632081648514685e-05,usrente
2022-06,AUD,0.024358443832040333,0.0004096110213855327,5.156888794830118e-05,usrente
2022-07,AUD,-0.015197860909431316,-0.0002770048604382039,0.00010930493294614449,usrente
2022-08,AUD,0.04251900846189649,9.824030927157331e-05,7.303202810638747e-05,usrente
2022-09,AUD,0.04621370394367408,0.0013709172303465454,0.00017337712605860992,usrente
2022-10,AUD,-0.03487067495873586,0.001800697193186893,0.00028196280251525035,usrente
2022-11,AUD,-0.02281619989140321,8.032697313665652e-06,0.0001992507136652477,usrente
2022-12,AUD,-0.030210880646361626,-0.0005022596556184171,0.00014522383431062692,usrente
2023-01,AUD,0.008932030995085438,-0.0001494694067721066,7.413225473059823e-05,usrente
2023-02,AUD,0.03201792862981673,0.0007492636086459356,9.482827982488524e-05,usrente
2023-03,AUD,-0.0018041500333201843,-7.901770923943313e-05,0.00016924110115353755,usrente
2023-04,AUD,0.006732236725105201,-0.00043132598828951184,0.0001646518194454591,usrente
2023-05,AUD,-0.010484586343655677,0.0005579247014815546,0.0001798898354678715,usrente
2023-06,AUD,-0.0043057117112119125,0.0007375278868521457,0.00015520354801619644,usrente
2023-07,AUD,0.03874864921357113,0.0006276023787287995,0.0001449012033066627,usrente
2023-08,AUD,0.009424897085236639,0.0011536163202928035,0.00023384993144091263,usrente
2023-09,AUD,0.012197220086930749,0.000999434621561951,0.0002549787754726269,usrente
2023-10,AUD,-0.025000498763794732,0.0017832193208564494,0.00028236923719615473,usrente
2023-11,AUD,-0.028048164576495394,-0.0006417839661017233,0.00022451370401310923,usrente
2023-12,AUD,0.008530541567069505,-0.0014083619372240372,0.00015996421022199394,usrente
2024-01,AUD,0.01736771501823503,0.0003366832548999749,0.00017903158461116822,usrente
2024-02,AUD,-0.0054934413213771904,0.0007252164706674888,0.00021809677423304083,usrente
2024-03,AUD,0.007773498333380369,0.00023625961738759342,0.00020514544068290423,usrente
2024-04,AUD,-0.018122623364191404,0.0012835486466060988,0.00022226841102837363,usrente
2024-05,AUD,-0.002388219259040203,3.703704093517755e-05,0.0001808578201136563,usrente
2024-06,AUD,-0.004660150900904936,-0.00028064538798886114,0.00017507161047592237,usrente
2024-07,AUD,0.0022662143938697588,1.9894309434941113e-05,0.00016420594191102157,usrente
2024-08,AUD,-0.016716847277525926,-0.0008906320968187164,0.00016891896534590662,usrente
2024-09,AUD,0.010371860220202977,-0.00030360947793663866,0.00013114320193903452,usrente
2024-10,AUD,0.02605622875189334,0.0013477149785814035,0.0001540019452833735,usrente
2024-11,AUD,0.0301562697700416,0.001149822536166527,0.00021169064641168078,usrente
2024-12,AUD,0.016396384538418463,0.00042866748781185166,0.0002782341555753028,usrente
2025-01,AUD,-0.011216007800701477,0.0012717841350908358,0.00031397284822018786,usrente
1997-06,AUD,0.016307961654440373,0.002196036844963766,-0.000411401838826105,alle fire
1997-07,AUD,0.002149502365628053,0.0027368505092939567,-0.0002732252810305143,alle fire
1997-08,AUD,0.023633805329871138,0.0011648190043521784,-0.0002533668576972473,alle fire
1997-09,AUD,0.004761226711945676,0.0020341095773758516,-5.916220576579704e-05,alle fire
1997-10,AUD,0.034448361485835244,0.0024604441527823523,-2.0288101590704514e-05,alle fire
1997-11,AUD,0.04924698016990814,0.0026369835248857203,0.0002554610951087031,alle fire
1997-12,AUD,0.008042762056859998,0.003581362740757175,0.0006442826750674288,alle fire
1998-01,AUD,-0.026749881618584603,0.003479464405857385,0.0007025384182311497,alle fire
1998-02,AUD,0.0071232073250241945,0.0008736150765348625,0.0004880663866935267,alle fire
1998-03,AUD,0.026171200270212747,0.0019898971260458977,0.0005395015877658574,alle fire
1998-04,AUD,0.03291606950918308,0.003612347680932288,0.0007366685007077566,alle fire
1998-05,AUD,0.0430539272026394,0.005557351825780725,0.0009823127832152018,alle fire
1998-06,AUD,-0.02194397517787411,0.004856824476916395,0.0013010371348775064,alle fire
1998-07,AUD,0.04843400998328379,0.004044026186480697,0.001126262606210201,alle fire
1998-08,AUD,-0.0001766524367908806,0.007595378311111399,0.0014793054970838845,alle fire
1998-09,AUD,-0.048071972098719606,0.008646917365481496,0.0014670391420181454,alle fire
1998-10,AUD,-0.027119244545846022,0.0007550874268521866,0.0011027817064244855,alle fire
1998-11,AUD,0.02662480695851721,-0.0010665473656788886,0.000896781514802073,alle fire
1998-12,AUD,-0.022064084541269402,-0.003913010492144681,0.0010832164817855161,alle fire
1999-01,AUD,-0.012464390305682027,-0.002841832863518072,0.0009166891362959123,alle fire
1999-02,AUD,0.014358569429926527,-0.0013850612652447883,0.0008211099974246413,alle fire
1999-03,AUD,-0.017627488791192025,-0.0009104810502115447,0.0009171203480097611,alle fire
1999-04,AUD,-0.03183154217879702,-0.0049659134824679,0.0007865245090012977,alle fire
1999-05,AUD,0.009826954596116044,-0.004614799688877656,0.0005584261405551557,alle fire
1999-06,AUD,0.00013125082050602366,-0.0067429628337253595,0.000622790921496551,alle fire
1999-07,AUD,0.017820450774470364,-0.009233372010636159,0.0006194009897655818,alle fire
1999-08,AUD,-0.007570646660694347,-0.007922190557934344,0.0007372163992498611,alle fire
1999-09,AUD,-0.002145714272976773,-0.008856953080179173,0.0006807003240121455,alle fire
1999-10,AUD,0.018764454234123373,-0.004564995550557678,0.0006616029280865446,alle fire
1999-11,AUD,-0.0033914606175339257,-0.004570623261934056,0.000783098574435785,alle fire
1999-12,AUD,-0.02314903175349864,-0.0034635314996998403,0.0007552681798226536,alle fire
2000-01,AUD,0.04395536430088748,-0.0019789945207877345,0.0005969615577476782,alle fire
2000-02,AUD,0.029749557789498338,-0.004020888220910536,0.000882214207373598,alle fire
2000-03,AUD,0.022237199405561014,-0.004098631924564156,0.0010708896556227794,alle fire
2000-04,AUD,0.02994235661507849,-0.0020965733550524154,0.001208333225427573,alle fire
2000-05,AUD,-0.028096513702114856,0.002442296057348213,0.001393714021489837,alle fire
2000-06,AUD,0.013354804640442808,-0.0020491435615665973,0.0012046741001846787,alle fire
2000-07,AUD,0.010626596174795888,0.000693123561067623,0.001282063466683138,alle fire
2000-08,AUD,0.0506745642750166,-0.000969813186670761,0.0013412060787598012,alle fire
2000-09,AUD,0.044593375542818725,0.0017529099187061034,0.0016514787718180197,alle fire
2000-10,AUD,0.011810230967277513,0.005374449125014344,0.0019198656266367741,alle fire
2000-11,AUD,-0.04640572054970571,0.005027642791517127,0.001981296467261872,alle fire
2000-12,AUD,-0.015589596031844843,0.0030484230220838965,0.001682611177033677,alle fire
2001-01,AUD,0.03930185234761363,0.0025627978618603473,0.0015766467156295143,alle fire
2001-02,AUD,0.059223229621523155,0.0023972708967289705,0.001806678457287954,alle fire
2001-03,AUD,0.0029638581965806265,0.004254223576321317,0.002154657555253016,alle fire
2001-04,AUD,-0.03584759631475254,0.004775026211705544,0.0021595322579116157,alle fire
2001-05,AUD,0.0036845834259097154,0.0009155129750145338,0.001931944661668118,alle fire
2001-06,AUD,0.01771320859907055,0.002037607185371432,0.0019423770352647942,alle fire
2001-07,AUD,-0.030380513799836306,0.00244539005360039,0.0020356955652281418,alle fire
2001-08,AUD,0.04085976528946145,0.0009064965736083966,0.0018450119807277628,alle fire
2001-09,AUD,-0.00120937278534472,0.0007462849630296472,0.0020731684328256206,alle fire
2001-10,AUD,-0.024086483612522525,-0.0021227307084489386,0.0020540838908595137,alle fire
2001-11,AUD,0.005254493853409703,-0.0032122375057904865,0.0019029823445971899,alle fire
2001-12,AUD,-0.006236329965666476,-0.00013929720570545227,0.0019222439049926643,alle fire
2002-01,AUD,0.008186849011332265,0.0009617532011004732,0.001875623482874612,alle fire
2002-02,AUD,-0.024659281521838383,-0.00011254369408701193,0.0019114827188317577,alle fire
2002-03,AUD,-0.01808540184681806,-0.0026445795352829007,0.001761365406737576,alle fire
2002-04,AUD,-0.02695902697468322,-0.0037807667251231023,0.0016498667143018703,alle fire
2002-05,AUD,-0.03291995371469014,-0.003484324724446885,0.0014900404925756966,alle fire
2002-06,AUD,0.025691338985669554,-0.004741702888240336,0.0012988738580908864,alle fire
2002-07,AUD,0.022830916936674828,-0.0036573670077016287,0.001433638858795741,alle fire
2002-08,AUD,-0.009572573913074756,-0.0009725022551671661,0.0015512063207621094,alle fire
2002-09,AUD,-0.0067447408377605544,-0.002839257504618055,0.0014904206364242032,alle fire
2002-10,AUD,-0.019950093464516483,-0.003891822593955533,0.0014456643240645035,alle fire
2002-11,AUD,-0.0019664584812556507,-0.003804727430705841,0.001330011579261363,alle fire
2002-12,AUD,-0.035782504819176775,-0.0022827006068873125,0.0013122886219467554,alle fire
2003-01,AUD,-0.021564495565184583,-0.00350354633333923,0.0011139207425824584,alle fire
2003-02,AUD,-0.009875884547531633,-0.0044736298561866466,0.0009932908686049742,alle fire
2003-03,AUD,-0.014053172097598654,-0.003587370381247676,0.0009357820039693306,alle fire
2003-04,AUD,-0.05853369032386163,-0.0034208795090079434,0.000856892771855815,alle fire
2003-05,AUD,-0.02807293947476025,-0.0028550122632016255,0.0005459473106216922,alle fire
2003-06,AUD,0.006762157827984672,-0.0024534927437721574,0.0003968906086144946,alle fire
2003-07,AUD,0.013584223063422551,-0.004626285394465933,0.00042987126778221574,alle fire
2003-08,AUD,-0.017755447703097227,-0.004427324611187403,0.0004976772048731453,alle fire
2003-09,AUD,-0.046096740553473625,-0.006218932878509247,0.00040407143611432286,alle fire
2003-10,AUD,-0.02982980401166324,-0.006341302416772864,0.00016682239535111904,alle fire
2003-11,AUD,-0.0320027310861738,-0.00838167537057885,1.4555256229218744e-05,alle fire
2003-12,AUD,-0.04319608415493109,-0.009667952073354736,-0.00014714821014655407,alle fire
2004-01,AUD,-0.006814336419730338,-0.010548500441242864,-0.00036347452142687837,alle fire
2004-02,AUD,0.035868018879442465,-0.009933488187258107,-0.00039572883091839564,alle fire
2004-03,AUD,0.007096201579976813,-0.004813880099580792,-0.00021531217564296851,alle fire
2004-04,AUD,0.05587155882248557,-0.003976696232088266,-0.00017911656299138541,alle fire
2004-05,AUD,0.014534530200425444,0.005327334680032069,9.699513841490499e-05,alle fire
2004-06,AUD,-0.031715131693225374,0.004936232701036155,0.00016776736911103507,alle fire
2004-07,AUD,0.006993035490970578,0.00360481478640482,1.224103222158918e-05,alle fire
2004-08,AUD,0.011734900675443638,0.003338610943104694,4.612838396308913e-05,alle fire
2004-09,AUD,-0.04300888985511314,0.003940143026917212,0.00010259588295574879,alle fire
2004-10,AUD,-0.048863534432497246,0.0064950585704511826,-0.00010467087540035152,alle fire
2004-11,AUD,0.003767930944850506,0.0021942600124868475,-0.0003379668732811979,alle fire
2004-12,AUD,0.000920598453970245,0.004509394266990398,-0.00031841497890914216,alle fire
2005-01,AUD,-0.018574947800792108,0.008325686990280221,-0.00031254287733151475,alle fire
2005-02,AUD,-0.0046196691796761835,0.005596670205528827,-0.00039868629678180056,alle fire
2005-03,AUD,0.014105045848757908,0.005078574629164865,-0.00041850311782825304,alle fire
2005-04,AUD,0.009779464225648016,0.0025897583639324035,-0.00035063606658252333,alle fire
2005-05,AUD,-0.0005365423805562819,-0.00037440634645301323,-0.000303519321037265,alle fire
2005-06,AUD,0.018835523051049574,0.00017095985108943042,-0.0003045981314980012,alle fire
2005-07,AUD,-0.011882826670414848,0.00353325686571161,-0.00021639480807612299,alle fire
2005-08,AUD,-0.004884760132650268,0.002368952079054108,-0.0002699105505639153,alle fire
2005-09,AUD,0.015261675818981635,-5.623515711508989e-05,-0.00029098292308485753,alle fire
2005-10,AUD,0.024488589286894236,0.0034242543444849057,-0.00022028901971182804,alle fire
2005-11,AUD,-0.00945633524203554,0.006907319365131879,-0.00010848414049641597,alle fire
2005-12,AUD,-0.011046537168537651,0.0058587391373002414,-0.00015059157789073637,alle fire
2006-01,AUD,0.011714366377493846,0.005460941170278576,-0.00019945232044969114,alle fire
2006-02,AUD,0.020702545288468488,0.006515220144552465,-0.000146265629833872,alle fire
2006-03,AUD,-0.014122358150617798,0.008154849272444703,-5.3604247974750424e-05,alle fire
2006-04,AUD,-0.035936502648815816,0.007157063834475778,-0.00011585537143777276,alle fire
2006-05,AUD,0.03187520853044895,0.0033037804017678795,-0.00027365557970816063,alle fire
2006-06,AUD,-0.01723987621391071,0.004351661202938919,-0.0001326517897513312,alle fire
2006-07,AUD,-0.013642776403786583,0.0027199398984749743,-0.00020735582653805336,alle fire
2006-08,AUD,0.010853584591410892,0.0018461918072456439,-0.00026577069861304694,alle fire
2006-09,AUD,0.0006791684221372218,0.002129695409409267,-0.00021763496142679614,alle fire
2006-10,AUD,-0.024126991051507174,0.0019347849139103837,-0.00021376942960108918,alle fire
2006-11,AUD,-0.016676144262154163,-0.00034067962199668076,-0.0003164012820556217,alle fire
2006-12,AUD,0.004077797369551189,-0.00030292516212612535,-0.00038631471359450436,alle fire
2007-01,AUD,-0.0005479666660266336,8.477254022251462e-06,-0.00036731849196409717,alle fire
2007-02,AUD,-0.012924760264992646,-0.00037283698911144746,-0.0003680839503287689,alle fire
2007-03,AUD,-0.04203899027869376,-0.002198714009343262,-0.00042106570693072623,alle fire
2007-04,AUD,0.002231129298050555,-0.0025985563091358035,-0.0005959309362238482,alle fire
2007-05,AUD,-0.02026166784346442,-0.0013271043605824254,-0.0005841022323147503,alle fire
2007-06,AUD,-0.029664097542312362,-0.002695813057428485,-0.0006660920890278738,alle fire
2007-07,AUD,0.04545851771839354,-0.004521835318842765,-0.0007864157631078925,alle fire
2007-08,AUD,-0.02026870057100233,-0.0028176049848349077,-0.0005953209966554072,alle fire
2007-09,AUD,-0.06132289414984629,-0.0032234789451070257,-0.0006762814064263822,alle fire
2007-10,AUD,0.0038608353233068604,-0.00586329194742893,-0.0009248330979977752,alle fire
2007-11,AUD,0.027401396178821397,-0.005613611543260979,-0.0009052997575026543,alle fire
2007-12,AUD,-0.011840685634957993,-0.003012717352227248,-0.0007902318878428004,alle fire
2008-01,AUD,-0.03455892985613965,-0.004203869708623649,-0.0008349705669809186,alle fire
2008-02,AUD,-0.00954398361245011,-0.004970900855614536,-0.0009709542737920425,alle fire
2008-03,AUD,-0.009542852795570073,-0.00523058534359063,-0.0010053841104934805,alle fire
2008-04,AUD,-0.019458244227115194,-0.0028340153346973892,-0.001039533985233787,alle fire
2008-05,AUD,-0.001995344858896249,-0.00349310634888181,-0.0011129153009384937,alle fire
2008-06,AUD,-0.011382781087279872,-0.0028314774056894315,-0.0011164170055335645,alle fire
2008-07,AUD,0.08736404847979543,-0.0031669986285477337,-0.0011569955196906645,alle fire
2008-08,AUD,0.07626537530200653,-0.002018316996254894,-0.0008084874724485933,alle fire
2008-09,AUD,0.1730489346581351,0.0025723461044553624,-0.0005062370301958282,alle fire
2008-10,AUD,0.041448344076739196,0.016552144451132057,0.00017171285921171488,alle fire
2008-11,AUD,-0.019232001839631085,0.019249160822944453,0.0003323223192020942,alle fire
2008-12,AUD,-0.005187117966114929,0.013029605229364881,0.00025649160540816714,alle fire
2009-01,AUD,0.037710309671675046,0.0089596243652705,0.0002354738078347189,alle fire
2009-02,AUD,-0.02455928814513708,0.014966169167049386,0.0003796077919264124,alle fire
2009-03,AUD,-0.07127135227857406,0.010741459718516849,0.0002840564664970504,alle fire
2009-04,AUD,-0.06621016331788376,0.005989320565920807,1.0944219378458368e-05,alle fire
2009-05,AUD,-0.048098242990256196,0.0017179503828579118,-0.00024084706403318507,alle fire
2009-06,AUD,-0.002973681114344595,-0.0022433815835836415,-0.000422125078905242,alle fire
2009-07,AUD,-0.03705949585593338,0.004822522914011407,-0.0004317535922465226,alle fire
2009-08,AUD,-0.03173792053620372,-0.002242773922187644,-0.0005694518714333153,alle fire
2009-09,AUD,-0.050304502130238946,0.0016093986029324218,-0.0006861877091290847,alle fire
2009-10,AUD,-0.014245515308397502,-0.0048354303164041545,-0.0008713306733869573,alle fire
2009-11,AUD,0.019310191052662476,-0.005188246854000603,-0.0009210488318814204,alle fire
2009-12,AUD,-0.011614321645018688,-0.0020094339719124777,-0.0008461183137905171,alle fire
2010-01,AUD,0.03002742677512897,-0.0036318060459205885,-0.0008858533814334255,alle fire
2010-02,AUD,-0.029662429964798703,-0.00141292188849302,-0.0007722016161519458,alle fire
2010-03,AUD,-0.015075200468582975,-0.004734099942722135,-0.0008780266284180512,alle fire
2010-04,AUD,0.06107671493352783,-0.0044703194908025405,-0.0009298411314843465,alle fire
2010-05,AUD,0.020183538361468994,0.0016392750912593125,-0.0007043627457933931,alle fire
2010-06,AUD,-0.02849541087906801,-6.37955939529174e-05,-0.0006286819446801237,alle fire
2010-07,AUD,-0.02454765736151676,-0.0009215868549521625,-0.0007292838541905492,alle fire
2010-08,AUD,-0.04277103835982097,-0.0011185162705056103,-0.0008149614567348881,alle fire
2010-09,AUD,-0.04379841478082541,-0.0009059742865226822,-0.0009653416606886015,alle fire
2010-10,AUD,-0.007193212274267398,-0.0023403491898884832,-0.0011183169218319474,alle fire
2010-11,AUD,-0.0039635406624555685,-0.001138386338992688,-0.0011399357665025363,alle fire
2010-12,AUD,-0.0033814055093041905,-0.0019071683782202146,-0.0011499485498215186,alle fire
2011-01,AUD,-0.01212743502875389,-0.0020544502198390677,-0.0011578335567454857,alle fire
2011-02,AUD,-0.002928555488653086,-0.002766186354755149,-0.00119645891404129,alle fire
2011-03,AUD,-0.04583639976186209,-0.0037667059244151264,-0.001202536445882033,alle fire
2011-04,AUD,-0.008185874658056702,-0.0033788039327887066,-0.0013585989050288168,alle fire
2011-05,AUD,0.0054292995452638534,-0.0005985893706314555,-0.0013823873222867534,alle fire
2011-06,AUD,-0.01529850644739484,-0.0020128650518794517,-0.0013587356317744247,alle fire
2011-07,AUD,0.026174491379041875,-0.0028325663086079525,-0.0014069701328665368,alle fire
2011-08,AUD,0.02724569007571252,-0.001145064302084319,-0.001311861644894439,alle fire
2011-09,AUD,0.005096850992982845,-0.0017798094719543181,-0.0012137257283287794,alle fire
2011-10,AUD,0.00547557644683133,0.00029135462474355524,-0.0011921141642146985,alle fire
2011-11,AUD,-0.001011736225516844,-0.0009454217908165509,-0.0011693575409688073,alle fire
2011-12,AUD,-0.028439881953588257,0.00017927446914324616,-0.0011688214140455015,alle fire
2012-01,AUD,-0.03002339671414369,-0.001558086819703811,-0.0012612656870609005,alle fire
2012-02,AUD,0.019343785211890133,-0.003202487936859135,-0.001358435048638883,alle fire
2012-03,AUD,0.016908867525719767,-0.002104771002743287,-0.0012887306033172365,alle fire
2012-04,AUD,0.03638242952450387,0.0007057193812833936,-0.0012276648377835555,alle fire
2012-05,AUD,-0.0005989817489656492,0.002160244084770259,-0.0011018785690133635,alle fire
2012-06,AUD,-0.030930823519745267,0.003936150528656562,-0.001100202246279871,alle fire
2012-07,AUD,-0.016826321372111704,-0.0023709077272036825,-0.00119930730034454,alle fire
2012-08,AUD,0.006577253966304965,-0.003143622377541448,-0.0012510523800523781,alle fire
2012-09,AUD,0.010455040630015865,-0.0005846219746103536,-0.0012252163855099448,alle fire
2012-10,AUD,-0.010350987771069693,-0.0003775662074178206,-0.0011867944874325571,alle fire
2012-11,AUD,-0.005739046377584149,-0.00027348363103408895,-0.0012168410227887446,alle fire
2012-12,AUD,-0.003354300838946736,-0.0008675730735649833,-0.0012316194716606248,alle fire
2013-01,AUD,0.018207858786789332,-0.0013454588152881182,-0.0012385337432153027,alle fire
2013-02,AUD,-0.0033047639289373286,-0.0010096122959252654,-0.001175396105130872,alle fire
2013-03,AUD,-0.0034195152744392956,0.0011535595168533472,-0.0011822872631367183,alle fire
2013-04,AUD,0.045453147452410005,0.0005818463040139952,-0.0011895041276893071,alle fire
2013-05,AUD,0.049441749953919874,-0.0004905367229753436,-0.0010395277560491165,alle fire
2013-06,AUD,0.03067725224704717,0.00019068566084906385,-0.0008777287890299852,alle fire
2013-07,AUD,0.013006686614511903,-0.000443119805476157,-0.0007769141531319751,alle fire
2013-08,AUD,-0.029064617484991617,9.671296319487064e-05,-0.0007330173354006252,alle fire
2013-09,AUD,-0.022961392693962683,0.00017325329530240683,-0.0008229589231771044,alle fire
2013-10,AUD,0.02072613051711695,5.39677119600606e-05,-0.0008930172578947803,alle fire
2013-11,AUD,0.03760563877798308,0.00048243926465198206,-0.0008248180535572039,alle fire
2013-12,AUD,0.013645696687346151,-1.585093936155369e-05,-0.0007039675603762597,alle fire
2014-01,AUD,-0.013017302214492973,0.0011092943049418585,-0.0006589842868724278,alle fire
2014-02,AUD,-0.01273442361165053,-0.00036142111290763236,-0.000697604030396242,alle fire
2014-03,AUD,-0.024567643122522145,0.0004309181009038444,-0.000735101910711676,alle fire
2014-04,AUD,0.0011172145282719592,-0.0002656551543136879,-0.0008091160138539446,alle fire
2014-05,AUD,-0.006441095781021658,-0.0012787093950406242,-0.0008031521422064959,alle fire
2014-06,AUD,-0.002531765616965956,-0.001330540619354172,-0.0008205532028201231,alle fire
2014-07,AUD,0.008507507022239041,5.067966748056201e-05,-0.0008258184717867254,alle fire
2014-08,AUD,0.029173704610921183,-3.1999651681028805e-05,-0.0007971886389829655,alle fire
2014-09,AUD,0.02922517332160232,0.0007296011049342455,-0.0007055345311850936,alle fire
2014-10,AUD,0.01576893763096074,0.00198399330830409,-0.000614282373097327,alle fire
2014-11,AUD,0.045785023492161625,0.002387946804238827,-0.0005644853518083965,alle fire
2014-12,AUD,0.023662983981721758,0.006932285797011149,-0.0004240322947054571,alle fire
2015-01,AUD,0.03361927653619795,0.007653318363202982,-0.00035126185278271636,alle fire
2015-02,AUD,0.009467710019676973,-0.00649444396881543,-0.0002489409540207264,alle fire
2015-03,AUD,-0.0020876027220543825,0.0019917077472769397,-0.00021976182196758009,alle fire
2015-04,AUD,-0.019302752254528627,-0.0018002283051888688,-0.00022535415999179223,alle fire
2015-05,AUD,0.022548253905597088,-0.0016086461968334038,-0.00028230161699040955,alle fire
2015-06,AUD,0.04074175676958486,0.002589446940296719,-0.00021435353507794668,alle fire
2015-07,AUD,0.015215847237253277,0.004239733356562406,-9.282205049437755e-05,alle fire
2015-08,AUD,0.03286512331906849,0.007979910729210678,-4.753012952470993e-05,alle fire
2015-09,AUD,-0.019747567397348953,0.0013745434954698002,4.955734377497503e-05,alle fire
2015-10,AUD,0.007531506389623022,0.0004833072889806225,-8.669493698918875e-06,alle fire
2015-11,AUD,-0.014032540554287654,0.005447777817195662,1.3442459038095613e-05,alle fire
2015-12,AUD,0.033072645771867804,0.006241582775942289,-2.7627666731862718e-05,alle fire
2016-01,AUD,-0.017397892860364472,0.008728958821498146,6.887458819116838e-05,alle fire
2016-02,AUD,-0.050553864540575255,-0.0020898394615479067,1.8099101422111284e-05,alle fire
2016-03,AUD,-0.021082148821632674,-0.0064368384699975125,-0.00012848630043875065,alle fire
2016-04,AUD,0.046202954061318635,-0.004311561764859541,-0.00018904601870809725,alle fire
2016-05,AUD,-0.011259639874532434,-0.0040209849527245226,-5.535149398179542e-05,alle fire
2016-06,AUD,-0.017168444386976955,-0.0018635347422572104,-8.754772496038921e-05,alle fire
2016-07,AUD,-0.013187004281953851,0.0015156015160275,-0.0001364901222727576,alle fire
2016-08,AUD,0.004946549411121937,-0.0013766109502283603,-0.00017377730558613215,alle fire
2016-09,AUD,-0.0031172806083438753,-0.0013027238039597807,-0.00015918948018240546,alle fire
2016-10,AUD,0.01098121527441892,-0.0026187186658428235,-0.00016759314816013692,alle fire
2016-11,AUD,0.02499200361657089,0.004606104243291091,-0.00013601012146727823,alle fire
2016-12,AUD,-0.016069063598377897,-0.005160704037404962,-6.502703181180334e-05,alle fire
2017-01,AUD,-0.02632128961324537,-0.0017641179823151736,-0.00011010882495705994,alle fire
2017-02,AUD,0.005502918197230311,-0.0011589799582124311,-0.00018373573728371233,alle fire
2017-03,AUD,0.011594113128122141,0.0022043599708761966,-0.00016780673466602615,alle fire
2017-04,AUD,0.01294976740277981,-0.0015563079405119097,-0.00013495220990963447,alle fire
2017-05,AUD,-0.01664830352812191,0.0011751312705397148,-9.850452296620999e-05,alle fire
2017-06,AUD,-0.03188531166972411,0.0021995079279772565,-0.00014447618686942026,alle fire
2017-07,AUD,-0.013756456372490261,-0.0017126921140928658,-0.00023240093889948858,alle fire
2017-08,AUD,-0.007388315634595993,-0.0035496924995063366,-0.00026976020805305435,alle fire
2017-09,AUD,0.023562021419902435,-0.0038568743043094515,-0.00028937055358072076,alle fire
2017-10,AUD,0.021801117652334473,-0.0006093242580086839,-0.00022384475145576703,alle fire
2017-11,AUD,-0.00366440596316292,-0.0035415272676961105,-0.00016350238870565685,alle fire
2017-12,AUD,-0.03946854500828634,-0.0012251125010511968,-0.00017306769901838162,alle fire
2018-01,AUD,0.01123429536983142,-0.002500462906033188,-0.00028013984427524254,alle fire
2018-02,AUD,0.01382888556214143,0.0029920360642831227,-0.0002488506181499528,alle fire
2018-03,AUD,0.009729055198119063,-0.0007989447818159451,-0.00021069957159089745,alle fire
2018-04,AUD,0.02091092427657837,-0.003420873729293152,-0.00018383536951060026,alle fire
2018-05,AUD,0.0036055022908869083,-0.002043715701878576,-0.00012697617908987528,alle fire
2018-06,AUD,0.01273997488306372,0.0008488382628487272,-0.00011694263481574429,alle fire
2018-07,AUD,0.010603928521139339,0.00028242506612810396,-8.247368704663029e-05,alle fire
2018-08,AUD,0.01634676234441279,0.0013459523212085251,-5.390041911030417e-05,alle fire
2018-09,AUD,0.013314441499237328,-0.00181609405514816,-1.0165318407575915e-05,alle fire
2018-10,AUD,-0.01895110911869341,0.00046405869581777996,2.5272465681905212e-05,alle fire
2018-11,AUD,0.010811695340680882,0.008280941168468262,-2.506276398487281e-05,alle fire
2018-12,AUD,0.0025059978030815278,0.003429183321710271,3.6059082496926792e-06,alle fire
2019-01,AUD,0.002071651274900943,-0.0010965758910019795,1.0208525386452139e-05,alle fire
2019-02,AUD,0.007606761877015311,-0.0021039973945442044,1.5633374727279745e-05,alle fire
2019-03,AUD,-0.004044997176985254,-0.0010315761071073416,3.555759651806198e-05,alle fire
2019-04,AUD,0.023611524838022646,-0.00225096312456157,2.4875515959152774e-05,alle fire
2019-05,AUD,-0.00013890818191519827,1.850266376243108e-05,8.64594567478303e-05,alle fire
2019-06,AUD,-0.004594828468283685,0.0027812816338613705,8.587256185547882e-05,alle fire
2019-07,AUD,0.029495796096391913,0.000637653725067571,7.371489684213034e-05,alle fire
2019-08,AUD,-0.005843598880523881,0.001406149601163246,0.0001499379051311194,alle fire
2019-09,AUD,0.0024503143215436896,-0.00127851817470602,0.00013445072997438813,alle fire
2019-10,AUD,-0.004223727241136566,0.002286668236743653,0.00014041945057121624,alle fire
2019-11,AUD,-0.008776797975559636,-0.0008839976520997295,0.00012920056447428106,alle fire
2019-12,AUD,0.00522050917755118,-0.0015063941958294454,0.0001063646707818864,alle fire
2020-01,AUD,0.027702602549335764,0.0019106543566568227,0.0001194443242518846,alle fire
2020-02,AUD,0.06925051300242041,0.004125437567522247,0.00018980952380566986,alle fire
2020-03,AUD,-0.014972871733051563,0.019251237503620545,0.00036553650466728514,alle fire
2020-04,AUD,-0.03200324425182338,0.017952486882265778,0.0003266065345207907,alle fire
2020-05,AUD,-0.05692075576746358,-0.010678052638001208,0.00024475881101105863,alle fire
2020-06,AUD,-0.02020974706746753,-0.00923688634558166,0.00010040145096440551,alle fire
2020-07,AUD,-0.022928945253485933,-0.0027640328036741073,4.9242386686239426e-05,alle fire
2020-08,AUD,-0.002885380347067368,-0.001304388287338294,-8.491753113188146e-06,alle fire
2020-09,AUD,0.014344361280445306,0.0026774777389343063,-1.57020002158302e-05,alle fire
2020-10,AUD,-0.02072165660950548,0.0008947076507910196,2.0198157985822363e-05,alle fire
2020-11,AUD,-0.03536917946277274,-0.0019219231909510966,-3.152716562388163e-05,alle fire
2020-12,AUD,-0.025478113453464013,-0.005422959316431259,-0.00011943177332823202,alle fire
2021-01,AUD,-0.0034828408721154225,-0.00313205322395291,-0.00018235654176529352,alle fire
2021-02,AUD,0.005566737740166805,-0.004504672255272454,-0.00019052605743447699,alle fire
2021-03,AUD,0.0011558467863592714,-0.001529225507244783,-0.00017631059126756025,alle fire
2021-04,AUD,-0.00796385699001273,-0.0010359591582972116,-0.00017302941546059762,alle fire
2021-05,AUD,0.01555912155143846,-0.0032600419603120096,-0.0001921714979533547,alle fire
2021-06,AUD,0.030039522975800093,-0.00324903762600357,-0.00015356538753817853,alle fire
2021-07,AUD,0.015309049999681357,-0.0020251221945658524,-7.974365559847617e-05,alle fire
2021-08,AUD,-0.0010962108745641297,0.0018336178160586792,-4.221001253681804e-05,alle fire
2021-09,AUD,-0.013545554577650998,-0.0011525525998890111,-4.477449151985286e-05,alle fire
2021-10,AUD,0.014276495330902195,-0.002833814821723443,-7.754337522405467e-05,alle fire
2021-11,AUD,0.020968160301449434,0.001019446454978591,-4.278783356273203e-05,alle fire
2021-12,AUD,-0.0034403703658674734,0.002901155128895925,7.963248888988178e-06,alle fire
2022-01,AUD,0.0015066186442102558,-0.002801138532030164,-3.4598873693100606e-07,alle fire
2022-02,AUD,-0.028209795004289884,-0.0021146257320646573,3.2765223999610698e-06,alle fire
2022-03,AUD,0.001400096024741837,-0.0046792131596946306,-6.438072346740067e-05,alle fire
2022-04,AUD,0.04485508776844077,0.007037954484956807,-6.087719057694795e-05,alle fire
2022-05,AUD,0.0022505108310099664,-0.000941178039120353,4.632081648514685e-05,alle fire
2022-06,AUD,0.024358443832040333,-0.00044619394210541425,5.156888794830118e-05,alle fire
2022-07,AUD,-0.015197860909431316,0.0023510144123042942,0.00010930493294614449,alle fire
2022-08,AUD,0.04251900846189649,0.0041550848935565194,7.303202810638747e-05,alle fire
2022-09,AUD,0.04621370394367408,0.00881784279131577,0.00017337712605860992,alle fire
2022-10,AUD,-0.03487067495873586,0.003604386520842853,0.00028196280251525035,alle fire
2022-11,AUD,-0.02281619989140321,0.0009567120796026764,0.0001992507136652477,alle fire
2022-12,AUD,-0.030210880646361626,0.0030276954731326936,0.00014522383431062692,alle fire
2023-01,AUD,0.008932030995085438,-0.000943619499414549,7.413225473059823e-05,alle fire
2023-02,AUD,0.03201792862981673,0.002048289916795593,9.482827982488524e-05,alle fire
2023-03,AUD,-0.0018041500333201843,0.001996433577749496,0.00016924110115353755,alle fire
2023-04,AUD,0.006732236725105201,-0.003423350321349763,0.0001646518194454591,alle fire
2023-05,AUD,-0.010484586343655677,0.005447526833740048,0.0001798898354678715,alle fire
2023-06,AUD,-0.0043057117112119125,0.0021197270935858752,0.00015520354801619644,alle fire
2023-07,AUD,0.03874864921357113,-0.0009724725560746955,0.0001449012033066627,alle fire
2023-08,AUD,0.009424897085236639,0.00021122215014676818,0.00023384993144091263,alle fire
2023-09,AUD,0.012197220086930749,-0.000861305737306522,0.0002549787754726269,alle fire
2023-10,AUD,-0.025000498763794732,0.004573289651402513,0.00028236923719615473,alle fire
2023-11,AUD,-0.028048164576495394,0.0009497712170459747,0.00022451370401310923,alle fire
2023-12,AUD,0.008530541567069505,-0.001255689248166786,0.00015996421022199394,alle fire
2024-01,AUD,0.01736771501823503,-0.00021950641069514338,0.00017903158461116822,alle fire
2024-02,AUD,-0.0054934413213771904,0.00032986205587157293,0.00021809677423304083,alle fire
2024-03,AUD,0.007773498333380369,-0.0004885322405740282,0.00020514544068290423,alle fire
2024-04,AUD,-0.018122623364191404,0.0010725086492708788,0.00022226841102837363,alle fire
2024-05,AUD,-0.002388219259040203,0.0028649226819043947,0.0001808578201136563,alle fire
2024-06,AUD,-0.004660150900904936,-0.0011677317564134935,0.00017507161047592237,alle fire
2024-07,AUD,0.0022662143938697588,-0.0013064551721535874,0.00016420594191102157,alle fire
2024-08,AUD,-0.016716847277525926,-0.0008677984948092841,0.00016891896534590662,alle fire
2024-09,AUD,0.010371860220202977,0.0013229699862880788,0.00013114320193903452,alle fire
2024-10,AUD,0.02605622875189334,0.0017863563923308555,0.0001540019452833735,alle fire
2024-11,AUD,0.0301562697700416,0.0026727288504627637,0.00021169064641168078,alle fire
2024-12,AUD,0.016396384538418463,0.0009718461967673338,0.0002782341555753028,alle fire
2025-01,AUD,-0.011216007800701477,0.0001535691533279134,0.00031397284822018786,alle fire
1997-06,CAD,-0.004924334666619845,5.6937128779663407e-05,0.0002791300241819778,olie
1997-07,CAD,0.009393132646950075,0.00039873707009324596,0.00023612618376212807,olie
1997-08,CAD,-0.0023760676477422304,0.00034041167853216355,0.00031118361378825875,olie
1997-09,CAD,-0.00021628636398790535,0.0002604699209189374,0.0002893360425563036,olie
1997-10,CAD,0.018502510187406118,0.0005666740875144216,0.0002852584425035277,olie
1997-11,CAD,0.010070862256649937,0.00023339348217830638,0.0004309964564627484,olie
1997-12,CAD,0.009623505232542906,-4.100317558556005e-05,0.0005075033278928054,olie
1998-01,CAD,-0.005218673779069594,0.00012339095466257558,0.0005792828704491055,olie
1998-02,CAD,-0.011789610240296566,0.00019702319427174528,0.0005339863341247406,olie
1998-03,CAD,0.00927494001322915,5.4461667532832456e-05,0.0004384545777338778,olie
1998-04,CAD,0.010713145940733748,0.0006743680400044606,0.0005064275426223029,olie
1998-05,CAD,0.013948760877461996,0.0009070207964091644,0.000584341423523917,olie
1998-06,CAD,0.0144969345522305,-0.00029859474389247107,0.0006855870254476904,olie
1998-07,CAD,0.0315763450403872,0.000763162195164797,0.0007894317436941777,olie
1998-08,CAD,-0.008375916001142458,0.0009838993883482387,0.001019184827997857,olie
1998-09,CAD,0.015259507049703802,0.0013386886512195204,0.0009495914885227435,olie
1998-10,CAD,-0.003111228851372383,0.0008150674339215028,0.001054811455884369,olie
1998-11,CAD,0.0018808579660319347,0.00029219635641668847,0.0010244024025467284,olie
1998-12,CAD,-0.015607460837664455,0.00045293408872233796,0.0010306086022821284,olie
1999-01,CAD,-0.014384922070771355,0.001811760707887665,0.0009109102609875488,olie
1999-02,CAD,0.01319954162245457,0.00043703494863446215,0.0008016543157606994,olie
1999-03,CAD,-0.01963000118479996,0.0016691895700524384,0.0008895825945315779,olie
1999-04,CAD,-0.01831056175796575,0.0006595979776717456,0.0007450784834095248,olie
1999-05,CAD,0.005732630180933285,0.0006224171634629156,0.000611822257945362,olie
1999-06,CAD,0.013182546825036945,0.00047399799370385887,0.0006473834240772226,olie
1999-07,CAD,0.0028167143564197805,5.957814551238536e-05,0.0007338328268424621,olie
1999-08,CAD,-0.010840761993874681,0.0005658212617778918,0.0007480991386888821,olie
1999-09,CAD,0.00033844383847608794,0.00026290670870305624,0.0006692633486714429,olie
1999-10,CAD,-0.006927022605136335,0.0007629486184626883,0.0006670280817106635,olie
1999-11,CAD,0.0032657533447116305,0.00022380254366147152,0.0006160612985774621,olie
1999-12,CAD,-0.01616030786337974,0.0005234532340795571,0.0006337259122183565,olie
2000-01,CAD,0.0017932275996463964,0.0005244712218306403,0.0005225071454925414,olie
2000-02,CAD,0.006593430479831908,0.00021647420156557302,0.0005308671484803957,olie
2000-03,CAD,0.005529590496665182,0.0006138548304153925,0.0005704917454173337,olie
2000-04,CAD,0.018080503327911668,0.0012461044349819325,0.0006026936853605015,olie
2000-05,CAD,-0.012581321133901091,-0.0004959096439409524,0.000715453747570509,olie
2000-06,CAD,0.0005414918231673727,6.659924770250226e-05,0.0006302180111508193,olie
2000-07,CAD,0.003377696922029938,0.0009657026064708519,0.0006296528761955108,olie
2000-08,CAD,0.0024248967829968993,0.00024529348866935444,0.0006470455600299058,olie
2000-09,CAD,0.01740682184542247,-7.200305103216987e-05,0.0006582270142624026,olie
2000-10,CAD,0.019705393594902254,0.001252013991398232,0.000762905731957153,olie
2000-11,CAD,-0.013509750259144748,0.0005091536840611363,0.0008805609360748245,olie
2000-12,CAD,-0.012363385141498429,0.0028330918743373853,0.0007917318546228518,olie
2001-01,CAD,0.012166243691870304,0.000730764177061505,0.000711025615382844,olie
2001-02,CAD,0.024089727703879404,0.0003948409471945493,0.0007808745060931333,olie
2001-03,CAD,-0.0005775710091571185,0.0014323332114078385,0.0009221402830494138,olie
2001-04,CAD,-0.010778122344516361,0.0007283084387613385,0.0009131058776746757,olie
2001-05,CAD,-0.010829959713022363,0.00040555217572069624,0.0008430985230507772,olie
2001-06,CAD,0.0041239871232376935,0.000875115443830506,0.0007736160335503418,olie
2001-07,CAD,0.005927004682820036,0.0014768525440182288,0.000793440714554409,olie
2001-08,CAD,0.01801966513203762,0.000584471154017458,0.0008236381496618539,olie
2001-09,CAD,0.0024206917158789976,0.0009466524773977256,0.000924199710962297,olie
2001-10,CAD,0.012958871572194053,0.00211644356887506,0.0009329002458746034,olie
2001-11,CAD,-0.008451642865785813,0.0016329298671384155,0.0010024145309978371,olie
2001-12,CAD,0.013151046858857929,0.0009793413444753993,0.0009480808677979312,olie
2002-01,CAD,-0.002065017472971109,0.0007772113235404758,0.0010178121020325598,olie
2002-02,CAD,-0.005464666091113124,0.0007183952610227342,0.001000296024901857,olie
2002-03,CAD,-0.003912664337762273,-8.27467881874428e-05,0.0009637708152068572,olie
2002-04,CAD,-0.019989808898292438,0.00035768120449630454,0.000936375112100289,olie
2002-05,CAD,-0.011940440371917882,0.00095851347306269,0.0008194690561763073,olie
2002-06,CAD,0.008968669982760469,0.0011828301326437445,0.0007485806704646729,olie
2002-07,CAD,0.015281196235119143,0.0002416661402618698,0.0007939955285436552,olie
2002-08,CAD,0.004260060488122608,0.000617400929677195,0.0008735955324259381,olie
2002-09,CAD,0.001204781224324214,0.00041816542989332837,0.0008921008054078871,olie
2002-10,CAD,-0.004127645168197358,0.0011468757381089896,0.0008938001555106932,olie
2002-11,CAD,-0.007857708044271217,0.0018132101004948156,0.0008666572078149741,olie
2002-12,CAD,-0.01148177484945806,-0.00018590481121368886,0.000819752018287629,olie
2003-01,CAD,-0.019191681225269486,1.91009420801155e-05,0.0007539684521499514,olie
2003-02,CAD,-0.024095938575672382,0.00022152771985546935,0.0006478745708870821,olie
2003-03,CAD,-0.012200676170621205,0.0012182130024517984,0.0005169549246089897,olie
2003-04,CAD,-0.0522249411947151,0.00233754360698311,0.00045002002410777814,olie
2003-05,CAD,-0.023023125456978155,0.00011493392355821335,0.00017423488683645418,olie
2003-06,CAD,0.021649349889344416,-9.844748153922314e-05,5.341530171241975e-05,olie
2003-07,CAD,0.01022179933816808,0.00013322509007468973,0.00016531133584522803,olie
2003-08,CAD,-0.023844301019464276,0.00015391166270081248,0.00021714890286751075,olie
2003-09,CAD,-0.030760198412633777,0.00029825454354708236,9.375685198375801e-05,olie
2003-10,CAD,-0.006906786213254912,-6.557531923603573e-05,-6.36612871214335e-05,olie
2003-11,CAD,-0.00015233452691504334,-8.552442810926569e-05,-9.839796187338009e-05,olie
2003-12,CAD,-0.013033995760024175,-0.00011237097978214125,-9.86703687675299e-05,olie
2004-01,CAD,0.02597548640326064,-0.00019510826415987812,-0.00016367200389947283,olie
2004-02,CAD,-0.0009779951879767546,-3.4366210504575396e-05,-3.297621186367228e-05,olie
2004-03,CAD,0.010035282300486337,-2.9665180744613268e-05,-3.767779880950851e-05,olie
2004-04,CAD,0.027125041316068355,9.56438298554509e-06,1.2188340295916468e-05,olie
2004-05,CAD,-0.015420336980148885,0.00020723858163771566,0.00014574919239331764,olie
2004-06,CAD,-0.026341858135092155,0.00010564620311574,6.944484841026763e-05,olie
2004-07,CAD,-0.007437799923092736,-8.32434328033711e-06,-5.9390775899500295e-05,olie
2004-08,CAD,-0.01891782040731954,-6.653238366960618e-05,-9.520829603150629e-05,olie
2004-09,CAD,-0.0325077933995018,-0.00019294282416938328,-0.00018613878932275283,olie
2004-10,CAD,-0.041009142782327535,-0.0005004795114649788,-0.00034153135956399827,olie
2004-11,CAD,0.01829748444157797,0.0001503436145749255,-0.0005361132324001874,olie
2004-12,CAD,0.004828752681683257,0.00011144081381129757,-0.0004464294339526724,olie
2005-01,CAD,0.012414456165252552,-0.001161127584262471,-0.0004214285708453931,olie
2005-02,CAD,-0.01962523798261434,-0.00045849644694410615,-0.00036088194473172353,olie
2005-03,CAD,0.01623266606957746,-0.0013254082372916726,-0.00045132493082506917,olie
2005-04,CAD,0.01573445000194998,-0.000254552797911521,-0.000373362356056833,olie
2005-05,CAD,-0.012261242681862183,1.1562755341812327e-05,-0.0002984422985777316,olie
2005-06,CAD,-0.01404756972045329,-0.0007775537332770868,-0.00035382563368553,olie
2005-07,CAD,-0.015326601928890127,-0.0006662642004919828,-0.00041693044514528926,olie
2005-08,CAD,-0.022335101418931386,-0.0010185739119347365,-0.00048532343360283437,olie
2005-09,CAD,-0.00025476625334175385,-0.0004380368297095012,-0.0005850941093349282,olie
2005-10,CAD,0.003476200032801524,-7.688002667320193e-05,-0.0005835926190804137,olie
2005-11,CAD,-0.01707254441649872,-0.0001419311051165068,-0.0005652225165832104,olie
2005-12,CAD,-0.0037089791084837787,-0.0007852866135479137,-0.0006395798224386857,olie
2006-01,CAD,-0.007198331242660866,-0.0012485411401846325,-0.0006533439447976323,olie
2006-02,CAD,0.007284742994712906,-0.00035633819132070433,-0.0006825626380916646,olie
2006-03,CAD,-0.011471404147133962,-0.0008142135109318456,-0.0006471523908347554,olie
2006-04,CAD,-0.030258286400518197,-0.0015058286281624256,-0.0006950473101104156,olie
2006-05,CAD,0.003327790092674504,-0.0007135614795946944,-0.0008252818435483353,olie
2006-06,CAD,0.013998712839681876,-0.0006003987397815129,-0.0008070666157578843,olie
2006-07,CAD,-0.009966268646191281,-0.0013389050911109628,-0.0007424125570005054,olie
2006-08,CAD,-0.001879783930875692,-0.0006706347245706311,-0.0007825162791274219,olie
2006-09,CAD,0.011048851595921116,0.0008274960434055658,-0.0007872663555419166,olie
2006-10,CAD,0.006535970979785394,3.324661167281148e-05,-0.0007362486057511275,olie
2006-11,CAD,0.015115398526871299,-0.0008261514614189855,-0.0007050373628947477,olie
2006-12,CAD,0.019833232202148443,-0.001228392875450182,-0.0006374286625111321,olie
2007-01,CAD,-0.004515834368678195,0.0009913792511399102,-0.0005503194673423679,olie
2007-02,CAD,-0.002393981991508448,-0.0011779247073897643,-0.0005671224965853164,olie
2007-03,CAD,-0.02883145169070586,-0.0012359504683836747,-0.0005748307644963844,olie
2007-04,CAD,-0.03578696763378962,-0.0015200296843685486,-0.000693556062505668,olie
2007-05,CAD,-0.027776991832593467,-0.0007262402247036826,-0.000840390420544513,olie
2007-06,CAD,-0.014088069245361039,-0.0015453320770435805,-0.0009526262597613837,olie
2007-07,CAD,0.0073051887889700046,-0.0019055937887664286,-0.0010071301725647016,olie
2007-08,CAD,-0.029936035687809923,8.11053443276926e-05,-0.0009727817471038145,olie
2007-09,CAD,-0.05125741102896675,-0.0019301604962365588,-0.0010919720925388191,olie
2007-10,CAD,-0.008442343975369408,-0.002034484266952514,-0.0012975681537536878,olie
2007-11,CAD,0.03544777776370031,-0.0027139926295864187,-0.0013267305040459967,olie
2007-12,CAD,0.0077535179682280825,-0.000940283815953919,-0.0011772406330388977,olie
2008-01,CAD,-0.011252296966002303,-0.001217368927144239,-0.0011410837156248614,olie
2008-02,CAD,0.004296784027653568,-0.0014316697277329744,-0.0011818547367957381,olie
2008-03,CAD,0.010711200294191479,-0.0020082664967288368,-0.001159852171476665,olie
2008-04,CAD,-0.014307248520610372,-0.0015533332119943527,-0.0011123679616139924,olie
2008-05,CAD,0.01716397114505846,-0.0023112567650492395,-0.001164937206868958,olie
2008-06,CAD,-0.0035475007641188015,-0.0017053349634182596,-0.0010922034435676587,olie
2008-07,CAD,0.03920172899556054,-0.0010583229609900297,-0.0011019081760599556,olie
2008-08,CAD,0.004451397225787558,0.0006039989957995758,-0.000943232439163812,olie
2008-09,CAD,0.11292022649068212,0.0006137862287868648,-0.0009220770287130222,olie
2008-10,CAD,0.02698140191979781,0.005416582762225893,-0.0004773805305903849,olie
2008-11,CAD,0.013546804196907625,0.00663368577673759,-0.0003705370191102751,olie
2008-12,CAD,-0.007240218733944842,0.006084761458555716,-0.00031659383610245376,olie
2009-01,CAD,0.016518594223979083,-0.002081401512238192,-0.0003433259785651657,olie
2009-02,CAD,0.015380627542566638,-0.00015277325295952142,-0.0002784724393246109,olie
2009-03,CAD,-0.03238921769305039,-0.0016476787662621055,-0.00021847588766985514,olie
2009-04,CAD,-0.06009380373165704,-0.0019081151924211421,-0.0003412649785300862,olie
2009-05,CAD,-0.023167059281534355,-0.0036226298801054083,-0.0005684609433708731,olie
2009-06,CAD,-0.0031120818252850374,-0.005017890071952387,-0.0006540616946517953,olie
2009-07,CAD,-0.032309040741559075,0.0010048822944987673,-0.0006633372423145623,olie
2009-08,CAD,-0.005164157548234363,-0.00346557652018018,-0.0007823060524620979,olie
2009-09,CAD,-0.02518506000613103,0.000971120381758163,-0.0007987174812852151,olie
2009-10,CAD,0.004351946319881811,-0.002451223092846826,-0.0008897112966764309,olie
2009-11,CAD,-0.005300532996968331,-0.0019379626798652684,-0.0008702255806297459,olie
2009-12,CAD,-0.009439879396169075,-0.00010355389054518755,-0.0008866341266161852,olie
2010-01,CAD,0.012756003520821138,-0.0013164003533446811,-0.000918195917278742,olie
2010-02,CAD,-0.032982173267172434,-2.326989212616615e-05,-0.0008679231252269044,olie
2010-03,CAD,-0.01745520379352442,-0.0023403098099063894,-0.0009855577411314667,olie
2010-04,CAD,0.03432260640741234,-0.00256855632189693,-0.001045665938402974,olie
2010-05,CAD,-0.002598779074615337,0.0015564872045964878,-0.0009170540389636454,olie
2010-06,CAD,0.004423509472880061,-0.0004818448185673887,-0.0009231472456145575,olie
2010-07,CAD,-0.0017286089006177952,-0.0010283546706640798,-0.0009038452358004974,olie
2010-08,CAD,-0.007138064454858005,-0.0012049688308740532,-0.0009068120115732214,olie
2010-09,CAD,-0.014725508661344287,-0.001040101234256606,-0.0009291462497211957,olie
2010-10,CAD,-0.004924177765542784,-0.0021480634320665,-0.0009784189726198495,olie
2010-11,CAD,-0.00475013263285555,-0.0015413491208245238,-0.0009924608188580095,olie
2010-12,CAD,-0.01418605208593597,-0.0023807448215838792,-0.0010057858962126106,olie
2011-01,CAD,-0.006358840502935403,-0.0020990513810922404,-0.0010523592749748841,olie
2011-02,CAD,-0.011200605843464566,-0.002509428636654168,-0.0010710440680310829,olie
2011-03,CAD,-0.019229373656699404,-0.003175252456378244,-0.001106586390050148,olie
2011-04,CAD,0.010384309305716481,-0.0026667087314190367,-0.0011699527790943762,olie
2011-05,CAD,0.008845064350982923,0.0005635054507635805,-0.0011296940261856273,olie
2011-06,CAD,-0.022051724351597184,-0.0007240020593399068,-0.0010950594484871255,olie
2011-07,CAD,0.027260335422513007,-0.0016362732769169765,-0.0011675738599165719,olie
2011-08,CAD,0.02096639648224847,0.00038613108024017134,-0.0010695465865288836,olie
2011-09,CAD,0.017109649440331203,-0.0013861828883162735,-0.0009938216962581711,olie
2011-10,CAD,0.004890941961469022,-0.0001267739838960413,-0.0009318235074342351,olie
2011-11,CAD,-0.0012693454811801286,-0.0010255839940183143,-0.0009119505877451453,olie
2011-12,CAD,-0.010311900852661014,-0.00017506584977133876,-0.00091316621663438,olie
2012-01,CAD,-0.016221682275272712,-0.0013915434965615149,-0.0009450263340446397,olie
2012-02,CAD,-0.0029138428051903513,-0.0025606745747665445,-0.00099663665817041,olie
2012-03,CAD,-0.00100674527782275,-0.0019934227978331397,-0.0010030918977226657,olie
2012-04,CAD,0.01687930211987793,0.00019354245290441156,-0.001003104157387431,olie
2012-05,CAD,0.017961910004835047,0.001081173439385811,-0.0009432967785337009,olie
2012-06,CAD,-0.013515042654191765,0.0027539962204637647,-0.0008802794225891385,olie
2012-07,CAD,-0.02172915154327279,-0.0025033252478949986,-0.0009222553801692137,olie
2012-08,CAD,-0.0143098803542628,-0.0031623039047869598,-0.0009911523873318083,olie
2012-09,CAD,0.009056281687740246,-0.000790362725524098,-0.0010351085852424715,olie
2012-10,CAD,0.009878116810714994,-0.0006201512864818715,-0.0010019132225023968,olie
2012-11,CAD,-0.007247867444052629,-0.00025876121695775367,-0.0009662409928852907,olie
2012-12,CAD,0.0023210061380710724,-0.0009431700924483274,-0.0009867691839021775,olie
2013-01,CAD,0.01768366176895858,-0.0015756317662890527,-0.0009759946714527533,olie
2013-02,CAD,0.014354783900554802,-0.0014094758875707776,-0.0009154113713215475,olie
2013-03,CAD,-0.005579770729349544,0.0008422122778612106,-0.0008659932636455723,olie
2013-04,CAD,0.0008830889059398273,0.0006114834800596807,-0.0008811989974059078,olie
2013-05,CAD,0.011506709114898223,-0.0008188808114374893,-0.0008755260459482043,olie
2013-06,CAD,0.008495899722113447,-0.0007903472497515131,-0.0008358393947916453,olie
2013-07,CAD,0.00048056130484156606,-0.0017768961699862053,-0.0008060255317983385,olie
2013-08,CAD,-0.006265382681692563,-0.001377168251675831,-0.000801928121490568,olie
2013-09,CAD,0.0020284962280506247,-0.0007543593897360997,-0.0008192724216816855,olie
2013-10,CAD,0.011799263948260648,-0.0001517140402120808,-0.0008102604955749377,olie
2013-11,CAD,0.014485460383888031,-0.0003643181270097382,-0.000770482815941387,olie
2013-12,CAD,0.027899302459606173,-0.0012279077831108473,-0.0007225081517909799,olie
2014-01,CAD,0.01036655641723594,5.328281018285254e-05,-0.0006327846075546252,olie
2014-02,CAD,0.004783186773911818,-0.0006375121470945872,-0.0005984116668521546,olie
2014-03,CAD,-0.01040780470498949,-0.00014923300756675373,-0.0005816465626753199,olie
2014-04,CAD,-0.008955556518510835,-0.0005462669862354588,-0.0006121625817508298,olie
2014-05,CAD,-0.00589211794858345,-0.0008909252195918272,-0.0006379935227315109,olie
2014-06,CAD,-0.008438086136819692,-0.0010000563331148253,-0.0006542099561446342,olie
2014-07,CAD,0.01726329509744641,0.0005171962946688129,-0.0006781603443928652,olie
2014-08,CAD,0.00774950315792812,0.0006690610524467054,-0.0006231252050007202,olie
2014-09,CAD,0.018089860171087782,0.0006038530191143153,-0.0005975208369183688,olie
2014-10,CAD,0.010028038066555944,0.0021018867763837944,-0.0005405471143329842,olie
2014-11,CAD,0.018113108407057987,0.0019458032375829363,-0.000508423755120556,olie
2014-12,CAD,0.04989620375293749,0.005734150728852862,-0.00045199486978062095,olie
2015-01,CAD,0.030626657578991523,0.0076285566563791055,-0.000299885508382681,olie
2015-02,CAD,0.009475724840532995,-0.006335655073699707,-0.00020673327016769848,olie
2015-03,CAD,-0.0225214888592902,0.0011130105056308577,-0.00017765681938481352,olie
2015-04,CAD,-0.013136075969997524,-0.0020457013168489924,-0.0002445545201030931,olie
2015-05,CAD,0.015403099854049446,-0.0024253563623087395,-0.0002830366736848675,olie
2015-06,CAD,0.039485072123198905,0.0011160411250456562,-0.00023635174354280097,olie
2015-07,CAD,0.021838622617888825,0.0025454075092736167,-0.0001184840169352588,olie
2015-08,CAD,0.009010775388897052,0.0061585955235847955,-5.352216298607512e-05,olie
2015-09,CAD,-0.014731832985717286,-0.0006770722462169324,-2.678382212506295e-05,olie
2015-10,CAD,0.01571130189054354,-0.000515237191518459,-7.003396672386361e-05,olie
2015-11,CAD,0.03216044800952644,0.0028932438156313374,-2.3754389429824305e-05,olie
2015-12,CAD,0.035460898232097304,0.005106334826742004,7.035146553788409e-05,olie
2016-01,CAD,-0.029354009023917882,0.0075509837723338365,0.00017353090217508355,olie
2016-02,CAD,-0.04226658797342575,-0.0013426896813496674,8.769503029690617e-05,olie
2016-03,CAD,-0.0313341561704355,-0.0054838507978743145,-3.507100739504356e-05,olie
2016-04,CAD,0.009859180121465805,-0.0028939239413350634,-0.00012553079110325297,olie
2016-05,CAD,-0.003947526315072447,-0.0039045443448224772,-9.675640806991275e-05,olie
2016-06,CAD,0.012179291842645656,-0.0010757496183966778,-0.00010782183883716142,olie
2016-07,CAD,-0.004145879258916962,0.0023610426764078597,-7.261520937732526e-05,olie
2016-08,CAD,0.008427231364410925,-0.0006463744521754218,-8.425310666172422e-05,olie
2016-09,CAD,0.010850290445930943,-0.0004945322053447755,-6.0003863154394735e-05,olie
2016-10,CAD,0.013715785562173677,-0.0019579539922416605,-2.9008708867220477e-05,olie
2016-11,CAD,-0.007096731685765689,0.0034040075441955997,9.928385385020023e-06,olie
2016-12,CAD,-0.011763954383074149,-0.005562114773358632,-1.0146925550433957e-05,olie
2017-01,CAD,-0.005629103560160775,-0.0007111836090479967,-4.32562423321909e-05,olie
2017-02,CAD,0.020985069588088545,-0.00013279475486583582,-5.894682468564198e-05,olie
2017-03,CAD,0.0037280090895119855,0.0021007013048299533,0.0,olie
2017-04,CAD,0.012498776029596426,-0.00034752170904983083,1.0413433210927334e-05,olie
2017-05,CAD,-0.02312284722788599,0.0013917079363330366,4.51999585490485e-05,olie
2017-06,CAD,-0.046573742968686854,0.0027018507903481073,-1.915572807993764e-05,olie
2017-07,CAD,-0.00648274861077297,-0.001435667762799125,-0.00014811580353868257,olie
2017-08,CAD,-0.026441046937147633,-0.0020618352643330027,-0.0001656147891940259,olie
2017-09,CAD,0.02636172907075665,-0.002731845663375438,-0.00023799889979444897,olie
2017-10,CAD,0.013081352811507574,-0.000801667738836697,-0.0001649227240511768,olie
2017-11,CAD,-0.00031320961809583325,-0.002663990097063626,-0.0001286315582003309,olie
2017-12,CAD,-0.026987906679169643,-0.0008202686015821117,-0.00012913586983938967,olie
2018-01,CAD,0.01271152743878598,-0.0022537466532482875,-0.00020232053144519425,olie
2018-02,CAD,0.027038205230946827,0.001628902146774427,-0.00016722855326521815,olie
2018-03,CAD,-0.015663675013260714,-0.00031604108001873966,-9.350109043537521e-05,olie
2018-04,CAD,0.010469663568962118,-0.0027411547433711173,-0.0001355826415781464,olie
2018-05,CAD,0.019930635488878856,-0.0019790177964008776,-0.00010699707227749878,olie
2018-06,CAD,0.000609338125335368,0.0010757216498432347,-5.3132468618476325e-05,olie
2018-07,CAD,-0.006953227632012227,0.00012409086602762108,-5.1356408044873526e-05,olie
2018-08,CAD,-0.0006135910608220385,0.0007407042796983448,-6.981060917847608e-05,olie
2018-09,CAD,-0.0023043254685296555,-0.0024718633203305086,-7.12606903828589e-05,olie
2018-10,CAD,0.01533854330743667,-0.0007612346789648566,-7.719969245239834e-05,olie
2018-11,CAD,0.017342126000950697,0.00674564123263926,-3.6309127465955184e-05,olie
2018-12,CAD,-0.010173636522338103,0.0038097393530530433,9.665568640967177e-06,olie
2019-01,CAD,-0.006865619785981714,-0.000979788595197592,-1.7203302311484197e-05,olie
2019-02,CAD,0.012189767190802003,-0.002158125356373686,-3.522545095272164e-05,olie
2019-03,CAD,0.0005233840636879039,-0.0009014671626982634,-3.1388560924730197e-06,olie
2019-04,CAD,0.00611075752036544,-0.0021022993523004416,-1.7605238417390486e-06,olie
2019-05,CAD,-0.012785698867211148,8.038750717252148e-05,1.419905329718309e-05,olie
2019-06,CAD,-0.013942788574000997,0.0031733268971207234,-1.9134014204140692e-05,olie
2019-07,CAD,0.012738059868695528,0.00017272999233178886,-5.5299350723093566e-05,olie
2019-08,CAD,-0.002413820286445323,0.002364131288238042,-2.2155933056205945e-05,olie
2019-09,CAD,-0.003934927513872144,-0.0017314339833870388,-2.833594430527343e-05,olie
2019-10,CAD,0.003632789887886123,0.0015187252660945954,-3.840447927838392e-05,olie
2019-11,CAD,-0.005150356003550793,-0.0015849105248430214,-2.8966961625004726e-05,olie
2019-12,CAD,-0.00609339991850083,-0.0017674472697222215,-4.209872839917341e-05,olie
2020-01,CAD,0.014938666433467251,0.001658165943363946,-5.757520203114696e-05,olie
2020-02,CAD,0.04948524809117688,0.003994399503529553,-1.9319483573242883e-05,olie
2020-03,CAD,0.006283939558534568,0.017488520810346693,0.00010664633722764802,olie
2020-04,CAD,-0.005424709948175344,0.016488378159333374,0.00012232474641878232,olie
2020-05,CAD,-0.030521189034886986,-0.012151407556447103,0.00010828162060968328,olie
2020-06,CAD,-0.004066699382553718,-0.008869145971759095,3.0934472489742195e-05,olie
2020-07,CAD,-0.020056049046901836,-0.0019143060445486377,2.061297663320955e-05,olie
2020-08,CAD,7.558864662127185e-05,-0.000933854255935131,-2.9830897797783027e-05,olie
2020-09,CAD,-0.0009074410786031328,0.002561822442639403,-2.9566688413274117e-05,olie
2020-10,CAD,-0.011030502468538206,0.000524254206411204,-3.176137438874862e-05,olie
2020-11,CAD,-0.02040098573072399,-0.0017023449185825943,-5.9189656419046525e-05,olie
2020-12,CAD,-0.006579486412412544,-0.0045335432445358865,-0.0001097911391909493,olie
2021-01,CAD,-0.0022815792124784295,-0.002656170126048353,-0.00012584497361581678,olie
2021-02,CAD,-0.01005351828140763,-0.0037128331375191363,-0.00013118094945458562,olie
2021-03,CAD,-0.00598493587132215,-0.0014754795191499342,-0.00015568054780508696,olie
2021-04,CAD,-0.02997909224783138,0.00018355596803988123,-0.00017003831953788762,olie
2021-05,CAD,0.007804516919902416,-0.0017528163635895304,-0.00024327923828062348,olie
2021-06,CAD,0.02505181516452759,-0.001995510165888737,-0.00022355424769684166,olie
2021-07,CAD,0.005491676820515851,-0.0008289011188983728,-0.00016175627847379902,olie
2021-08,CAD,0.00569847208827845,0.0016475288626545733,-0.0001479674172567511,olie
2021-09,CAD,-0.018881261969625307,-0.0014905037415007096,-0.00013374250361797933,olie
2021-10,CAD,0.010639674785861614,-0.0033308318672968617,-0.00017924619164226896,olie
2021-11,CAD,0.018370840292564056,0.0007941197843017757,-0.00015305025707204164,olie
2021-12,CAD,-0.01400384776352373,0.002482992192195979,-0.00010830656009224437,olie
2022-01,CAD,0.007026437150484011,-0.0043149688999200575,-0.00014178979190774193,olie
2022-02,CAD,-0.004020343596501635,-0.00318527375136091,-0.000124558477142377,olie
2022-03,CAD,-0.0025308460202849714,-0.0051701718198559786,-0.00013390088750055268,olie
2022-04,CAD,0.01812738459255675,0.003092121706409809,-0.00013963520600003692,olie
2022-05,CAD,-0.004286333180685303,-0.0022051093177444334,-9.603850003689425e-05,olie
2022-06,CAD,0.010256500167189181,-0.0021850352828421066,-0.00010601539213367616,olie
2022-07,CAD,-0.00146984902492725,0.0025659288715598597,-8.140134092388316e-05,olie
2022-08,CAD,0.032147801909028495,0.002992482988902249,-8.469150131251673e-05,olie
2022-09,CAD,0.025900515454468143,0.0032693108567926166,-8.491753297526225e-06,olie
2022-10,CAD,-0.01709317385397091,-0.0009619966311933683,5.2614395777392936e-05,olie
2022-11,CAD,0.009466826118906813,0.0007192714449371631,1.2271364601514573e-05,olie
2022-12,CAD,-0.012071091142263513,0.0036730803880700856,3.446515510457865e-05,olie
2023-01,CAD,0.0023813078673664556,-0.0004463699195816085,6.114906164606543e-06,olie
2023-02,CAD,0.016877726794259085,7.976663123975585e-05,1.1664422429096845e-05,olie
2023-03,CAD,-0.014650389025858801,0.0016215018979498005,5.097925313266325e-05,olie
2023-04,CAD,0.0024443551298762856,-0.002042171589773337,1.679002457686915e-05,olie
2023-05,CAD,-0.017237303258641146,0.003353742917359383,2.2422426213294706e-05,olie
2023-06,CAD,-0.005661033346832489,0.0003036107208998806,-1.7530642501646257e-05,olie
2023-07,CAD,0.02000891062780835,-0.0018201119064322404,-3.05641360451355e-05,olie
2023-08,CAD,0.003924622757481788,-0.0018751097889825692,1.5609768940702028e-05,olie
2023-09,CAD,0.013288012573916874,-0.0021687788447760275,2.4596005695968894e-05,olie
2023-10,CAD,-0.0003647106061798189,0.0010653079377447902,5.501668589831042e-05,olie
2023-11,CAD,-0.021458626728336483,0.0025259309410418027,5.405621154572889e-05,olie
2023-12,CAD,0.0005216289845914046,0.001839655648767854,4.9404970711119655e-06,olie
2024-01,CAD,0.005720031938884762,-0.0007398996204796379,6.1174640130716294e-06,olie
2024-02,CAD,0.0026631174194835516,-0.000974187313443718,1.9103633274143655e-05,olie
2024-03,CAD,0.01014341662773477,-0.00048589611095886345,2.5099129387997185e-05,olie
2024-04,CAD,-0.0005120515089387379,-0.0012168399614461607,4.799125042498084e-05,olie
2024-05,CAD,0.0027765617720857394,0.0026432720217535208,4.6727045550570635e-05,olie
2024-06,CAD,0.0006564791074235021,-1.9512647846435798e-05,5.287532196168588e-05,olie
2024-07,CAD,-0.004311453936504395,-0.0007666795319169613,5.4231734962723666e-05,olie
2024-08,CAD,-0.008014454132956317,0.0016536234928178632,4.4443202067057485e-05,olie
2024-09,CAD,0.015456484686146521,0.002257680510609807,2.6414348968571188e-05,olie
2024-10,CAD,0.01557911061945233,-0.0004251827944913816,6.0856470256914824e-05,olie
2024-11,CAD,0.01941946213678375,0.0006265893477784517,9.541828350679325e-05,olie
2024-12,CAD,0.009917667546186004,0.00039416357799686895,0.00013836060318074206,olie
2025-01,CAD,-0.0062744210305704096,-0.0016259831715957317,0.00016004421059317056,olie
1997-06,CAD,-0.004924334666619845,0.0009580962978042431,0.0002791300241819778,momentum
1997-07,CAD,0.009393132646950075,0.0005142912070099812,0.00023612618376212807,momentum
1997-08,CAD,-0.0023760676477422304,0.0009704293998180818,0.00031118361378825875,momentum
1997-09,CAD,-0.00021628636398790535,0.0009244254283503766,0.0002893360425563036,momentum
1997-10,CAD,0.018502510187406118,0.001591778144214426,0.0002852584425035277,momentum
1997-11,CAD,0.010070862256649937,0.0032165659456172167,0.0004309964564627484,momentum
1997-12,CAD,0.009623505232542906,0.0029260567003695187,0.0005075033278928054,momentum
1998-01,CAD,-0.005218673779069594,0.0040600319725616445,0.0005792828704491055,momentum
1998-02,CAD,-0.011789610240296566,0.0033462144738949013,0.0005339863341247406,momentum
1998-03,CAD,0.00927494001322915,0.0018863941797271468,0.0004384545777338778,momentum
1998-04,CAD,0.010713145940733748,0.0016430372764211843,0.0005064275426223029,momentum
1998-05,CAD,0.013948760877461996,0.0027780746664575573,0.000584341423523917,momentum
1998-06,CAD,0.0144969345522305,0.003515543053382081,0.0006855870254476904,momentum
1998-07,CAD,0.0315763450403872,0.004760293694546525,0.0007894317436941777,momentum
1998-08,CAD,-0.008375916001142458,0.00677169866333402,0.001019184827997857,momentum
1998-09,CAD,0.015259507049703802,0.005895195468655569,0.0009495914885227435,momentum
1998-10,CAD,-0.003111228851372383,0.0070964563521916345,0.001054811455884369,momentum
1998-11,CAD,0.0018808579660319347,0.005498290414592001,0.0010244024025467284,momentum
1998-12,CAD,-0.015607460837664455,0.004954989481042102,0.0010306086022821284,momentum
1999-01,CAD,-0.014384922070771355,0.0032286330463828696,0.0009109102609875488,momentum
1999-02,CAD,0.01319954162245457,0.002554969381659367,0.0008016543157606994,momentum
1999-03,CAD,-0.01963000118479996,0.0039031466720570104,0.0008895825945315779,momentum
1999-04,CAD,-0.01831056175796575,0.002182058602469742,0.0007450784834095248,momentum
1999-05,CAD,0.005732630180933285,0.000720988282102978,0.000611822257945362,momentum
1999-06,CAD,0.013182546825036945,0.0003989992595643383,0.0006473834240772226,momentum
1999-07,CAD,0.0028167143564197805,0.0004315161216728178,0.0007338328268424621,momentum
1999-08,CAD,-0.010840761993874681,-0.0007937322651420081,0.0007480991386888821,momentum
1999-09,CAD,0.00033844383847608794,-0.00100689032750407,0.0006692633486714429,momentum
1999-10,CAD,-0.006927022605136335,-0.0016496875779599045,0.0006670280817106635,momentum
1999-11,CAD,0.0032657533447116305,-0.001896563366162692,0.0006160612985774621,momentum
1999-12,CAD,-0.01616030786337974,-0.0017566512098078704,0.0006337259122183565,momentum
2000-01,CAD,0.0017932275996463964,-0.0019931957448415536,0.0005225071454925414,momentum
2000-02,CAD,0.006593430479831908,-0.0012000665567072322,0.0005308671484803957,momentum
2000-03,CAD,0.005529590496665182,-0.0014149162139090047,0.0005704917454173337,momentum
2000-04,CAD,0.018080503327911668,-0.00022686708532194537,0.0006026936853605015,momentum
2000-05,CAD,-0.012581321133901091,0.0014752201392358194,0.000715453747570509,momentum
2000-06,CAD,0.0005414918231673727,0.000597259775640991,0.0006302180111508193,momentum
2000-07,CAD,0.003377696922029938,6.117078518196506e-05,0.0006296528761955108,momentum
2000-08,CAD,0.0024248967829968993,0.0001074634524105833,0.0006470455600299058,momentum
2000-09,CAD,0.01740682184542247,0.0006826103764543379,0.0006582270142624026,momentum
2000-10,CAD,0.019705393594902254,0.001507561674705945,0.000762905731957153,momentum
2000-11,CAD,-0.013509750259144748,0.0027827576699046568,0.0008805609360748245,momentum
2000-12,CAD,-0.012363385141498429,0.001907536639066678,0.0007917318546228518,momentum
2001-01,CAD,0.012166243691870304,0.0019444848168850691,0.000711025615382844,momentum
2001-02,CAD,0.024089727703879404,0.0024571496372692236,0.0007808745060931333,momentum
2001-03,CAD,-0.0005775710091571185,0.003441194536491669,0.0009221402830494138,momentum
2001-04,CAD,-0.010778122344516361,0.0031208212345395833,0.0009131058776746757,momentum
2001-05,CAD,-0.010829959713022363,0.0017635663051106874,0.0008430985230507772,momentum
2001-06,CAD,0.0041239871232376935,0.0017421988732853166,0.0007736160335503418,momentum
2001-07,CAD,0.005927004682820036,0.0019039716961438001,0.000793440714554409,momentum
2001-08,CAD,0.01801966513203762,0.002038812253318097,0.0008236381496618539,momentum
2001-09,CAD,0.0024206917158789976,0.0028203252513683743,0.000924199710962297,momentum
2001-10,CAD,0.012958871572194053,0.0021909542351966627,0.0009329002458746034,momentum
2001-11,CAD,-0.008451642865785813,0.001991260136615753,0.0010024145309978371,momentum
2001-12,CAD,0.013151046858857929,0.002128846755869231,0.0009480808677979312,momentum
2002-01,CAD,-0.002065017472971109,0.003303764903915717,0.0010178121020325598,momentum
2002-02,CAD,-0.005464666091113124,0.0026369958081946983,0.001000296024901857,momentum
2002-03,CAD,-0.003912664337762273,0.0013432376975240985,0.0009637708152068572,momentum
2002-04,CAD,-0.019989808898292438,0.0011756646387498123,0.000936375112100289,momentum
2002-05,CAD,-0.011940440371917882,0.0006803037074527092,0.0008194690561763073,momentum
2002-06,CAD,0.008968669982760469,0.000564452726264585,0.0007485806704646729,momentum
2002-07,CAD,0.015281196235119143,0.0008087637768565714,0.0007939955285436552,momentum
2002-08,CAD,0.004260060488122608,0.001269649506142686,0.0008735955324259381,momentum
2002-09,CAD,0.001204781224324214,0.0007247223637948831,0.0008921008054078871,momentum
2002-10,CAD,-0.004127645168197358,0.0006776967357718156,0.0008938001555106932,momentum
2002-11,CAD,-0.007857708044271217,-4.7489769082059e-05,0.0008666572078149741,momentum
2002-12,CAD,-0.01148177484945806,-7.473327803200866e-05,0.000819752018287629,momentum
2003-01,CAD,-0.019191681225269486,-0.001182892722875553,0.0007539684521499514,momentum
2003-02,CAD,-0.024095938575672382,-0.00212900061275461,0.0006478745708870821,momentum
2003-03,CAD,-0.012200676170621205,-0.0033460398436280544,0.0005169549246089897,momentum
2003-04,CAD,-0.0522249411947151,-0.003943438986906398,0.00045002002410777814,momentum
2003-05,CAD,-0.023023125456978155,-0.0070341194066746255,0.00017423488683645418,momentum
2003-06,CAD,0.021649349889344416,-0.008367097139641516,5.341530171241975e-05,momentum
2003-07,CAD,0.01022179933816808,-0.006360957049297468,0.00016531133584522803,momentum
2003-08,CAD,-0.023844301019464276,-0.00603667131886599,0.00021714890286751075,momentum
2003-09,CAD,-0.030760198412633777,-0.008247928391450412,9.375685198375801e-05,momentum
2003-10,CAD,-0.006906786213254912,-0.011364156961697684,-6.36612871214335e-05,momentum
2003-11,CAD,-0.00015233452691504334,-0.011237432949847413,-9.839796187338009e-05,momentum
2003-12,CAD,-0.013033995760024175,-0.010087617785733725,-9.86703687675299e-05,momentum
2004-01,CAD,0.02597548640326064,-0.010342109333531817,-0.00016367200389947283,momentum
2004-02,CAD,-0.0009779951879767546,-0.006226759538148866,-3.297621186367228e-05,momentum
2004-03,CAD,0.010035282300486337,-0.0049802814868315295,-3.767779880950851e-05,momentum
2004-04,CAD,0.027125041316068355,-0.003662872583889976,1.2188340295916468e-05,momentum
2004-05,CAD,-0.015420336980148885,3.314871142286467e-05,0.00014574919239331764,momentum
2004-06,CAD,-0.026341858135092155,0.00026710138509545883,6.944484841026763e-05,momentum
2004-07,CAD,-0.007437799923092736,-0.0018103615720600572,-5.9390775899500295e-05,momentum
2004-08,CAD,-0.01891782040731954,-0.002576211970738102,-9.520829603150629e-05,momentum
2004-09,CAD,-0.0325077933995018,-0.002535743976358153,-0.00018613878932275283,momentum
2004-10,CAD,-0.041009142782327535,-0.0028948339314026493,-0.00034153135956399827,momentum
2004-11,CAD,0.01829748444157797,-0.004900023525075215,-0.0005361132324001874,momentum
2004-12,CAD,0.004828752681683257,-0.00368027701988547,-0.0004464294339526724,momentum
2005-01,CAD,0.012414456165252552,-0.0027880011179599483,-0.0004214285708453931,momentum
2005-02,CAD,-0.01962523798261434,-0.003235692950349419,-0.00036088194473172353,momentum
2005-03,CAD,0.01623266606957746,-0.004248292666206257,-0.00045132493082506917,momentum
2005-04,CAD,0.01573445000194998,-0.003680780837285278,-0.000373362356056833,momentum
2005-05,CAD,-0.012261242681862183,-0.0038757944567157673,-0.0002984422985777316,momentum
2005-06,CAD,-0.01404756972045329,-0.0038791129743074,-0.00035382563368553,momentum
2005-07,CAD,-0.015326601928890127,-0.0035116194661711135,-0.00041693044514528926,momentum
2005-08,CAD,-0.022335101418931386,-0.003994734176908188,-0.00048532343360283437,momentum
2005-09,CAD,-0.00025476625334175385,-0.004396353314798538,-0.0005850941093349282,momentum
2005-10,CAD,0.003476200032801524,-0.002890505778401581,-0.0005835926190804137,momentum
2005-11,CAD,-0.01707254441649872,-0.0008618747584278981,-0.0005652225165832104,momentum
2005-12,CAD,-0.0037089791084837787,-0.0025131745360552154,-0.0006395798224386857,momentum
2006-01,CAD,-0.007198331242660866,-0.002902663436496829,-0.0006533439447976323,momentum
2006-02,CAD,0.007284742994712906,-0.0038179321377620166,-0.0006825626380916646,momentum
2006-03,CAD,-0.011471404147133962,-0.0025152719223292285,-0.0006471523908347554,momentum
2006-04,CAD,-0.030258286400518197,-0.003807070014299781,-0.0006950473101104156,momentum
2006-05,CAD,0.003327790092674504,-0.006248878916782184,-0.0008252818435483353,momentum
2006-06,CAD,0.013998712839681876,-0.005333634063523644,-0.0008070666157578843,momentum
2006-07,CAD,-0.009966268646191281,-0.0038001776607310693,-0.0007424125570005054,momentum
2006-08,CAD,-0.001879783930875692,-0.0036330477734472385,-0.0007825162791274219,momentum
2006-09,CAD,0.011048851595921116,-0.002728550972836368,-0.0007872663555419166,momentum
2006-10,CAD,0.006535970979785394,-0.0021529731403042624,-0.0007362486057511275,momentum
2006-11,CAD,0.015115398526871299,-0.0019744021343690112,-0.0007050373628947477,momentum
2006-12,CAD,0.019833232202148443,-0.0005429659913069844,-0.0006374286625111321,momentum
2007-01,CAD,-0.004515834368678195,0.0005246775427218191,-0.0005503194673423679,momentum
2007-02,CAD,-0.002393981991508448,0.0006104502939993362,-0.0005671224965853164,momentum
2007-03,CAD,-0.02883145169070586,0.0001941372115266872,-0.0005748307644963844,momentum
2007-04,CAD,-0.03578696763378962,-0.0006471513244632854,-0.000693556062505668,momentum
2007-05,CAD,-0.027776991832593467,-0.0010190697934373493,-0.000840390420544513,momentum
2007-06,CAD,-0.014088069245361039,-0.0024007104096574134,-0.0009526262597613837,momentum
2007-07,CAD,0.0073051887889700046,-0.003628402031216858,-0.0010071301725647016,momentum
2007-08,CAD,-0.029936035687809923,-0.002829789532160029,-0.0009727817471038145,momentum
2007-09,CAD,-0.05125741102896675,-0.004190550064740835,-0.0010919720925388191,momentum
2007-10,CAD,-0.008442343975369408,-0.0075817020463681195,-0.0012975681537536878,momentum
2007-11,CAD,0.03544777776370031,-0.008299690177830115,-0.0013267305040459967,momentum
2007-12,CAD,0.0077535179682280825,-0.006181940631607683,-0.0011772406330388977,momentum
2008-01,CAD,-0.011252296966002303,-0.006301606787427591,-0.0011410837156248614,momentum
2008-02,CAD,0.004296784027653568,-0.006683692247089719,-0.0011818547367957381,momentum
2008-03,CAD,0.010711200294191479,-0.006141600756955766,-0.001159852171476665,momentum
2008-04,CAD,-0.014307248520610372,-0.004411905206031879,-0.0011123679616139924,momentum
2008-05,CAD,0.01716397114505846,-0.0038210707805079827,-0.001164937206868958,momentum
2008-06,CAD,-0.0035475007641188015,-0.002145682251436282,-0.0010922034435676587,momentum
2008-07,CAD,0.03920172899556054,-0.0018101375372366786,-0.0011019081760599556,momentum
2008-08,CAD,0.004451397225787558,-0.0006214375608022527,-0.000943232439163812,momentum
2008-09,CAD,0.11292022649068212,0.0004862816674166642,-0.0009220770287130222,momentum
2008-10,CAD,0.02698140191979781,0.007216246299511049,-0.0004773805305903849,momentum
2008-11,CAD,0.013546804196907625,0.009609185080671162,-0.0003705370191102751,momentum
2008-12,CAD,-0.007240218733944842,0.008926051675292087,-0.00031659383610245376,momentum
2009-01,CAD,0.016518594223979083,0.007573042743462722,-0.0003433259785651657,momentum
2009-02,CAD,0.015380627542566638,0.009053161402168873,-0.0002784724393246109,momentum
2009-03,CAD,-0.03238921769305039,0.009820147395458246,-0.00021847588766985514,momentum
2009-04,CAD,-0.06009380373165704,0.0062617373650998885,-0.0003412649785300862,momentum
2009-05,CAD,-0.023167059281534355,0.0029479277787236363,-0.0005684609433708731,momentum
2009-06,CAD,-0.0031120818252850374,0.001580089631680169,-0.0006540616946517953,momentum
2009-07,CAD,-0.032309040741559075,0.0015283212338187669,-0.0006633372423145623,momentum
2009-08,CAD,-0.005164157548234363,-0.00012748366471824525,-0.0007823060524620979,momentum
2009-09,CAD,-0.02518506000613103,-0.0003149194129075261,-0.0007987174812852151,momentum
2009-10,CAD,0.004351946319881811,-0.0026922185426900467,-0.0008897112966764309,momentum
2009-11,CAD,-0.005300532996968331,-0.002962676614668239,-0.0008702255806297459,momentum
2009-12,CAD,-0.009439879396169075,-0.0033040756752399725,-0.0008866341266161852,momentum
2010-01,CAD,0.012756003520821138,-0.003462523937528933,-0.000918195917278742,momentum
2010-02,CAD,-0.032982173267172434,-0.003196369047243532,-0.0008679231252269044,momentum
2010-03,CAD,-0.01745520379352442,-0.004681628965394981,-0.0009855577411314667,momentum
2010-04,CAD,0.03432260640741234,-0.004783453043005791,-0.001045665938402974,momentum
2010-05,CAD,-0.002598779074615337,-0.0023120234848373815,-0.0009170540389636454,momentum
2010-06,CAD,0.004423509472880061,-0.0020029002708475186,-0.0009231472456145575,momentum
2010-07,CAD,-0.0017286089006177952,-0.0018465201079209403,-0.0009038452358004974,momentum
2010-08,CAD,-0.007138064454858005,-0.0013915732650191166,-0.0009068120115732214,momentum
2010-09,CAD,-0.014725508661344287,-0.0014456985729718826,-0.0009291462497211957,momentum
2010-10,CAD,-0.004924177765542784,-0.0013436152715109897,-0.0009784189726198495,momentum
2010-11,CAD,-0.00475013263285555,-0.0014998742114120456,-0.0009924608188580095,momentum
2010-12,CAD,-0.01418605208593597,-0.001505229804513133,-0.0010057858962126106,momentum
2011-01,CAD,-0.006358840502935403,-0.0016330187213568852,-0.0010523592749748841,momentum
2011-02,CAD,-0.011200605843464566,-0.0019554712911060085,-0.0010710440680310829,momentum
2011-03,CAD,-0.019229373656699404,-0.00165564331555696,-0.001106586390050148,momentum
2011-04,CAD,0.010384309305716481,-0.0017595160019005843,-0.0011699527790943762,momentum
2011-05,CAD,0.008845064350982923,-0.0020955345184466554,-0.0011296940261856273,momentum
2011-06,CAD,-0.022051724351597184,-0.001851795763310072,-0.0010950594484871255,momentum
2011-07,CAD,0.027260335422513007,-0.0023862525849148576,-0.0011675738599165719,momentum
2011-08,CAD,0.02096639648224847,-0.0017444554433311025,-0.0010695465865288836,momentum
2011-09,CAD,0.017109649440331203,-0.0012335577954015707,-0.0009938216962581711,momentum
2011-10,CAD,0.004890941961469022,-0.0007166060614712558,-0.0009318235074342351,momentum
2011-11,CAD,-0.0012693454811801286,-0.0005570978906760817,-0.0009119505877451453,momentum
2011-12,CAD,-0.010311900852661014,-0.0005103563514363959,-0.00091316621663438,momentum
2012-01,CAD,-0.016221682275272712,-0.000494262075789752,-0.0009450263340446397,momentum
2012-02,CAD,-0.0029138428051903513,-0.0006929135394938755,-0.00099663665817041,momentum
2012-03,CAD,-0.00100674527782275,-0.0005877797643205468,-0.0010030918977226657,momentum
2012-04,CAD,0.01687930211987793,-0.00034041801411834207,-0.001003104157387431,momentum
2012-05,CAD,0.017961910004835047,-0.00016485930239669314,-0.0009432967785337009,momentum
2012-06,CAD,-0.013515042654191765,6.535935780851271e-05,-0.0008802794225891385,momentum
2012-07,CAD,-0.02172915154327279,0.0001071983362863155,-0.0009222553801692137,momentum
2012-08,CAD,-0.0143098803542628,-0.0006874969537571055,-0.0009911523873318083,momentum
2012-09,CAD,0.009056281687740246,-0.001198610421509354,-0.0010351085852424715,momentum
2012-10,CAD,0.009878116810714994,-0.0012686100493467189,-0.0010019132225023968,momentum
2012-11,CAD,-0.007247867444052629,-0.0011649654994351413,-0.0009662409928852907,momentum
2012-12,CAD,0.0023210061380710724,-0.001263007756080264,-0.0009867691839021775,momentum
2013-01,CAD,0.01768366176895858,-0.0010876846250015186,-0.0009759946714527533,momentum
2013-02,CAD,0.014354783900554802,-0.0005928961356128499,-0.0009154113713215475,momentum
2013-03,CAD,-0.005579770729349544,-0.00031388171169052966,-0.0008659932636455723,momentum
2013-04,CAD,0.0008830889059398273,-0.00039568016229903996,-0.0008811989974059078,momentum
2013-05,CAD,0.011506709114898223,-0.000596732860229339,-0.0008755260459482043,momentum
2013-06,CAD,0.008495899722113447,-0.000638704729353457,-0.0008358393947916453,momentum
2013-07,CAD,0.00048056130484156606,-0.0003187833983346891,-0.0008060255317983385,momentum
2013-08,CAD,-0.006265382681692563,-2.3090721763675977e-05,-0.000801928121490568,momentum
2013-09,CAD,0.0020284962280506247,4.7469580090955484e-05,-0.0008192724216816855,momentum
2013-10,CAD,0.011799263948260648,-3.219867300671513e-05,-0.0008102604955749377,momentum
2013-11,CAD,0.014485460383888031,5.7336641614981476e-05,-0.000770482815941387,momentum
2013-12,CAD,0.027899302459606173,0.00044124827921599786,-0.0007225081517909799,momentum
2014-01,CAD,0.01036655641723594,0.0010393238535209702,-0.0006327846075546252,momentum
2014-02,CAD,0.004783186773911818,0.0010183372424754024,-0.0005984116668521546,momentum
2014-03,CAD,-0.01040780470498949,0.0008974970759336003,-0.0005816465626753199,momentum
2014-04,CAD,-0.008955556518510835,0.0007300759216481706,-0.0006121625817508298,momentum
2014-05,CAD,-0.00589211794858345,0.0005078911418836625,-0.0006379935227315109,momentum
2014-06,CAD,-0.008438086136819692,0.0002074422285822219,-0.0006542099561446342,momentum
2014-07,CAD,0.01726329509744641,-8.324331699967747e-05,-0.0006781603443928652,momentum
2014-08,CAD,0.00774950315792812,0.00023894859198022624,-0.0006231252050007202,momentum
2014-09,CAD,0.018089860171087782,0.0004905526557986344,-0.0005975208369183688,momentum
2014-10,CAD,0.010028038066555944,0.0008548723059623939,-0.0005405471143329842,momentum
2014-11,CAD,0.018113108407057987,0.0008951143556325817,-0.000508423755120556,momentum
2014-12,CAD,0.04989620375293749,0.0010843186678860897,-0.00045199486978062095,momentum
2015-01,CAD,0.030626657578991523,0.001895714217722585,-0.000299885508382681,momentum
2015-02,CAD,0.009475724840532995,0.002628217438461478,-0.00020673327016769848,momentum
2015-03,CAD,-0.0225214888592902,0.002820772563794095,-0.00017765681938481352,momentum
2015-04,CAD,-0.013136075969997524,0.0022352928458631576,-0.0002445545201030931,momentum
2015-05,CAD,0.015403099854049446,0.0019786349343300456,-0.0002830366736848675,momentum
2015-06,CAD,0.039485072123198905,0.002552387862417943,-0.00023635174354280097,momentum
2015-07,CAD,0.021838622617888825,0.004160522236775627,-0.0001184840169352588,momentum
2015-08,CAD,0.009010775388897052,0.004661448524829301,-5.352216298607512e-05,momentum
2015-09,CAD,-0.014731832985717286,0.004790518108336339,-2.678382212506295e-05,momentum
2015-10,CAD,0.01571130189054354,0.003594063555300071,-7.003396672386361e-05,momentum
2015-11,CAD,0.03216044800952644,0.003923669206926718,-2.3754389429824305e-05,momentum
2015-12,CAD,0.035460898232097304,0.004763504351223514,7.035146553788409e-05,momentum
2016-01,CAD,-0.029354009023917882,0.004909430651696563,0.00017353090217508355,momentum
2016-02,CAD,-0.04226658797342575,0.002768347699593997,8.769503029690617e-05,momentum
2016-03,CAD,-0.0313341561704355,0.0011497529903246027,-3.507100739504356e-05,momentum
2016-04,CAD,0.009859180121465805,0.0008098675718287074,-0.00012553079110325297,momentum
2016-05,CAD,-0.003947526315072447,0.0013897418946740246,-9.675640806991275e-05,momentum
2016-06,CAD,0.012179291842645656,0.0009071968938027958,-0.00010782183883716142,momentum
2016-07,CAD,-0.004145879258916962,0.00029851162580361705,-7.261520937732526e-05,momentum
2016-08,CAD,0.008427231364410925,-0.00033359110901028783,-8.425310666172422e-05,momentum
2016-09,CAD,0.010850290445930943,-0.0003220288484395122,-6.0003863154394735e-05,momentum
2016-10,CAD,0.013715785562173677,0.0003169472110745892,-2.9008708867220477e-05,momentum
2016-11,CAD,-0.007096731685765689,0.00030880539754508935,9.928385385020023e-06,momentum
2016-12,CAD,-0.011763954383074149,-0.0006454937537404697,-1.0146925550433957e-05,momentum
2017-01,CAD,-0.005629103560160775,-0.0018098169434218698,-4.32562423321909e-05,momentum
2017-02,CAD,0.020985069588088545,-0.0012602794740151188,-5.894682468564198e-05,momentum
2017-03,CAD,0.0037280090895119855,0.000315738822255582,0.0,momentum
2017-04,CAD,0.012498776029596426,0.001150318703827788,1.0413433210927334e-05,momentum
2017-05,CAD,-0.02312284722788599,0.0012578282377346819,4.51999585490485e-05,momentum
2017-06,CAD,-0.046573742968686854,0.0007145101034072404,-1.915572807993764e-05,momentum
2017-07,CAD,-0.00648274861077297,-0.0007584763258557311,-0.00014811580353868257,momentum
2017-08,CAD,-0.026441046937147633,-0.0008289963718736499,-0.0001656147891940259,momentum
2017-09,CAD,0.02636172907075665,-0.0017086868170130118,-0.00023799889979444897,momentum
2017-10,CAD,0.013081352811507574,-0.0012335245518331598,-0.0001649227240511768,momentum
2017-11,CAD,-0.00031320961809583325,-0.0011915667006327253,-0.0001286315582003309,momentum
2017-12,CAD,-0.026987906679169643,-0.0010412911941124652,-0.00012913586983938967,momentum
2018-01,CAD,0.01271152743878598,-0.0014721444357117558,-0.00020232053144519425,momentum
2018-02,CAD,0.027038205230946827,-0.001011418136481338,-0.00016722855326521815,momentum
2018-03,CAD,-0.015663675013260714,-0.000786254560503715,-9.350109043537521e-05,momentum
2018-04,CAD,0.010469663568962118,-0.0012509056850870607,-0.0001355826415781464,momentum
2018-05,CAD,0.019930635488878856,-0.0012469953924053518,-0.00010699707227749878,momentum
2018-06,CAD,0.000609338125335368,-0.00027166413630601706,-5.3132468618476325e-05,momentum
2018-07,CAD,-0.006953227632012227,0.0007044711719704013,-5.1356408044873526e-05,momentum
2018-08,CAD,-0.0006135910608220385,0.0006693737112801154,-6.981060917847608e-05,momentum
2018-09,CAD,-0.0023043254685296555,0.0011940512046166975,-7.12606903828589e-05,momentum
2018-10,CAD,0.01533854330743667,0.0005942579560492078,-7.719969245239834e-05,momentum
2018-11,CAD,0.017342126000950697,0.0006876229262968201,-3.6309127465955184e-05,momentum
2018-12,CAD,-0.010173636522338103,0.0011104648275422906,9.665568640967177e-06,momentum
2019-01,CAD,-0.006865619785981714,0.0014120418487267492,-1.7203302311484197e-05,momentum
2019-02,CAD,0.012189767190802003,0.0009731364331159889,-3.522545095272164e-05,momentum
2019-03,CAD,0.0005233840636879039,0.0007100206650770594,-3.1388560924730197e-06,momentum
2019-04,CAD,0.00611075752036544,0.001042762218524368,-1.7605238417390486e-06,momentum
2019-05,CAD,-0.012785698867211148,0.0009719475200777874,1.419905329718309e-05,momentum
2019-06,CAD,-0.013942788574000997,0.00025426062821907433,-1.9134014204140692e-05,momentum
2019-07,CAD,0.012738059868695528,-7.952801439300525e-05,-5.5299350723093566e-05,momentum
2019-08,CAD,-0.002413820286445323,0.00035366059049477374,-2.2155933056205945e-05,momentum
2019-09,CAD,-0.003934927513872144,0.0003095332546388316,-2.833594430527343e-05,momentum
2019-10,CAD,0.003632789887886123,0.00026500434413648884,-3.840447927838392e-05,momentum
2019-11,CAD,-0.005150356003550793,3.665575603265478e-05,-2.8966961625004726e-05,momentum
2019-12,CAD,-0.00609339991850083,-0.00043258933585673813,-4.209872839917341e-05,momentum
2020-01,CAD,0.014938666433467251,-0.0003651538043661987,-5.757520203114696e-05,momentum
2020-02,CAD,0.04948524809117688,0.00011625173295234564,-1.9319483573242883e-05,momentum
2020-03,CAD,0.006283939558534568,0.0010026443787675603,0.00010664633722764802,momentum
2020-04,CAD,-0.005424709948175344,0.001138921221047557,0.00012232474641878232,momentum
2020-05,CAD,-0.030521189034886986,0.0008801154468291628,0.00010828162060968328,momentum
2020-06,CAD,-0.004066699382553718,0.000428841304761539,3.0934472489742195e-05,momentum
2020-07,CAD,-0.020056049046901836,0.0006113157095926934,2.061297663320955e-05,momentum
2020-08,CAD,7.558864662127185e-05,-8.616189853496332e-05,-2.9830897797783027e-05,momentum
2020-09,CAD,-0.0009074410786031328,-3.742498768288254e-05,-2.9566688413274117e-05,momentum
2020-10,CAD,-0.011030502468538206,1.9177843172050165e-05,-3.176137438874862e-05,momentum
2020-11,CAD,-0.02040098573072399,-0.0002928947657118643,-5.9189656419046525e-05,momentum
2020-12,CAD,-0.006579486412412544,-0.0006419504626964237,-0.0001097911391909493,momentum
2021-01,CAD,-0.0022815792124784295,-0.0006683141822322754,-0.00012584497361581678,momentum
2021-02,CAD,-0.01005351828140763,-0.0010106817393651054,-0.00013118094945458562,momentum
2021-03,CAD,-0.00598493587132215,-0.002221086311305181,-0.00015568054780508696,momentum
2021-04,CAD,-0.02997909224783138,-0.0024950750903418926,-0.00017003831953788762,momentum
2021-05,CAD,0.007804516919902416,-0.003265635361149146,-0.00024327923828062348,momentum
2021-06,CAD,0.02505181516452759,-0.002340188704365758,-0.00022355424769684166,momentum
2021-07,CAD,0.005491676820515851,-0.0015740413275031808,-0.00016175627847379902,momentum
2021-08,CAD,0.00569847208827845,-0.001048067999727278,-0.0001479674172567511,momentum
2021-09,CAD,-0.018881261969625307,-0.0009174601954262101,-0.00013374250361797933,momentum
2021-10,CAD,0.010639674785861614,-0.0013243805075149368,-0.00017924619164226896,momentum
2021-11,CAD,0.018370840292564056,-0.0008621430705225959,-0.00015305025707204164,momentum
2021-12,CAD,-0.01400384776352373,-7.537880698848212e-05,-0.00010830656009224437,momentum
2022-01,CAD,0.007026437150484011,-0.0002482978989518767,-0.00014178979190774193,momentum
2022-02,CAD,-0.004020343596501635,-5.619191628085694e-05,-0.000124558477142377,momentum
2022-03,CAD,-0.0025308460202849714,4.734951987722681e-05,-0.00013390088750055268,momentum
2022-04,CAD,0.01812738459255675,0.0001057661156829539,-0.00013963520600003692,momentum
2022-05,CAD,-0.004286333180685303,0.0010565009586749102,-9.603850003689425e-05,momentum
2022-06,CAD,0.010256500167189181,0.0008086107892726661,-0.00010601539213367616,momentum
2022-07,CAD,-0.00146984902492725,0.0005618060977231893,-8.140134092388316e-05,momentum
2022-08,CAD,0.032147801909028495,0.0004245470112972944,-8.469150131251673e-05,momentum
2022-09,CAD,0.025900515454468143,0.0010196908373894026,-8.491753297526225e-06,momentum
2022-10,CAD,-0.01709317385397091,0.0020009625942089735,5.2614395777392936e-05,momentum
2022-11,CAD,0.009466826118906813,0.0013447539960449342,1.2271364601514573e-05,momentum
2022-12,CAD,-0.012071091142263513,0.0012103511129089447,3.446515510457865e-05,momentum
2023-01,CAD,0.0023813078673664556,0.0011932959552567728,6.114906164606543e-06,momentum
2023-02,CAD,0.016877726794259085,0.0011102106351289648,1.1664422429096845e-05,momentum
2023-03,CAD,-0.014650389025858801,0.0015755766485981968,5.097925313266325e-05,momentum
2023-04,CAD,0.0024443551298762856,0.0012647137140368555,1.679002457686915e-05,momentum
2023-05,CAD,-0.017237303258641146,0.0009747415318727802,2.2422426213294706e-05,momentum
2023-06,CAD,-0.005661033346832489,0.0006732738030057583,-1.7530642501646257e-05,momentum
2023-07,CAD,0.02000891062780835,0.0003634899396152353,-3.05641360451355e-05,momentum
2023-08,CAD,0.003924622757481788,0.0008098154995006237,1.5609768940702028e-05,momentum
2023-09,CAD,0.013288012573916874,0.0002962676893979819,2.4596005695968894e-05,momentum
2023-10,CAD,-0.0003647106061798189,9.23835048337963e-05,5.501668589831042e-05,momentum
2023-11,CAD,-0.021458626728336483,0.0004029369214198774,5.405621154572889e-05,momentum
2023-12,CAD,0.0005216289845914046,-0.00022076085629771082,4.9404970711119655e-06,momentum
2024-01,CAD,0.005720031938884762,1.316584739873646e-05,6.1174640130716294e-06,momentum
2024-02,CAD,0.0026631174194835516,8.769931353320423e-05,1.9103633274143655e-05,momentum
2024-03,CAD,0.01014341662773477,-0.00016861020655158584,2.5099129387997185e-05,momentum
2024-04,CAD,-0.0005120515089387379,0.0003113023468794221,4.799125042498084e-05,momentum
2024-05,CAD,0.0027765617720857394,0.00025500186339779774,4.6727045550570635e-05,momentum
2024-06,CAD,0.0006564791074235021,0.000629123466546503,5.287532196168588e-05,momentum
2024-07,CAD,-0.004311453936504395,0.0007454548418935584,5.4231734962723666e-05,momentum
2024-08,CAD,-0.008014454132956317,0.0002854354724957174,4.4443202067057485e-05,momentum
2024-09,CAD,0.015456484686146521,4.812249733076301e-05,2.6414348968571188e-05,momentum
2024-10,CAD,0.01557911061945233,0.00012215675174212658,6.0856470256914824e-05,momentum
2024-11,CAD,0.01941946213678375,0.00044842059428975667,9.541828350679325e-05,momentum
2024-12,CAD,0.009917667546186004,0.0012485317237011585,0.00013836060318074206,momentum
2025-01,CAD,-0.0062744210305704096,0.0014575129460248249,0.00016004421059317056,momentum
1997-06,CAD,-0.004924334666619845,0.0007448163618401415,0.0002791300241819778,afvigelse
1997-07,CAD,0.009393132646950075,0.0005831054111916884,0.00023612618376212807,afvigelse
1997-08,CAD,-0.0023760676477422304,0.0007635970399085676,0.00031118361378825875,afvigelse
1997-09,CAD,-0.00021628636398790535,0.000667825115138335,0.0002893360425563036,afvigelse
1997-10,CAD,0.018502510187406118,0.0006301732011225989,0.0002852584425035277,afvigelse
1997-11,CAD,0.010070862256649937,0.0010421002967236008,0.0004309964564627484,afvigelse
1997-12,CAD,0.009623505232542906,0.0012615789979988647,0.0005075033278928054,afvigelse
1998-01,CAD,-0.005218673779069594,0.0014767769919307723,0.0005792828704491055,afvigelse
1998-02,CAD,-0.011789610240296566,0.001281414323115658,0.0005339863341247406,afvigelse
1998-03,CAD,0.00927494001322915,0.0009329559196615543,0.0004384545777338778,afvigelse
1998-04,CAD,0.010713145940733748,0.0011197054299792676,0.0005064275426223029,afvigelse
1998-05,CAD,0.013948760877461996,0.001348708016683331,0.000584341423523917,afvigelse
1998-06,CAD,0.0144969345522305,0.0016765975862110879,0.0006855870254476904,afvigelse
1998-07,CAD,0.0315763450403872,0.0020434621261182415,0.0007894317436941777,afvigelse
1998-08,CAD,-0.008375916001142458,0.003041841326919356,0.001019184827997857,afvigelse
1998-09,CAD,0.015259507049703802,0.002612620192035896,0.0009495914885227435,afvigelse
1998-10,CAD,-0.003111228851372383,0.0030855179696831526,0.001054811455884369,afvigelse
1998-11,CAD,0.0018808579660319347,0.002852390890506433,0.0010244024025467284,afvigelse
1998-12,CAD,-0.015607460837664455,0.0028235863877347483,0.0010306086022821284,afvigelse
1999-01,CAD,-0.014384922070771355,0.0021895993559185086,0.0009109102609875488,afvigelse
1999-02,CAD,0.01319954162245457,0.0017059243736898717,0.0008016543157606994,afvigelse
1999-03,CAD,-0.01963000118479996,0.0020224869522556194,0.0008895825945315779,afvigelse
1999-04,CAD,-0.01831056175796575,0.0014402111191637798,0.0007450784834095248,afvigelse
1999-05,CAD,0.005732630180933285,0.0009848581237854293,0.000611822257945362,afvigelse
1999-06,CAD,0.013182546825036945,0.0010881258004980647,0.0006473834240772226,afvigelse
1999-07,CAD,0.0028167143564197805,0.0013584031111741122,0.0007338328268424621,afvigelse
1999-08,CAD,-0.010840761993874681,0.0013931379212550853,0.0007480991386888821,afvigelse
1999-09,CAD,0.00033844383847608794,0.0011108614757912097,0.0006692633486714429,afvigelse
1999-10,CAD,-0.006927022605136335,0.0010886040515050092,0.0006670280817106635,afvigelse
1999-11,CAD,0.0032657533447116305,0.0009156752774561384,0.0006160612985774621,afvigelse
1999-12,CAD,-0.01616030786337974,0.0009640411903589598,0.0006337259122183565,afvigelse
2000-01,CAD,0.0017932275996463964,0.0006210098540330453,0.0005225071454925414,afvigelse
2000-02,CAD,0.006593430479831908,0.0006445925318623307,0.0005308671484803957,afvigelse
2000-03,CAD,0.005529590496665182,0.0007629782735010821,0.0005704917454173337,afvigelse
2000-04,CAD,0.018080503327911668,0.0008541993606599684,0.0006026936853605015,afvigelse
2000-05,CAD,-0.012581321133901091,0.0011983928026044035,0.000715453747570509,afvigelse
2000-06,CAD,0.0005414918231673727,0.0009098105985008806,0.0006302180111508193,afvigelse
2000-07,CAD,0.003377696922029938,0.0008964177691887142,0.0006296528761955108,afvigelse
2000-08,CAD,0.0024248967829968993,0.0009380378680956818,0.0006470455600299058,afvigelse
2000-09,CAD,0.01740682184542247,0.0009592165505890847,0.0006582270142624026,afvigelse
2000-10,CAD,0.019705393594902254,0.0012828638559969079,0.000762905731957153,afvigelse
2000-11,CAD,-0.013509750259144748,0.0016819405760462583,0.0008805609360748245,afvigelse
2000-12,CAD,-0.012363385141498429,0.001328165902461295,0.0007917318546228518,afvigelse
2001-01,CAD,0.012166243691870304,0.0010398971280699432,0.000711025615382844,afvigelse
2001-02,CAD,0.024089727703879404,0.0012542722383074956,0.0007808745060931333,afvigelse
2001-03,CAD,-0.0005775710091571185,0.0017360178260892355,0.0009221402830494138,afvigelse
2001-04,CAD,-0.010778122344516361,0.001673396869126583,0.0009131058776746757,afvigelse
2001-05,CAD,-0.010829959713022363,0.0013883273952069643,0.0008430985230507772,afvigelse
2001-06,CAD,0.0041239871232376935,0.001131999081034242,0.0007736160335503418,afvigelse
2001-07,CAD,0.005927004682820036,0.0011813282925516536,0.000793440714554409,afvigelse
2001-08,CAD,0.01801966513203762,0.0012658726010134828,0.0008236381496618539,afvigelse
2001-09,CAD,0.0024206917158789976,0.001599824840473826,0.000924199710962297,afvigelse
2001-10,CAD,0.012958871572194053,0.0016055194305563722,0.0009329002458746034,afvigelse
2001-11,CAD,-0.008451642865785813,0.0018459146733653927,0.0010024145309978371,afvigelse
2001-12,CAD,0.013151046858857929,0.0015981143959046054,0.0009480808677979312,afvigelse
2002-01,CAD,-0.002065017472971109,0.0018403124500540441,0.0010178121020325598,afvigelse
2002-02,CAD,-0.005464666091113124,0.0017366979197095656,0.001000296024901857,afvigelse
2002-03,CAD,-0.003912664337762273,0.0015670164919993218,0.0009637708152068572,afvigelse
2002-04,CAD,-0.019989808898292438,0.001444571612531073,0.000936375112100289,afvigelse
2002-05,CAD,-0.011940440371917882,0.001020291554346926,0.0008194690561763073,afvigelse
2002-06,CAD,0.008968669982760469,0.000780418906448862,0.0007485806704646729,afvigelse
2002-07,CAD,0.015281196235119143,0.0009107254947554669,0.0007939955285436552,afvigelse
2002-08,CAD,0.004260060488122608,0.0011531965021078696,0.0008735955324259381,afvigelse
2002-09,CAD,0.001204781224324214,0.0011982055265413614,0.0008921008054078871,afvigelse
2002-10,CAD,-0.004127645168197358,0.0011866073216888282,0.0008938001555106932,afvigelse
2002-11,CAD,-0.007857708044271217,0.001082799136212993,0.0008666572078149741,afvigelse
2002-12,CAD,-0.01148177484945806,0.0009198236336553035,0.000819752018287629,afvigelse
2003-01,CAD,-0.019191681225269486,0.0007030648541646048,0.0007539684521499514,afvigelse
2003-02,CAD,-0.024095938575672382,0.0003567747889645572,0.0006478745708870821,afvigelse
2003-03,CAD,-0.012200676170621205,-0.00010151413421492106,0.0005169549246089897,afvigelse
2003-04,CAD,-0.0522249411947151,-0.00036388735062304033,0.00045002002410777814,afvigelse
2003-05,CAD,-0.023023125456978155,-0.0017170083769139414,0.00017423488683645418,afvigelse
2003-06,CAD,0.021649349889344416,-0.0025436796117073615,5.341530171241975e-05,afvigelse
2003-07,CAD,0.01022179933816808,-0.0015912805753324757,0.00016531133584522803,afvigelse
2003-08,CAD,-0.023844301019464276,-0.0012072770192576002,0.00021714890286751075,afvigelse
2003-09,CAD,-0.030760198412633777,-0.0019213861933051648,9.375685198375801e-05,afvigelse
2003-10,CAD,-0.006906786213254912,-0.0030670296775680314,-6.36612871214335e-05,afvigelse
2003-11,CAD,-0.00015233452691504334,-0.003259163185416443,-9.839796187338009e-05,afvigelse
2003-12,CAD,-0.013033995760024175,-0.0031220254090406274,-9.86703687675299e-05,afvigelse
2004-01,CAD,0.02597548640326064,-0.0036065967693231413,-0.00016367200389947283,afvigelse
2004-02,CAD,-0.0009779951879767546,-0.002283029663400541,-3.297621186367228e-05,afvigelse
2004-03,CAD,0.010035282300486337,-0.0022351288801149565,-3.767779880950851e-05,afvigelse
2004-04,CAD,0.027125041316068355,-0.0018078740320712596,1.2188340295916468e-05,afvigelse
2004-05,CAD,-0.015420336980148885,-0.0009616103628466762,0.00014574919239331764,afvigelse
2004-06,CAD,-0.026341858135092155,-0.0013257000479012452,6.944484841026763e-05,afvigelse
2004-07,CAD,-0.007437799923092736,-0.0020628914096377697,-5.9390775899500295e-05,afvigelse
2004-08,CAD,-0.01891782040731954,-0.0022494672515712506,-9.520829603150629e-05,afvigelse
2004-09,CAD,-0.0325077933995018,-0.0028761147156093187,-0.00018613878932275283,afvigelse
2004-10,CAD,-0.041009142782327535,-0.004201147003322459,-0.00034153135956399827,afvigelse
2004-11,CAD,0.01829748444157797,-0.00632543616847891,-0.0005361132324001874,afvigelse
2004-12,CAD,0.004828752681683257,-0.004841379373120532,-0.0004464294339526724,afvigelse
2005-01,CAD,0.012414456165252552,-0.004364393025169767,-0.0004214285708453931,afvigelse
2005-02,CAD,-0.01962523798261434,-0.0035821186676012464,-0.00036088194473172353,afvigelse
2005-03,CAD,0.01623266606957746,-0.004333397558846742,-0.00045132493082506917,afvigelse
2005-04,CAD,0.01573445000194998,-0.00339716838961899,-0.000373362356056833,afvigelse
2005-05,CAD,-0.012261242681862183,-0.0026500566195276926,-0.0002984422985777316,afvigelse
2005-06,CAD,-0.01404756972045329,-0.0029923101085157994,-0.00035382563368553,afvigelse
2005-07,CAD,-0.015326601928890127,-0.003417483388035237,-0.00041693044514528926,afvigelse
2005-08,CAD,-0.022335101418931386,-0.003915196464270064,-0.00048532343360283437,afvigelse
2005-09,CAD,-0.00025476625334175385,-0.004764387703393628,-0.0005850941093349282,afvigelse
2005-10,CAD,0.003476200032801524,-0.004555592918447295,-0.0005835926190804137,afvigelse
2005-11,CAD,-0.01707254441649872,-0.004183662416614022,-0.0005652225165832104,afvigelse
2005-12,CAD,-0.0037089791084837787,-0.0047647036636573915,-0.0006395798224386857,afvigelse
2006-01,CAD,-0.007198331242660866,-0.0047233462687645365,-0.0006533439447976323,afvigelse
2006-02,CAD,0.007284742994712906,-0.004841071090681284,-0.0006825626380916646,afvigelse
2006-03,CAD,-0.011471404147133962,-0.0042830755075556545,-0.0006471523908347554,afvigelse
2006-04,CAD,-0.030258286400518197,-0.004576571176108103,-0.0006950473101104156,afvigelse
2006-05,CAD,0.003327790092674504,-0.005757691259086577,-0.0008252818435483353,afvigelse
2006-06,CAD,0.013998712839681876,-0.005311552366964599,-0.0008070666157578843,afvigelse
2006-07,CAD,-0.009966268646191281,-0.004429977274172329,-0.0007424125570005054,afvigelse
2006-08,CAD,-0.001879783930875692,-0.004643800981434547,-0.0007825162791274219,afvigelse
2006-09,CAD,0.011048851595921116,-0.00450450822377073,-0.0007872663555419166,afvigelse
2006-10,CAD,0.006535970979785394,-0.0038633526401478917,-0.0007362486057511275,afvigelse
2006-11,CAD,0.015115398526871299,-0.003454953058079267,-0.0007050373628947477,afvigelse
2006-12,CAD,0.019833232202148443,-0.0028180820217302083,-0.0006374286625111321,afvigelse
2007-01,CAD,-0.004515834368678195,-0.00213812671355743,-0.0005503194673423679,afvigelse
2007-02,CAD,-0.002393981991508448,-0.0021480052317204897,-0.0005671224965853164,afvigelse
2007-03,CAD,-0.02883145169070586,-0.0021042313096957233,-0.0005748307644963844,afvigelse
2007-04,CAD,-0.03578696763378962,-0.002747526527587859,-0.000693556062505668,afvigelse
2007-05,CAD,-0.027776991832593467,-0.003695447581912508,-0.000840390420544513,afvigelse
2007-06,CAD,-0.014088069245361039,-0.004507940755206665,-0.0009526262597613837,afvigelse
2007-07,CAD,0.0073051887889700046,-0.00484419186118664,-0.0010071301725647016,afvigelse
2007-08,CAD,-0.029936035687809923,-0.004326771014886536,-0.0009727817471038145,afvigelse
2007-09,CAD,-0.05125741102896675,-0.005259964895671678,-0.0010919720925388191,afvigelse
2007-10,CAD,-0.008442343975369408,-0.007305787713738953,-0.0012975681537536878,afvigelse
2007-11,CAD,0.03544777776370031,-0.0073453272224272385,-0.0013267305040459967,afvigelse
2007-12,CAD,0.0077535179682280825,-0.005257566486100736,-0.0011772406330388977,afvigelse
2008-01,CAD,-0.011252296966002303,-0.004699953457839097,-0.0011410837156248614,afvigelse
2008-02,CAD,0.004296784027653568,-0.00489802694597031,-0.0011818547367957381,afvigelse
2008-03,CAD,0.010711200294191479,-0.004519022261214324,-0.001159852171476665,afvigelse
2008-04,CAD,-0.014307248520610372,-0.003955686898156626,-0.0011123679616139924,afvigelse
2008-05,CAD,0.01716397114505846,-0.0042683764661216195,-0.001164937206868958,afvigelse
2008-06,CAD,-0.0035475007641188015,-0.0035544108828442222,-0.0010922034435676587,afvigelse
2008-07,CAD,0.03920172899556054,-0.0035214836624176574,-0.0011019081760599556,afvigelse
2008-08,CAD,0.004451397225787558,-0.00230805745638649,-0.000943232439163812,afvigelse
2008-09,CAD,0.11292022649068212,-0.002111066271684954,-0.0009220770287130222,afvigelse
2008-10,CAD,0.02698140191979781,0.0002299547939820064,-0.0004773805305903849,afvigelse
2008-11,CAD,0.013546804196907625,0.0007885000444989782,-0.0003705370191102751,afvigelse
2008-12,CAD,-0.007240218733944842,0.0010956197760935572,-0.00031659383610245376,afvigelse
2009-01,CAD,0.016518594223979083,0.0009392771423176368,-0.0003433259785651657,afvigelse
2009-02,CAD,0.015380627542566638,0.0013223372367069015,-0.0002784724393246109,afvigelse
2009-03,CAD,-0.03238921769305039,0.0017001194775194868,-0.00021847588766985514,afvigelse
2009-04,CAD,-0.06009380373165704,0.0009259583748391462,-0.0003412649785300862,afvigelse
2009-05,CAD,-0.023167059281534355,-0.00020957945418615987,-0.0005684609433708731,afvigelse
2009-06,CAD,-0.0031120818252850374,-0.0005526625562632986,-0.0006540616946517953,afvigelse
2009-07,CAD,-0.032309040741559075,-0.0005671646674117002,-0.0006633372423145623,afvigelse
2009-08,CAD,-0.005164157548234363,-0.0010458990345660712,-0.0007823060524620979,afvigelse
2009-09,CAD,-0.02518506000613103,-0.0010898532410104729,-0.0007987174812852151,afvigelse
2009-10,CAD,0.004351946319881811,-0.0014664380977915015,-0.0008897112966764309,afvigelse
2009-11,CAD,-0.005300532996968331,-0.0013603670291713892,-0.0008702255806297459,afvigelse
2009-12,CAD,-0.009439879396169075,-0.00141336423484552,-0.0008866341266161852,afvigelse
2010-01,CAD,0.012756003520821138,-0.0015343812545935954,-0.000918195917278742,afvigelse
2010-02,CAD,-0.032982173267172434,-0.0012775698607148404,-0.0008679231252269044,afvigelse
2010-03,CAD,-0.01745520379352442,-0.0017926670011916075,-0.0009855577411314667,afvigelse
2010-04,CAD,0.03432260640741234,-0.0020595131424000945,-0.001045665938402974,afvigelse
2010-05,CAD,-0.002598779074615337,-0.0013894612652878419,-0.0009170540389636454,afvigelse
2010-06,CAD,0.004423509472880061,-0.001390059459938531,-0.0009231472456145575,afvigelse
2010-07,CAD,-0.0017286089006177952,-0.0012805615586964432,-0.0009038452358004974,afvigelse
2010-08,CAD,-0.007138064454858005,-0.0012738294629907128,-0.0009068120115732214,afvigelse
2010-09,CAD,-0.014725508661344287,-0.0013568467085679173,-0.0009291462497211957,afvigelse
2010-10,CAD,-0.004924177765542784,-0.0015621178825203927,-0.0009784189726198495,afvigelse
2010-11,CAD,-0.00475013263285555,-0.0016061791020111774,-0.0009924608188580095,afvigelse
2010-12,CAD,-0.01418605208593597,-0.001650026488337192,-0.0010057858962126106,afvigelse
2011-01,CAD,-0.006358840502935403,-0.0018551415536344766,-0.0010523592749748841,afvigelse
2011-02,CAD,-0.011200605843464566,-0.0019271566720378257,-0.0010710440680310829,afvigelse
2011-03,CAD,-0.019229373656699404,-0.002085084269998949,-0.001106586390050148,afvigelse
2011-04,CAD,0.010384309305716481,-0.002403225215325928,-0.0011699527790943762,afvigelse
2011-05,CAD,0.008845064350982923,-0.002151459952498125,-0.0011296940261856273,afvigelse
2011-06,CAD,-0.022051724351597184,-0.0019465206492323929,-0.0010950594484871255,afvigelse
2011-07,CAD,0.027260335422513007,-0.0023065393236423896,-0.0011675738599165719,afvigelse
2011-08,CAD,0.02096639648224847,-0.0017586874590423043,-0.0010695465865288836,afvigelse
2011-09,CAD,0.017109649440331203,-0.0013850728254571213,-0.0009938216962581711,afvigelse
2011-10,CAD,0.004890941961469022,-0.0010972740757243414,-0.0009318235074342351,afvigelse
2011-11,CAD,-0.0012693454811801286,-0.0010004937413042583,-0.0009119505877451453,afvigelse
2011-12,CAD,-0.010311900852661014,-0.0009931552788734713,-0.00091316621663438,afvigelse
2012-01,CAD,-0.016221682275272712,-0.0011149330129701627,-0.0009450263340446397,afvigelse
2012-02,CAD,-0.0029138428051903513,-0.001324214372292847,-0.00099663665817041,afvigelse
2012-03,CAD,-0.00100674527782275,-0.0013326051566897046,-0.0010030918977226657,afvigelse
2012-04,CAD,0.01687930211987793,-0.0013171959673306736,-0.001003104157387431,afvigelse
2012-05,CAD,0.017961910004835047,-0.0010429770704905221,-0.0009432967785337009,afvigelse
2012-06,CAD,-0.013515042654191765,-0.0007684272910592737,-0.0008802794225891385,afvigelse
2012-07,CAD,-0.02172915154327279,-0.0009574632603476059,-0.0009222553801692137,afvigelse
2012-08,CAD,-0.0143098803542628,-0.0012604359546626283,-0.0009911523873318083,afvigelse
2012-09,CAD,0.009056281687740246,-0.0014610118233147873,-0.0010351085852424715,afvigelse
2012-10,CAD,0.009878116810714994,-0.0013207057246972787,-0.0010019132225023968,afvigelse
2012-11,CAD,-0.007247867444052629,-0.001175788629949737,-0.0009662409928852907,afvigelse
2012-12,CAD,0.0023210061380710724,-0.0012754679886579543,-0.0009867691839021775,afvigelse
2013-01,CAD,0.01768366176895858,-0.0012335573124611261,-0.0009759946714527533,afvigelse
2013-02,CAD,0.014354783900554802,-0.0009755300581761042,-0.0009154113713215475,afvigelse
2013-03,CAD,-0.005579770729349544,-0.000771994480655373,-0.0008659932636455723,afvigelse
2013-04,CAD,0.0008830889059398273,-0.0008497204758057728,-0.0008811989974059078,afvigelse
2013-05,CAD,0.011506709114898223,-0.0008381343940781917,-0.0008755260459482043,afvigelse
2013-06,CAD,0.008495899722113447,-0.0006747778479343459,-0.0008358393947916453,afvigelse
2013-07,CAD,0.00048056130484156606,-0.0005558293480392976,-0.0008060255317983385,afvigelse
2013-08,CAD,-0.006265382681692563,-0.0005447640018532264,-0.000801928121490568,afvigelse
2013-09,CAD,0.0020284962280506247,-0.0006287997252349368,-0.0008192724216816855,afvigelse
2013-10,CAD,0.011799263948260648,-0.0005731856557149765,-0.0008102604955749377,afvigelse
2013-11,CAD,0.014485460383888031,-0.0003731835914454833,-0.000770482815941387,afvigelse
2013-12,CAD,0.027899302459606173,-0.00012716090353250041,-0.0007225081517909799,afvigelse
2014-01,CAD,0.01036655641723594,0.00034495608301515475,-0.0006327846075546252,afvigelse
2014-02,CAD,0.004783186773911818,0.0005533022567644171,-0.0005984116668521546,afvigelse
2014-03,CAD,-0.01040780470498949,0.0006668563281718709,-0.0005816465626753199,afvigelse
2014-04,CAD,-0.008955556518510835,0.0004863469587276759,-0.0006121625817508298,afvigelse
2014-05,CAD,-0.00589211794858345,0.000333555323676008,-0.0006379935227315109,afvigelse
2014-06,CAD,-0.008438086136819692,0.00023796530634608243,-0.0006542099561446342,afvigelse
2014-07,CAD,0.01726329509744641,0.00010530552464137308,-0.0006781603443928652,afvigelse
2014-08,CAD,0.00774950315792812,0.0003895240147433998,-0.0006231252050007202,afvigelse
2014-09,CAD,0.018089860171087782,0.0005215521702921167,-0.0005975208369183688,afvigelse
2014-10,CAD,0.010028038066555944,0.0008472632265056138,-0.0005405471143329842,afvigelse
2014-11,CAD,0.018113108407057987,0.0010325006401492598,-0.000508423755120556,afvigelse
2014-12,CAD,0.04989620375293749,0.0014022467434800002,-0.00045199486978062095,afvigelse
2015-01,CAD,0.030626657578991523,0.0026443837616684364,-0.000299885508382681,afvigelse
2015-02,CAD,0.009475724840532995,0.003572513200447722,-0.00020673327016769848,afvigelse
2015-03,CAD,-0.0225214888592902,0.0037945289873046973,-0.00017765681938481352,afvigelse
2015-04,CAD,-0.013136075969997524,0.0028562015875219734,-0.0002445545201030931,afvigelse
2015-05,CAD,0.015403099854049446,0.0023664820323026346,-0.0002830366736848675,afvigelse
2015-06,CAD,0.039485072123198905,0.0027413472326802387,-0.00023635174354280097,afvigelse
2015-07,CAD,0.021838622617888825,0.003943834081867103,-0.0001184840169352588,afvigelse
2015-08,CAD,0.009010775388897052,0.004643973549566492,-5.352216298607512e-05,afvigelse
2015-09,CAD,-0.014731832985717286,0.004835725789736367,-2.678382212506295e-05,afvigelse
2015-10,CAD,0.01571130189054354,0.004056297088187494,-7.003396672386361e-05,afvigelse
2015-11,CAD,0.03216044800952644,0.004491302372797374,-2.3754389429824305e-05,afvigelse
2015-12,CAD,0.035460898232097304,0.005621444226323573,7.035146553788409e-05,afvigelse
2016-01,CAD,-0.029354009023917882,0.00702614115274445,0.00017353090217508355,afvigelse
2016-02,CAD,-0.04226658797342575,0.005295927495528076,8.769503029690617e-05,afvigelse
2016-03,CAD,-0.0313341561704355,0.003459216831095779,-3.507100739504356e-05,afvigelse
2016-04,CAD,0.009859180121465805,0.0023930188505152097,-0.00012553079110325297,afvigelse
2016-05,CAD,-0.003947526315072447,0.0025520108000016725,-9.675640806991275e-05,afvigelse
2016-06,CAD,0.012179291842645656,0.0023489521525294917,-0.00010782183883716142,afvigelse
2016-07,CAD,-0.004145879258916962,0.002559429369226432,-7.261520937732526e-05,afvigelse
2016-08,CAD,0.008427231364410925,0.002351777650144031,-8.425310666172422e-05,afvigelse
2016-09,CAD,0.010850290445930943,0.0024738357673279865,-6.0003863154394735e-05,afvigelse
2016-10,CAD,0.013715785562173677,0.002662670428673108,-2.9008708867220477e-05,afvigelse
2016-11,CAD,-0.007096731685765689,0.002932226876040863,9.928385385020023e-06,afvigelse
2016-12,CAD,-0.011763954383074149,0.002633849718315266,-1.0146925550433957e-05,afvigelse
2017-01,CAD,-0.005629103560160775,0.002239040408070875,-4.32562423321909e-05,afvigelse
2017-02,CAD,0.020985069588088545,0.0020171183106668013,-5.894682468564198e-05,afvigelse
2017-03,CAD,0.0037280090895119855,0.0024190416966745256,0.0,afvigelse
2017-04,CAD,0.012498776029596426,0.0024102921146528476,1.0413433210927334e-05,afvigelse
2017-05,CAD,-0.02312284722788599,0.002621962098968473,4.51999585490485e-05,afvigelse
2017-06,CAD,-0.046573742968686854,0.001965434733009439,-1.915572807993764e-05,afvigelse
2017-07,CAD,-0.00648274861077297,0.0009375059683170006,-0.00014811580353868257,afvigelse
2017-08,CAD,-0.026441046937147633,0.000765829663904977,-0.0001656147891940259,afvigelse
2017-09,CAD,0.02636172907075665,0.0002712604326614766,-0.00023799889979444897,afvigelse
2017-10,CAD,0.013081352811507574,0.0006433240831916507,-0.0001649227240511768,afvigelse
2017-11,CAD,-0.00031320961809583325,0.0008080278923617374,-0.0001286315582003309,afvigelse
2017-12,CAD,-0.026987906679169643,0.0007434622499711292,-0.00012913586983938967,afvigelse
2018-01,CAD,0.01271152743878598,0.0002460738111174605,-0.00020232053144519425,afvigelse
2018-02,CAD,0.027038205230946827,0.0003997372510046829,-0.00016722855326521815,afvigelse
2018-03,CAD,-0.015663675013260714,0.0007891034696833478,-9.350109043537521e-05,afvigelse
2018-04,CAD,0.010469663568962118,0.00047674706159666486,-0.0001355826415781464,afvigelse
2018-05,CAD,0.019930635488878856,0.0005949620488351908,-0.00010699707227749878,afvigelse
2018-06,CAD,0.000609338125335368,0.0008720537145184058,-5.3132468618476325e-05,afvigelse
2018-07,CAD,-0.006953227632012227,0.0008277150047392475,-5.1356408044873526e-05,afvigelse
2018-08,CAD,-0.0006135910608220385,0.0006578387487446261,-6.981060917847608e-05,afvigelse
2018-09,CAD,-0.0023043254685296555,0.0005950410753256515,-7.12606903828589e-05,afvigelse
2018-10,CAD,0.01533854330743667,0.0005060799767945307,-7.719969245239834e-05,afvigelse
2018-11,CAD,0.017342126000950697,0.0007048138818905045,-3.6309127465955184e-05,afvigelse
2018-12,CAD,-0.010173636522338103,0.0009431226754362566,9.665568640967177e-06,afvigelse
2019-01,CAD,-0.006865619785981714,0.0007221901547059969,-1.7203302311484197e-05,afvigelse
2019-02,CAD,0.012189767190802003,0.0005670082178156923,-3.522545095272164e-05,afvigelse
2019-03,CAD,0.0005233840636879039,0.0007245083424573723,-3.1388560924730197e-06,afvigelse
2019-04,CAD,0.00611075752036544,0.0006873368866420071,-1.7605238417390486e-06,afvigelse
2019-05,CAD,-0.012785698867211148,0.0007397371523043177,1.419905329718309e-05,afvigelse
2019-06,CAD,-0.013942788574000997,0.0004812963546359181,-1.9134014204140692e-05,afvigelse
2019-07,CAD,0.012738059868695528,0.00021394180947095274,-5.5299350723093566e-05,afvigelse
2019-08,CAD,-0.002413820286445323,0.0003719056614435401,-2.2155933056205945e-05,afvigelse
2019-09,CAD,-0.003934927513872144,0.0002924296856806407,-2.833594430527343e-05,afvigelse
2019-10,CAD,0.003632789887886123,0.00019436451934620004,-3.840447927838392e-05,afvigelse
2019-11,CAD,-0.005150356003550793,0.00021695394536027702,-2.8966961625004726e-05,afvigelse
2019-12,CAD,-0.00609339991850083,0.00010686831141130571,-4.209872839917341e-05,afvigelse
2020-01,CAD,0.014938666433467251,-5.026197786233388e-06,-5.757520203114696e-05,afvigelse
2020-02,CAD,0.04948524809117688,0.00021431943472427625,-1.9319483573242883e-05,afvigelse
2020-03,CAD,0.006283939558534568,0.0009766659945149993,0.00010664633722764802,afvigelse
2020-04,CAD,-0.005424709948175344,0.0010509062161774274,0.00012232474641878232,afvigelse
2020-05,CAD,-0.030521189034886986,0.0009244992741953023,0.00010828162060968328,afvigelse
2020-06,CAD,-0.004066699382553718,0.0004068934777069559,3.0934472489742195e-05,afvigelse
2020-07,CAD,-0.020056049046901836,0.0003328754609850764,2.061297663320955e-05,afvigelse
2020-08,CAD,7.558864662127185e-05,2.5380392043416358e-05,-2.9830897797783027e-05,afvigelse
2020-09,CAD,-0.0009074410786031328,2.7024171401157526e-05,-2.9566688413274117e-05,afvigelse
2020-10,CAD,-0.011030502468538206,1.0966678985402445e-05,-3.176137438874862e-05,afvigelse
2020-11,CAD,-0.02040098573072399,-0.00015170799823182256,-5.9189656419046525e-05,afvigelse
2020-12,CAD,-0.006579486412412544,-0.0004447649432895228,-0.0001097911391909493,afvigelse
2021-01,CAD,-0.0022815792124784295,-0.0005209657452964375,-0.00012584497361581678,afvigelse
2021-02,CAD,-0.01005351828140763,-0.0005370816286157578,-0.00013118094945458562,afvigelse
2021-03,CAD,-0.00598493587132215,-0.0006801321579634038,-0.00015568054780508696,afvigelse
2021-04,CAD,-0.02997909224783138,-0.0007664915023953933,-0.00017003831953788762,afvigelse
2021-05,CAD,0.007804516919902416,-0.0012335359675456133,-0.00024327923828062348,afvigelse
2021-06,CAD,0.02505181516452759,-0.0010856616870439206,-0.00022355424769684166,afvigelse
2021-07,CAD,0.005491676820515851,-0.000670565042949346,-0.00016175627847379902,afvigelse
2021-08,CAD,0.00569847208827845,-0.000578162357614868,-0.0001479674172567511,afvigelse
2021-09,CAD,-0.018881261969625307,-0.0004834109228913808,-0.00013374250361797933,afvigelse
2021-10,CAD,0.010639674785861614,-0.0007548511805588463,-0.00017924619164226896,afvigelse
2021-11,CAD,0.018370840292564056,-0.0005756191098946475,-0.00015305025707204164,afvigelse
2021-12,CAD,-0.01400384776352373,-0.000291376100331317,-0.00010830656009224437,afvigelse
2022-01,CAD,0.007026437150484011,-0.00048815703650416213,-0.00014178979190774193,afvigelse
2022-02,CAD,-0.004020343596501635,-0.0003764487652935139,-0.000124558477142377,afvigelse
2022-03,CAD,-0.0025308460202849714,-0.0004233888329336916,-0.00013390088750055268,afvigelse
2022-04,CAD,0.01812738459255675,-0.00044705407792104316,-0.00013963520600003692,afvigelse
2022-05,CAD,-0.004286333180685303,-0.00016843389711764748,-9.603850003689425e-05,afvigelse
2022-06,CAD,0.010256500167189181,-0.00022268870835443486,-0.00010601539213367616,afvigelse
2022-07,CAD,-0.00146984902492725,-7.720189106000097e-05,-8.140134092388316e-05,afvigelse
2022-08,CAD,0.032147801909028495,-0.00010319224637873048,-8.469150131251673e-05,afvigelse
2022-09,CAD,0.025900515454468143,0.0003453387526694936,-8.491753297526225e-06,afvigelse
2022-10,CAD,-0.01709317385397091,0.000712576561726879,5.2614395777392936e-05,afvigelse
2022-11,CAD,0.009466826118906813,0.0004412942350315788,1.2271364601514573e-05,afvigelse
2022-12,CAD,-0.012071091142263513,0.0005676704320949501,3.446515510457865e-05,afvigelse
2023-01,CAD,0.0023813078673664556,0.00037183828380564347,6.114906164606543e-06,afvigelse
2023-02,CAD,0.016877726794259085,0.0003922789226561668,1.1664422429096845e-05,afvigelse
2023-03,CAD,-0.014650389025858801,0.0006283100539065614,5.097925313266325e-05,afvigelse
2023-04,CAD,0.0024443551298762856,0.0003975220005272914,1.679002457686915e-05,afvigelse
2023-05,CAD,-0.017237303258641146,0.0004222034477945395,2.2422426213294706e-05,afvigelse
2023-06,CAD,-0.005661033346832489,0.00017023291176517132,-1.7530642501646257e-05,afvigelse
2023-07,CAD,0.02000891062780835,8.845982054252633e-05,-3.05641360451355e-05,afvigelse
2023-08,CAD,0.003924622757481788,0.00036539681783574475,1.5609768940702028e-05,afvigelse
2023-09,CAD,0.013288012573916874,0.0004135517717181634,2.4596005695968894e-05,afvigelse
2023-10,CAD,-0.0003647106061798189,0.0005951605260145497,5.501668589831042e-05,afvigelse
2023-11,CAD,-0.021458626728336483,0.0005806644426971214,5.405621154572889e-05,afvigelse
2023-12,CAD,0.0005216289845914046,0.00026832003628345124,4.9404970711119655e-06,afvigelse
2024-01,CAD,0.005720031938884762,0.0002732461903625642,6.1174640130716294e-06,afvigelse
2024-02,CAD,0.0026631174194835516,0.000349311238855067,1.9103633274143655e-05,afvigelse
2024-03,CAD,0.01014341662773477,0.0003839622059105411,2.5099129387997185e-05,afvigelse
2024-04,CAD,-0.0005120515089387379,0.0005241781493371638,4.799125042498084e-05,afvigelse
2024-05,CAD,0.0027765617720857394,0.0005123454436932925,4.6727045550570635e-05,afvigelse
2024-06,CAD,0.0006564791074235021,0.0005451626277466183,5.287532196168588e-05,afvigelse
2024-07,CAD,-0.004311453936504395,0.000544268187067311,5.4231734962723666e-05,afvigelse
2024-08,CAD,-0.008014454132956317,0.0004747931677686281,4.4443202067057485e-05,afvigelse
2024-09,CAD,0.015456484686146521,0.0003544895677196376,2.6414348968571188e-05,afvigelse
2024-10,CAD,0.01557911061945233,0.0005658273061778556,6.0856470256914824e-05,afvigelse
2024-11,CAD,0.01941946213678375,0.0007822521761696371,9.541828350679325e-05,afvigelse
2024-12,CAD,0.009917667546186004,0.0010611575087792595,0.00013836060318074206,afvigelse
2025-01,CAD,-0.0062744210305704096,0.0011970699546777124,0.00016004421059317056,afvigelse
1997-06,CAD,-0.004924334666619845,-0.0006709383444149922,0.0002791300241819778,usrente
1997-07,CAD,0.009393132646950075,-0.0009681375944545589,0.00023612618376212807,usrente
1997-08,CAD,-0.0023760676477422304,0.0007515894790099667,0.00031118361378825875,usrente
1997-09,CAD,-0.00021628636398790535,-2.2665920554407117e-05,0.0002893360425563036,usrente
1997-10,CAD,0.018502510187406118,-0.0004187976037588846,0.0002852584425035277,usrente
1997-11,CAD,0.010070862256649937,-8.397597197982456e-05,0.0004309964564627484,usrente
1997-12,CAD,0.009623505232542906,0.00032346588358516526,0.0005075033278928054,usrente
1998-01,CAD,-0.005218673779069594,-0.00035014357996499587,0.0005792828704491055,usrente
1998-02,CAD,-0.011789610240296566,0.0007448657194838975,0.0005339863341247406,usrente
1998-03,CAD,0.00927494001322915,0.0008338506609639674,0.0004384545777338778,usrente
1998-04,CAD,0.010713145940733748,0.000556635929529721,0.0005064275426223029,usrente
1998-05,CAD,0.013948760877461996,0.0007133595317007237,0.000584341423523917,usrente
1998-06,CAD,0.0144969345522305,0.00017459695179993981,0.0006855870254476904,usrente
1998-07,CAD,0.0315763450403872,0.0007268325624653879,0.0007894317436941777,usrente
1998-08,CAD,-0.008375916001142458,0.0006621161214615394,0.001019184827997857,usrente
1998-09,CAD,0.015259507049703802,-0.000979443237274898,0.0009495914885227435,usrente
1998-10,CAD,-0.003111228851372383,0.0003542608036526321,0.001054811455884369,usrente
1998-11,CAD,0.0018808579660319347,0.0019769707930593697,0.0010244024025467284,usrente
1998-12,CAD,-0.015607460837664455,0.0005615509683035216,0.0010306086022821284,usrente
1999-01,CAD,-0.014384922070771355,0.001259148410493182,0.0009109102609875488,usrente
1999-02,CAD,0.01319954162245457,0.001724794007950016,0.0008016543157606994,usrente
1999-03,CAD,-0.01963000118479996,0.0017657500728180918,0.0008895825945315779,usrente
1999-04,CAD,-0.01831056175796575,0.0006725271397529744,0.0007450784834095248,usrente
1999-05,CAD,0.005732630180933285,0.001698235248178677,0.000611822257945362,usrente
1999-06,CAD,0.013182546825036945,0.001796132017841394,0.0006473834240772226,usrente
1999-07,CAD,0.0028167143564197805,0.00041264624060609117,0.0007338328268424621,usrente
1999-08,CAD,-0.010840761993874681,0.0013393507923851649,0.0007480991386888821,usrente
1999-09,CAD,0.00033844383847608794,0.0006632881201104853,0.0006692633486714429,usrente
1999-10,CAD,-0.006927022605136335,0.0013442754108593316,0.0006670280817106635,usrente
1999-11,CAD,0.0032657533447116305,0.0004229317676792141,0.0006160612985774621,usrente
1999-12,CAD,-0.01616030786337974,0.00144443867941176,0.0006337259122183565,usrente
2000-01,CAD,0.0017932275996463964,0.00150974309667777,0.0005225071454925414,usrente
2000-02,CAD,0.006593430479831908,0.00021177015105134674,0.0005308671484803957,usrente
2000-03,CAD,0.005529590496665182,-2.5219224384195513e-05,0.0005704917454173337,usrente
2000-04,CAD,0.018080503327911668,2.5469454911691077e-05,0.0006026936853605015,usrente
2000-05,CAD,-0.012581321133901091,0.0015360929477666084,0.000715453747570509,usrente
2000-06,CAD,0.0005414918231673727,0.00028904519859217947,0.0006302180111508193,usrente
2000-07,CAD,0.003377696922029938,0.0005943656601073696,0.0006296528761955108,usrente
2000-08,CAD,0.0024248967829968993,0.0004376701451464579,0.0006470455600299058,usrente
2000-09,CAD,0.01740682184542247,0.0006459071748619518,0.0006582270142624026,usrente
2000-10,CAD,0.019705393594902254,0.0007220781114677512,0.000762905731957153,usrente
2000-11,CAD,-0.013509750259144748,0.0008786555039131562,0.0008805609360748245,usrente
2000-12,CAD,-0.012363385141498429,0.00038511326285113574,0.0007917318546228518,usrente
2001-01,CAD,0.012166243691870304,0.0006225256702926295,0.000711025615382844,usrente
2001-02,CAD,0.024089727703879404,0.000725520312833078,0.0007808745060931333,usrente
2001-03,CAD,-0.0005775710091571185,0.0006718577135840452,0.0009221402830494138,usrente
2001-04,CAD,-0.010778122344516361,0.0012810090551541773,0.0009131058776746757,usrente
2001-05,CAD,-0.010829959713022363,0.0011174853276113305,0.0008430985230507772,usrente
2001-06,CAD,0.0041239871232376935,0.0007115138637246585,0.0007736160335503418,usrente
2001-07,CAD,0.005927004682820036,0.0007802050569483808,0.000793440714554409,usrente
2001-08,CAD,0.01801966513203762,0.0006631496892738148,0.0008236381496618539,usrente
2001-09,CAD,0.0024206917158789976,0.0008799738945635686,0.000924199710962297,usrente
2001-10,CAD,0.012958871572194053,0.0009097714296516248,0.0009329002458746034,usrente
2001-11,CAD,-0.008451642865785813,0.0010026060490856503,0.0010024145309978371,usrente
2001-12,CAD,0.013151046858857929,0.0009035438682192797,0.0009480808677979312,usrente
2002-01,CAD,-0.002065017472971109,0.0010040411275532117,0.0010178121020325598,usrente
2002-02,CAD,-0.005464666091113124,0.0009487512769809822,0.001000296024901857,usrente
2002-03,CAD,-0.003912664337762273,0.0011744194186101718,0.0009637708152068572,usrente
2002-04,CAD,-0.019989808898292438,0.000918599885120253,0.000936375112100289,usrente
2002-05,CAD,-0.011940440371917882,0.0008055088499518616,0.0008194690561763073,usrente
2002-06,CAD,0.008968669982760469,0.0006455971928799782,0.0007485806704646729,usrente
2002-07,CAD,0.015281196235119143,0.0007110283337247342,0.0007939955285436552,usrente
2002-08,CAD,0.004260060488122608,0.0008892126350148934,0.0008735955324259381,usrente
2002-09,CAD,0.001204781224324214,0.0009505636817591117,0.0008921008054078871,usrente
2002-10,CAD,-0.004127645168197358,0.0008776819565329135,0.0008938001555106932,usrente
2002-11,CAD,-0.007857708044271217,0.0008378529773756302,0.0008666572078149741,usrente
2002-12,CAD,-0.01148177484945806,0.0008182961004054413,0.000819752018287629,usrente
2003-01,CAD,-0.019191681225269486,0.000739395128126181,0.0007539684521499514,usrente
2003-02,CAD,-0.024095938575672382,0.0006994339705343664,0.0006478745708870821,usrente
2003-03,CAD,-0.012200676170621205,0.0005247931306799914,0.0005169549246089897,usrente
2003-04,CAD,-0.0522249411947151,0.0004423876354814783,0.00045002002410777814,usrente
2003-05,CAD,-0.023023125456978155,0.0005026549763673996,0.00017423488683645418,usrente
2003-06,CAD,0.021649349889344416,7.723565076099975e-05,5.341530171241975e-05,usrente
2003-07,CAD,0.01022179933816808,-0.00019463839746736213,0.00016531133584522803,usrente
2003-08,CAD,-0.023844301019464276,0.0002593493343312574,0.00021714890286751075,usrente
2003-09,CAD,-0.030760198412633777,0.0002418837792495021,9.375685198375801e-05,usrente
2003-10,CAD,-0.006906786213254912,-8.529675559743442e-05,-6.36612871214335e-05,usrente
2003-11,CAD,-0.00015233452691504334,-0.0001155737388690637,-9.839796187338009e-05,usrente
2003-12,CAD,-0.013033995760024175,-9.4241066590257e-05,-9.86703687675299e-05,usrente
2004-01,CAD,0.02597548640326064,-0.00011173488289193052,-0.00016367200389947283,usrente
2004-02,CAD,-0.0009779951879767546,2.6814013321136706e-06,-3.297621186367228e-05,usrente
2004-03,CAD,0.010035282300486337,0.00013145156116452496,-3.767779880950851e-05,usrente
2004-04,CAD,0.027125041316068355,-0.0004960952261043352,1.2188340295916468e-05,usrente
2004-05,CAD,-0.015420336980148885,0.000266778107518036,0.00014574919239331764,usrente
2004-06,CAD,-0.026341858135092155,6.385202163545407e-05,6.944484841026763e-05,usrente
2004-07,CAD,-0.007437799923092736,-5.521696118418466e-06,-5.9390775899500295e-05,usrente
2004-08,CAD,-0.01891782040731954,-6.974208888180653e-05,-9.520829603150629e-05,usrente
2004-09,CAD,-0.0325077933995018,-0.00020926427622012413,-0.00018613878932275283,usrente
2004-10,CAD,-0.041009142782327535,-0.0003459106756272186,-0.00034153135956399827,usrente
2004-11,CAD,0.01829748444157797,-0.0004752487301467102,-0.0005361132324001874,usrente
2004-12,CAD,0.004828752681683257,-0.00040275983528061094,-0.0004464294339526724,usrente
2005-01,CAD,0.012414456165252552,-0.0004134542331668274,-0.0004214285708453931,usrente
2005-02,CAD,-0.01962523798261434,-0.00038292202084490794,-0.00036088194473172353,usrente
2005-03,CAD,0.01623266606957746,-0.00017131308713107263,-0.00045132493082506917,usrente
2005-04,CAD,0.01573445000194998,-0.0005507703883303862,-0.000373362356056833,usrente
2005-05,CAD,-0.012261242681862183,-0.0004923269333440386,-0.0002984422985777316,usrente
2005-06,CAD,-0.01404756972045329,-0.0005024521673817629,-0.00035382563368553,usrente
2005-07,CAD,-0.015326601928890127,-0.00014026154363098976,-0.00041693044514528926,usrente
2005-08,CAD,-0.022335101418931386,-0.0003718043071774923,-0.00048532343360283437,usrente
2005-09,CAD,-0.00025476625334175385,-0.0006234783852930258,-0.0005850941093349282,usrente
2005-10,CAD,0.003476200032801524,-0.0003161057994580452,-0.0005835926190804137,usrente
2005-11,CAD,-0.01707254441649872,-0.0004625837556085063,-0.0005652225165832104,usrente
2005-12,CAD,-0.0037089791084837787,-0.0006865717379866612,-0.0006395798224386857,usrente
2006-01,CAD,-0.007198331242660866,-0.0006823222755839648,-0.0006533439447976323,usrente
2006-02,CAD,0.007284742994712906,-0.0005243135167324585,-0.0006825626380916646,usrente
2006-03,CAD,-0.011471404147133962,-0.0004721767681406483,-0.0006471523908347554,usrente
2006-04,CAD,-0.030258286400518197,-0.0004375340595127314,-0.0006950473101104156,usrente
2006-05,CAD,0.003327790092674504,-0.000794322773604441,-0.0008252818435483353,usrente
2006-06,CAD,0.013998712839681876,-0.0008028999338390475,-0.0008070666157578843,usrente
2006-07,CAD,-0.009966268646191281,-0.0007437762276863772,-0.0007424125570005054,usrente
2006-08,CAD,-0.001879783930875692,-0.0008394726621650713,-0.0007825162791274219,usrente
2006-09,CAD,0.011048851595921116,-0.0008316146843693475,-0.0007872663555419166,usrente
2006-10,CAD,0.006535970979785394,-0.0007315479400777837,-0.0007362486057511275,usrente
2006-11,CAD,0.015115398526871299,-0.0007266543490188397,-0.0007050373628947477,usrente
2006-12,CAD,0.019833232202148443,-0.0006386050669836186,-0.0006374286625111321,usrente
2007-01,CAD,-0.004515834368678195,-0.000547027171001914,-0.0005503194673423679,usrente
2007-02,CAD,-0.002393981991508448,-0.0005659034949630841,-0.0005671224965853164,usrente
2007-03,CAD,-0.02883145169070586,-0.0005679216224868441,-0.0005748307644963844,usrente
2007-04,CAD,-0.03578696763378962,-0.0006546017716804308,-0.000693556062505668,usrente
2007-05,CAD,-0.027776991832593467,-0.0008505401881517138,-0.000840390420544513,usrente
2007-06,CAD,-0.014088069245361039,-0.001059239497191263,-0.0009526262597613837,usrente
2007-07,CAD,0.0073051887889700046,-0.0009511969554220542,-0.0010071301725647016,usrente
2007-08,CAD,-0.029936035687809923,-0.0007495755489404366,-0.0009727817471038145,usrente
2007-09,CAD,-0.05125741102896675,-0.0010901976943294479,-0.0010919720925388191,usrente
2007-10,CAD,-0.008442343975369408,-0.0012843636537807214,-0.0012975681537536878,usrente
2007-11,CAD,0.03544777776370031,-0.001500751454298367,-0.0013267305040459967,usrente
2007-12,CAD,0.0077535179682280825,-0.001160524860235557,-0.0011772406330388977,usrente
2008-01,CAD,-0.011252296966002303,-0.000954584583753592,-0.0011410837156248614,usrente
2008-02,CAD,0.004296784027653568,-0.00118745105427215,-0.0011818547367957381,usrente
2008-03,CAD,0.010711200294191479,-0.001101558188999121,-0.001159852171476665,usrente
2008-04,CAD,-0.014307248520610372,-0.0011954592001883623,-0.0011123679616139924,usrente
2008-05,CAD,0.01716397114505846,-0.001310753535655218,-0.001164937206868958,usrente
2008-06,CAD,-0.0035475007641188015,-0.0011694317624510295,-0.0010922034435676587,usrente
2008-07,CAD,0.03920172899556054,-0.0010755688876691286,-0.0011019081760599556,usrente
2008-08,CAD,0.004451397225787558,-0.0008844089119299997,-0.000943232439163812,usrente
2008-09,CAD,0.11292022649068212,-0.0008100947111459483,-0.0009220770287130222,usrente
2008-10,CAD,0.02698140191979781,-0.000772570393788485,-0.0004773805305903849,usrente
2008-11,CAD,0.013546804196907625,0.00011011717528862619,-0.0003705370191102751,usrente
2008-12,CAD,-0.007240218733944842,0.0019658953895180346,-0.00031659383610245376,usrente
2009-01,CAD,0.016518594223979083,-0.0005198253606681507,-0.0003433259785651657,usrente
2009-02,CAD,0.015380627542566638,-0.0007579466786127211,-0.0002784724393246109,usrente
2009-03,CAD,-0.03238921769305039,-0.00019364760707767632,-0.00021847588766985514,usrente
2009-04,CAD,-0.06009380373165704,-0.00045051174518654996,-0.0003412649785300862,usrente
2009-05,CAD,-0.023167059281534355,-0.0010821258060281708,-0.0005684609433708731,usrente
2009-06,CAD,-0.0031120818252850374,-0.0015075772373036164,-0.0006540616946517953,usrente
2009-07,CAD,-0.032309040741559075,-0.0003883701619168476,-0.0006633372423145623,usrente
2009-08,CAD,-0.005164157548234363,-0.0008632263105130596,-0.0007823060524620979,usrente
2009-09,CAD,-0.02518506000613103,-0.0005135878973378698,-0.0007987174812852151,usrente
2009-10,CAD,0.004351946319881811,-0.0009028743065874562,-0.0008897112966764309,usrente
2009-11,CAD,-0.005300532996968331,-0.0009111328636536371,-0.0008702255806297459,usrente
2009-12,CAD,-0.009439879396169075,-0.0011795324844608398,-0.0008866341266161852,usrente
2010-01,CAD,0.012756003520821138,-0.0011575857080870567,-0.000918195917278742,usrente
2010-02,CAD,-0.032982173267172434,-0.0008377213454415617,-0.0008679231252269044,usrente
2010-03,CAD,-0.01745520379352442,-0.0010623689267141437,-0.0009855577411314667,usrente
2010-04,CAD,0.03432260640741234,-0.0012364788926700313,-0.001045665938402974,usrente
2010-05,CAD,-0.002598779074615337,-0.00047471162650295683,-0.0009170540389636454,usrente
2010-06,CAD,0.004423509472880061,-0.0007186310499467097,-0.0009231472456145575,usrente
2010-07,CAD,-0.0017286089006177952,-0.000719455607351793,-0.0009038452358004974,usrente
2010-08,CAD,-0.007138064454858005,-0.0005964211927472589,-0.0009068120115732214,usrente
2010-09,CAD,-0.014725508661344287,-0.0009017044190740679,-0.0009291462497211957,usrente
2010-10,CAD,-0.004924177765542784,-0.0008961486801685096,-0.0009784189726198495,usrente
2010-11,CAD,-0.00475013263285555,-0.0012111168763614434,-0.0009924608188580095,usrente
2010-12,CAD,-0.01418605208593597,-0.0015335506611502008,-0.0010057858962126106,usrente
2011-01,CAD,-0.006358840502935403,-0.0012167983494288308,-0.0010523592749748841,usrente
2011-02,CAD,-0.011200605843464566,-0.001367254311995269,-0.0010710440680310829,usrente
2011-03,CAD,-0.019229373656699404,-0.0008710070606467389,-0.001106586390050148,usrente
2011-04,CAD,0.010384309305716481,-0.0012500213058000782,-0.0011699527790943762,usrente
2011-05,CAD,0.008845064350982923,-0.0007798923775858848,-0.0011296940261856273,usrente
2011-06,CAD,-0.022051724351597184,-0.000870245281079885,-0.0010950594484871255,usrente
2011-07,CAD,0.027260335422513007,-0.0011926960035060935,-0.0011675738599165719,usrente
2011-08,CAD,0.02096639648224847,-0.0002113976891378464,-0.0010695465865288836,usrente
2011-09,CAD,0.017109649440331203,-0.0003647438586362764,-0.0009938216962581711,usrente
2011-10,CAD,0.004890941961469022,-0.0013969823861688982,-0.0009318235074342351,usrente
2011-11,CAD,-0.0012693454811801286,-0.0006355798662405771,-0.0009119505877451453,usrente
2011-12,CAD,-0.010311900852661014,-0.0008955065570134438,-0.00091316621663438,usrente
2012-01,CAD,-0.016221682275272712,-0.0009741490157996247,-0.0009450263340446397,usrente
2012-02,CAD,-0.0029138428051903513,-0.0010492555481983418,-0.00099663665817041,usrente
2012-03,CAD,-0.00100674527782275,-0.0015252085714161077,-0.0010030918977226657,usrente
2012-04,CAD,0.01687930211987793,-0.0007727360796739222,-0.001003104157387431,usrente
2012-05,CAD,0.017961910004835047,-0.0003862854528872455,-0.0009432967785337009,usrente
2012-06,CAD,-0.013515042654191765,-0.00045793154815699426,-0.0008802794225891385,usrente
2012-07,CAD,-0.02172915154327279,-0.0007508992995916303,-0.0009222553801692137,usrente
2012-08,CAD,-0.0143098803542628,-0.0014221597322403754,-0.0009911523873318083,usrente
2012-09,CAD,0.009056281687740246,-0.00119946356225622,-0.0010351085852424715,usrente
2012-10,CAD,0.009878116810714994,-0.001137624469064641,-0.0010019132225023968,usrente
2012-11,CAD,-0.007247867444052629,-0.0007691069562346327,-0.0009662409928852907,usrente
2012-12,CAD,0.0023210061380710724,-0.0012199676973770504,-0.0009867691839021775,usrente
2013-01,CAD,0.01768366176895858,-0.0015061356014623853,-0.0009759946714527533,usrente
2013-02,CAD,0.014354783900554802,-0.0011228463441968347,-0.0009154113713215475,usrente
2013-03,CAD,-0.005579770729349544,-0.0008691666921152798,-0.0008659932636455723,usrente
2013-04,CAD,0.0008830889059398273,-0.0004920559593970045,-0.0008811989974059078,usrente
2013-05,CAD,0.011506709114898223,-0.0012967503636333898,-0.0008755260459482043,usrente
2013-06,CAD,0.008495899722113447,-0.001639281425268346,-0.0008358393947916453,usrente
2013-07,CAD,0.00048056130484156606,-0.0013545131532648582,-0.0008060255317983385,usrente
2013-08,CAD,-0.006265382681692563,-0.0011238115624835723,-0.000801928121490568,usrente
2013-09,CAD,0.0020284962280506247,-0.000983084870292239,-0.0008192724216816855,usrente
2013-10,CAD,0.011799263948260648,-0.0004956140946305441,-0.0008102604955749377,usrente
2013-11,CAD,0.014485460383888031,-0.0010025598356726774,-0.000770482815941387,usrente
2013-12,CAD,0.027899302459606173,-0.0010894439192150962,-0.0007225081517909799,usrente
2014-01,CAD,0.01036655641723594,-0.000599075164069012,-0.0006327846075546252,usrente
2014-02,CAD,0.004783186773911818,-0.000395229301052888,-0.0005984116668521546,usrente
2014-03,CAD,-0.01040780470498949,-0.0006264086665611924,-0.0005816465626753199,usrente
2014-04,CAD,-0.008955556518510835,-0.000625369996881568,-0.0006121625817508298,usrente
2014-05,CAD,-0.00589211794858345,-0.0004276571759803849,-0.0006379935227315109,usrente
2014-06,CAD,-0.008438086136819692,-0.0007455253969557426,-0.0006542099561446342,usrente
2014-07,CAD,0.01726329509744641,-0.0006125105140776961,-0.0006781603443928652,usrente
2014-08,CAD,0.00774950315792812,-0.0004585658754483991,-0.0006231252050007202,usrente
2014-09,CAD,0.018089860171087782,-0.000812803353579505,-0.0005975208369183688,usrente
2014-10,CAD,0.010028038066555944,-0.00021627378750061583,-0.0005405471143329842,usrente
2014-11,CAD,0.018113108407057987,-0.000589782142251883,-0.000508423755120556,usrente
2014-12,CAD,0.04989620375293749,-0.000290138850456251,-0.00045199486978062095,usrente
2015-01,CAD,0.030626657578991523,0.0002858741631630581,-0.000299885508382681,usrente
2015-02,CAD,0.009475724840532995,-0.0004963655298551785,-0.00020673327016769848,usrente
2015-03,CAD,-0.0225214888592902,-0.00036478273702017006,-0.00017765681938481352,usrente
2015-04,CAD,-0.013136075969997524,-4.856898688943904e-05,-0.0002445545201030931,usrente
2015-05,CAD,0.015403099854049446,-0.000949662150300104,-0.0002830366736848675,usrente
2015-06,CAD,0.039485072123198905,-0.000617648007554815,-0.00023635174354280097,usrente
2015-07,CAD,0.021838622617888825,-8.128243021946273e-05,-0.0001184840169352588,usrente
2015-08,CAD,0.009010775388897052,0.00017771140944371243,-5.352216298607512e-05,usrente
2015-09,CAD,-0.014731832985717286,-6.142879935869634e-05,-2.678382212506295e-05,usrente
2015-10,CAD,0.01571130189054354,7.903525284854754e-05,-7.003396672386361e-05,usrente
2015-11,CAD,0.03216044800952644,-0.00042300697015133846,-2.3754389429824305e-05,usrente
2015-12,CAD,0.035460898232097304,7.255069467705614e-05,7.035146553788409e-05,usrente
2016-01,CAD,-0.029354009023917882,0.000375635465135626,0.00017353090217508355,usrente
2016-02,CAD,-0.04226658797342575,0.00047295947774787827,8.769503029690617e-05,usrente
2016-03,CAD,-0.0313341561704355,-0.0001188528004883902,-3.507100739504356e-05,usrente
2016-04,CAD,0.009859180121465805,-7.305836494698152e-05,-0.00012553079110325297,usrente
2016-05,CAD,-0.003947526315072447,-0.00011437302128233963,-9.675640806991275e-05,usrente
2016-06,CAD,0.012179291842645656,2.8051838619257282e-05,-0.00010782183883716142,usrente
2016-07,CAD,-0.004145879258916962,4.771460075744319e-05,-7.261520937732526e-05,usrente
2016-08,CAD,0.008427231364410925,-0.00016257153914290512,-8.425310666172422e-05,usrente
2016-09,CAD,0.010850290445930943,-0.0001444737454996178,-6.0003863154394735e-05,usrente
2016-10,CAD,0.013715785562173677,-0.00016143836192980828,-2.9008708867220477e-05,usrente
2016-11,CAD,-0.007096731685765689,-0.00029804385498764937,9.928385385020023e-06,usrente
2016-12,CAD,-0.011763954383074149,-0.0003479005139743427,-1.0146925550433957e-05,usrente
2017-01,CAD,-0.005629103560160775,5.559095614903384e-06,-4.32562423321909e-05,usrente
2017-02,CAD,0.020985069588088545,-6.72537977276775e-05,-5.894682468564198e-05,usrente
2017-03,CAD,0.0037280090895119855,-8.665533581053922e-05,0.0,usrente
2017-04,CAD,0.012498776029596426,0.0001903463815721074,1.0413433210927334e-05,usrente
2017-05,CAD,-0.02312284722788599,2.390479062525287e-05,4.51999585490485e-05,usrente
2017-06,CAD,-0.046573742968686854,9.488532373513946e-05,-1.915572807993764e-05,usrente
2017-07,CAD,-0.00648274861077297,-0.00029639429971893485,-0.00014811580353868257,usrente
2017-08,CAD,-0.026441046937147633,-6.817454255265442e-05,-0.0001656147891940259,usrente
2017-09,CAD,0.02636172907075665,-0.00024503508552836217,-0.00023799889979444897,usrente
2017-10,CAD,0.013081352811507574,-0.0003267736088749053,-0.0001649227240511768,usrente
2017-11,CAD,-0.00031320961809583325,-0.00013422207018846225,-0.0001286315582003309,usrente
2017-12,CAD,-0.026987906679169643,-0.00018180496264967962,-0.00012913586983938967,usrente
2018-01,CAD,0.01271152743878598,-0.00037568608274494563,-0.00020232053144519425,usrente
2018-02,CAD,0.027038205230946827,-0.0003876950079506673,-0.00016722855326521815,usrente
2018-03,CAD,-0.015663675013260714,-9.210873421132723e-05,-9.350109043537521e-05,usrente
2018-04,CAD,0.010469663568962118,-0.00014978877102410704,-0.0001355826415781464,usrente
2018-05,CAD,0.019930635488878856,-0.00014288757216930807,-0.00010699707227749878,usrente
2018-06,CAD,0.000609338125335368,-4.47188130557081e-05,-5.3132468618476325e-05,usrente
2018-07,CAD,-0.006953227632012227,-5.062390538468092e-05,-5.1356408044873526e-05,usrente
2018-08,CAD,-0.0006135910608220385,-7.215863767129863e-05,-6.981060917847608e-05,usrente
2018-09,CAD,-0.0023043254685296555,-9.054483641921018e-05,-7.12606903828589e-05,usrente
2018-10,CAD,0.01533854330743667,-0.00010499790469076359,-7.719969245239834e-05,usrente
2018-11,CAD,0.017342126000950697,-3.5770813352712565e-05,-3.6309127465955184e-05,usrente
2018-12,CAD,-0.010173636522338103,2.3126454366230355e-05,9.665568640967177e-06,usrente
2019-01,CAD,-0.006865619785981714,-2.7488100077038726e-05,-1.7203302311484197e-05,usrente
2019-02,CAD,0.012189767190802003,-3.7188968891109735e-05,-3.522545095272164e-05,usrente
2019-03,CAD,0.0005233840636879039,-1.5075738170812106e-05,-3.1388560924730197e-06,usrente
2019-04,CAD,0.00611075752036544,-4.753678833662804e-06,-1.7605238417390486e-06,usrente
2019-05,CAD,-0.012785698867211148,9.596819531369173e-07,1.419905329718309e-05,usrente
2019-06,CAD,-0.013942788574000997,-7.947328334092252e-05,-1.9134014204140692e-05,usrente
2019-07,CAD,0.012738059868695528,-5.2375489832699087e-05,-5.5299350723093566e-05,usrente
2019-08,CAD,-0.002413820286445323,-0.00019691648967487332,-2.2155933056205945e-05,usrente
2019-09,CAD,-0.003934927513872144,1.3067981222451586e-05,-2.833594430527343e-05,usrente
2019-10,CAD,0.003632789887886123,-2.5823539768370144e-05,-3.840447927838392e-05,usrente
2019-11,CAD,-0.005150356003550793,2.4914792085893666e-05,-2.8966961625004726e-05,usrente
2019-12,CAD,-0.00609339991850083,-1.3352452149330404e-05,-4.209872839917341e-05,usrente
2020-01,CAD,0.014938666433467251,-9.109791049803123e-05,-5.757520203114696e-05,usrente
2020-02,CAD,0.04948524809117688,-0.0001020687298341388,-1.9319483573242883e-05,usrente
2020-03,CAD,0.006283939558534568,0.0002753249970722872,0.00010664633722764802,usrente
2020-04,CAD,-0.005424709948175344,0.0002100208999536787,0.00012232474641878232,usrente
2020-05,CAD,-0.030521189034886986,9.602568691739889e-05,0.00010828162060968328,usrente
2020-06,CAD,-0.004066699382553718,-5.340374188630222e-06,3.0934472489742195e-05,usrente
2020-07,CAD,-0.020056049046901836,6.293676388015514e-05,2.061297663320955e-05,usrente
2020-08,CAD,7.558864662127185e-05,-4.878094426268718e-05,-2.9830897797783027e-05,usrente
2020-09,CAD,-0.0009074410786031328,-4.845362746084003e-05,-2.9566688413274117e-05,usrente
2020-10,CAD,-0.011030502468538206,-8.113007231609149e-05,-3.176137438874862e-05,usrente
2020-11,CAD,-0.02040098573072399,-0.0001041194416362653,-5.9189656419046525e-05,usrente
2020-12,CAD,-0.006579486412412544,-0.0001536000646204372,-0.0001097911391909493,usrente
2021-01,CAD,-0.0022815792124784295,-0.000223608035087848,-0.00012584497361581678,usrente
2021-02,CAD,-0.01005351828140763,-0.00024950822626746316,-0.00013118094945458562,usrente
2021-03,CAD,-0.00598493587132215,-0.0004107832202758045,-0.00015568054780508696,usrente
2021-04,CAD,-0.02997909224783138,-0.0002075818110979552,-0.00017003831953788762,usrente
2021-05,CAD,0.007804516919902416,-0.00024079416294863637,-0.00024327923828062348,usrente
2021-06,CAD,0.02505181516452759,-0.00015182290506449798,-0.00022355424769684166,usrente
2021-07,CAD,0.005491676820515851,1.5274976880293688e-05,-0.00016175627847379902,usrente
2021-08,CAD,0.00569847208827845,-0.00012533306032304125,-0.0001479674172567511,usrente
2021-09,CAD,-0.018881261969625307,-0.0002442810007047856,-0.00013374250361797933,usrente
2021-10,CAD,0.010639674785861614,-0.00043514900559593237,-0.00017924619164226896,usrente
2021-11,CAD,0.018370840292564056,-0.0001500716483621359,-0.00015305025707204164,usrente
2021-12,CAD,-0.01400384776352373,-2.509857719571403e-05,-0.00010830656009224437,usrente
2022-01,CAD,0.007026437150484011,-0.00044177690535933026,-0.00014178979190774193,usrente
2022-02,CAD,-0.004020343596501635,-0.00027920814691693,-0.000124558477142377,usrente
2022-03,CAD,-0.0025308460202849714,-0.0003204443933962918,-0.00013390088750055268,usrente
2022-04,CAD,0.01812738459255675,-0.0007032578499096205,-0.00013963520600003692,usrente
2022-05,CAD,-0.004286333180685303,-0.00014739964094633397,-9.603850003689425e-05,usrente
2022-06,CAD,0.010256500167189181,-0.0001936835451735882,-0.00010601539213367616,usrente
2022-07,CAD,-0.00146984902492725,-3.1639686032425414e-05,-8.140134092388316e-05,usrente
2022-08,CAD,0.032147801909028495,-8.744721357221412e-05,-8.469150131251673e-05,usrente
2022-09,CAD,0.025900515454468143,-0.00012435501207731396,-8.491753297526225e-06,usrente
2022-10,CAD,-0.01709317385397091,0.0003298678889460699,5.2614395777392936e-05,usrente
2022-11,CAD,0.009466826118906813,-4.11326967736482e-06,1.2271364601514573e-05,usrente
2022-12,CAD,-0.012071091142263513,-1.0195667854001322e-05,3.446515510457865e-05,usrente
2023-01,CAD,0.0023813078673664556,-1.8663870471533525e-05,6.114906164606543e-06,usrente
2023-02,CAD,0.016877726794259085,8.302083562588511e-05,1.1664422429096845e-05,usrente
2023-03,CAD,-0.014650389025858801,1.2688695957973276e-05,5.097925313266325e-05,usrente
2023-04,CAD,0.0024443551298762856,-8.494036183146983e-05,1.679002457686915e-05,usrente
2023-05,CAD,-0.017237303258641146,8.557347952417064e-05,2.2422426213294706e-05,usrente
2023-06,CAD,-0.005661033346832489,6.316302643616708e-05,-1.7530642501646257e-05,usrente
2023-07,CAD,0.02000891062780835,2.9218001324366026e-05,-3.05641360451355e-05,usrente
2023-08,CAD,0.003924622757481788,0.00016110281826596057,1.5609768940702028e-05,usrente
2023-09,CAD,0.013288012573916874,0.00014927315372405487,2.4596005695968894e-05,usrente
2023-10,CAD,-0.0003647106061798189,0.00035480493021118826,5.501668589831042e-05,usrente
2023-11,CAD,-0.021458626728336483,-0.0001451022362733913,5.405621154572889e-05,usrente
2023-12,CAD,0.0005216289845914046,-0.00044800700850342187,4.9404970711119655e-06,usrente
2024-01,CAD,0.005720031938884762,5.365520933292168e-05,6.1174640130716294e-06,usrente
2024-02,CAD,0.0026631174194835516,0.00017220968159538844,1.9103633274143655e-05,usrente
2024-03,CAD,0.01014341662773477,3.4803183321878875e-05,2.5099129387997185e-05,usrente
2024-04,CAD,-0.0005120515089387379,0.00038015722385098717,4.799125042498084e-05,usrente
2024-05,CAD,0.0027765617720857394,-2.240631603983123e-06,4.6727045550570635e-05,usrente
2024-06,CAD,0.0006564791074235021,-0.0001009858863383868,5.287532196168588e-05,usrente
2024-07,CAD,-0.004311453936504395,6.3065898929117565e-06,5.4231734962723666e-05,usrente
2024-08,CAD,-0.008014454132956317,-0.0003115910457650219,4.4443202067057485e-05,usrente
2024-09,CAD,0.015456484686146521,-0.00012506956150500138,2.6414348968571188e-05,usrente
2024-10,CAD,0.01557911061945233,0.0004484721088695924,6.0856470256914824e-05,usrente
2024-11,CAD,0.01941946213678375,0.0004326954811034305,9.541828350679325e-05,usrente
2024-12,CAD,0.009917667546186004,0.00019639918159423025,0.00013836060318074206,usrente
2025-01,CAD,-0.0062744210305704096,0.0005310959823280071,0.00016004421059317056,usrente
1997-06,CAD,-0.004924334666619845,-0.00034357967455386784,0.0002791300241819778,alle fire
1997-07,CAD,0.009393132646950075,-0.0009697953048568547,0.00023612618376212807,alle fire
1997-08,CAD,-0.0023760676477422304,0.0012096086623416382,0.00031118361378825875,alle fire
1997-09,CAD,-0.00021628636398790535,0.0004183912987803705,0.0002893360425563036,alle fire
1997-10,CAD,0.018502510187406118,0.0011073459129405591,0.0002852584425035277,alle fire
1997-11,CAD,0.010070862256649937,0.0029021192129475557,0.0004309964564627484,alle fire
1997-12,CAD,0.009623505232542906,0.002426225697613811,0.0005075033278928054,alle fire
1998-01,CAD,-0.005218673779069594,0.0030675922376198718,0.0005792828704491055,alle fire
1998-02,CAD,-0.011789610240296566,0.003557801963110947,0.0005339863341247406,alle fire
1998-03,CAD,0.00927494001322915,0.00197692923961248,0.0004384545777338778,alle fire
1998-04,CAD,0.010713145940733748,0.0016587791604935338,0.0005064275426223029,alle fire
1998-05,CAD,0.013948760877461996,0.003261500594533736,0.000584341423523917,alle fire
1998-06,CAD,0.0144969345522305,0.0021701969009001653,0.0006855870254476904,alle fire
1998-07,CAD,0.0315763450403872,0.0049043661854244035,0.0007894317436941777,alle fire
1998-08,CAD,-0.008375916001142458,0.006552693694218638,0.001019184827997857,alle fire
1998-09,CAD,0.015259507049703802,0.004468034704497594,0.0009495914885227435,alle fire
1998-10,CAD,-0.003111228851372383,0.006381260158945879,0.001054811455884369,alle fire
1998-11,CAD,0.0018808579660319347,0.0060106503651296715,0.0010244024025467284,alle fire
1998-12,CAD,-0.015607460837664455,0.003634976124365398,0.0010306086022821284,alle fire
1999-01,CAD,-0.014384922070771355,0.004455540944017694,0.0009109102609875488,alle fire
1999-02,CAD,0.01319954162245457,0.0030233961869562567,0.0008016543157606994,alle fire
1999-03,CAD,-0.01963000118479996,0.005989233734828515,0.0008895825945315779,alle fire
1999-04,CAD,-0.01831056175796575,0.0018594935616028391,0.0007450784834095248,alle fire
1999-05,CAD,0.005732630180933285,0.0017767732451280382,0.000611822257945362,alle fire
1999-06,CAD,0.013182546825036945,0.0010780658516902732,0.0006473834240772226,alle fire
1999-07,CAD,0.0028167143564197805,-0.001603749532471962,0.0007338328268424621,alle fire
1999-08,CAD,-0.010840761993874681,-0.0015635533486549175,0.0007480991386888821,alle fire
1999-09,CAD,0.00033844383847608794,-0.002729390476146746,0.0006692633486714429,alle fire
1999-10,CAD,-0.006927022605136335,-0.002165389656424495,0.0006670280817106635,alle fire
1999-11,CAD,0.0032657533447116305,-0.00403364061062421,0.0006160612985774621,alle fire
1999-12,CAD,-0.01616030786337974,-0.002144681771127103,0.0006337259122183565,alle fire
2000-01,CAD,0.0017932275996463964,-0.00180157140745147,0.0005225071454925414,alle fire
2000-02,CAD,0.006593430479831908,-0.002848299422207835,0.0005308671484803957,alle fire
2000-03,CAD,0.005529590496665182,-0.0033355503816538622,0.0005704917454173337,alle fire
2000-04,CAD,0.018080503327911668,-0.0012199961264169642,0.0006026936853605015,alle fire
2000-05,CAD,-0.012581321133901091,0.0015080432116556918,0.000715453747570509,alle fire
2000-06,CAD,0.0005414918231673727,-0.0009634156123470215,0.0006302180111508193,alle fire
2000-07,CAD,0.003377696922029938,-0.00016317590017775557,0.0006296528761955108,alle fire
2000-08,CAD,0.0024248967829968993,-0.0011689627474664984,0.0006470455600299058,alle fire
2000-09,CAD,0.01740682184542247,-0.0002873471762303427,0.0006582270142624026,alle fire
2000-10,CAD,0.019705393594902254,0.0016151340139796645,0.000762905731957153,alle fire
2000-11,CAD,-0.013509750259144748,0.002330072136562063,0.0008805609360748245,alle fire
2000-12,CAD,-0.012363385141498429,0.0027164146494048982,0.0007917318546228518,alle fire
2001-01,CAD,0.012166243691870304,0.001892123941464839,0.000711025615382844,alle fire
2001-02,CAD,0.024089727703879404,0.0020906683272768727,0.0007808745060931333,alle fire
2001-03,CAD,-0.0005775710091571185,0.0034999606697933314,0.0009221402830494138,alle fire
2001-04,CAD,-0.010778122344516361,0.003619413086686495,0.0009131058776746757,alle fire
2001-05,CAD,-0.010829959713022363,0.0017110328127792342,0.0008430985230507772,alle fire
2001-06,CAD,0.0041239871232376935,0.0016333242718750444,0.0007736160335503418,alle fire
2001-07,CAD,0.005927004682820036,0.0024267872931189147,0.000793440714554409,alle fire
2001-08,CAD,0.01801966513203762,0.001372084494322999,0.0008236381496618539,alle fire
2001-09,CAD,0.0024206917158789976,0.002538414872650541,0.000924199710962297,alle fire
2001-10,CAD,0.012958871572194053,0.0027160676462530983,0.0009329002458746034,alle fire
2001-11,CAD,-0.008451642865785813,0.0022036479767652477,0.0010024145309978371,alle fire
2001-12,CAD,0.013151046858857929,0.0023848103226966127,0.0009480808677979312,alle fire
2002-01,CAD,-0.002065017472971109,0.003018703466343326,0.0010178121020325598,alle fire
2002-02,CAD,-0.005464666091113124,0.0020671989834434327,0.001000296024901857,alle fire
2002-03,CAD,-0.003912664337762273,0.0006505039889417937,0.0009637708152068572,alle fire
2002-04,CAD,-0.019989808898292438,0.0001739146989343034,0.000936375112100289,alle fire
2002-05,CAD,-0.011940440371917882,0.00046390334948382734,0.0008194690561763073,alle fire
2002-06,CAD,0.008968669982760469,0.0004633753378487519,0.0007485806704646729,alle fire
2002-07,CAD,0.015281196235119143,-0.0002544537007758081,0.0007939955285436552,alle fire
2002-08,CAD,0.004260060488122608,0.0004319475060187661,0.0008735955324259381,alle fire
2002-09,CAD,0.001204781224324214,-0.00045765710904095843,0.0008921008054078871,alle fire
2002-10,CAD,-0.004127645168197358,0.0005720123034873537,0.0008938001555106932,alle fire
2002-11,CAD,-0.007857708044271217,0.0002767048513550491,0.0008666572078149741,alle fire
2002-12,CAD,-0.01148177484945806,-0.001333898240946923,0.000819752018287629,alle fire
2003-01,CAD,-0.019191681225269486,-0.0024100667923344513,0.0007539684521499514,alle fire
2003-02,CAD,-0.024095938575672382,-0.003261386109188814,0.0006478745708870821,alle fire
2003-03,CAD,-0.012200676170621205,-0.0034702160284396312,0.0005169549246089897,alle fire
2003-04,CAD,-0.0522249411947151,-0.0027072396678918757,0.00045002002410777814,alle fire
2003-05,CAD,-0.023023125456978155,-0.007393616833389998,0.00017423488683645418,alle fire
2003-06,CAD,0.021649349889344416,-0.008611293559687205,5.341530171241975e-05,alle fire
2003-07,CAD,0.01022179933816808,-0.006574870654812991,0.00016531133584522803,alle fire
2003-08,CAD,-0.023844301019464276,-0.006191614199516738,0.00021714890286751075,alle fire
2003-09,CAD,-0.030760198412633777,-0.009187739069688722,9.375685198375801e-05,alle fire
2003-10,CAD,-0.006906786213254912,-0.012176182156400709,-6.36612871214335e-05,alle fire
2003-11,CAD,-0.00015233452691504334,-0.012182424611448195,-9.839796187338009e-05,alle fire
2003-12,CAD,-0.013033995760024175,-0.010715591233406957,-9.86703687675299e-05,alle fire
2004-01,CAD,0.02597548640326064,-0.010760189998830267,-0.00016367200389947283,alle fire
2004-02,CAD,-0.0009779951879767546,-0.0062657159692358,-3.297621186367228e-05,alle fire
2004-03,CAD,0.010035282300486337,-0.004286520037038618,-3.767779880950851e-05,alle fire
2004-04,CAD,0.027125041316068355,-0.003026675465037289,1.2188340295916468e-05,alle fire
2004-05,CAD,-0.015420336980148885,0.0029754654939754734,0.00014574919239331764,alle fire
2004-06,CAD,-0.026341858135092155,0.0026147586971993035,6.944484841026763e-05,alle fire
2004-07,CAD,-0.007437799923092736,-0.0003229599605820599,-5.9390775899500295e-05,alle fire
2004-08,CAD,-0.01891782040731954,-0.0013806554431692178,-9.520829603150629e-05,alle fire
2004-09,CAD,-0.0325077933995018,-0.001443359391042772,-0.00018613878932275283,alle fire
2004-10,CAD,-0.041009142782327535,-0.001840903608801679,-0.00034153135956399827,alle fire
2004-11,CAD,0.01829748444157797,-0.004446573864913742,-0.0005361132324001874,alle fire
2004-12,CAD,0.004828752681683257,-0.0025984832897538324,-0.0004464294339526724,alle fire
2005-01,CAD,0.012414456165252552,-0.0025615915190823854,-0.0004214285708453931,alle fire
2005-02,CAD,-0.01962523798261434,-0.002452709344593864,-0.00036088194473172353,alle fire
2005-03,CAD,0.01623266606957746,-0.0036803481065202657,-0.00045132493082506917,alle fire
2005-04,CAD,0.01573445000194998,-0.0031674094928411107,-0.000373362356056833,alle fire
2005-05,CAD,-0.012261242681862183,-0.003489195840145125,-0.0002984422985777316,alle fire
2005-06,CAD,-0.01404756972045329,-0.0037969037298308033,-0.00035382563368553,alle fire
2005-07,CAD,-0.015326601928890127,-0.0023812471148956737,-0.00041693044514528926,alle fire
2005-08,CAD,-0.022335101418931386,-0.003421483326352868,-0.00048532343360283437,alle fire
2005-09,CAD,-0.00025476625334175385,-0.0037218273055616,-0.0005850941093349282,alle fire
2005-10,CAD,0.003476200032801524,-0.001073876209739907,-0.0005835926190804137,alle fire
2005-11,CAD,-0.01707254441649872,0.0010089174871514908,-0.0005652225165832104,alle fire
2005-12,CAD,-0.0037089791084837787,-0.0022269618594407724,-0.0006395798224386857,alle fire
2006-01,CAD,-0.007198331242660866,-0.0029691081477974156,-0.0006533439447976323,alle fire
2006-02,CAD,0.007284742994712906,-0.0030154994620331314,-0.0006825626380916646,alle fire
2006-03,CAD,-0.011471404147133962,-0.001805675926075915,-0.0006471523908347554,alle fire
2006-04,CAD,-0.030258286400518197,-0.003628814837030018,-0.0006950473101104156,alle fire
2006-05,CAD,0.003327790092674504,-0.006006758423449652,-0.0008252818435483353,alle fire
2006-06,CAD,0.013998712839681876,-0.005141053497142487,-0.0008070666157578843,alle fire
2006-07,CAD,-0.009966268646191281,-0.00410561084669805,-0.0007424125570005054,alle fire
2006-08,CAD,-0.001879783930875692,-0.0037223265034903325,-0.0007825162791274219,alle fire
2006-09,CAD,0.011048851595921116,-0.0015404347228706382,-0.0007872663555419166,alle fire
2006-10,CAD,0.006535970979785394,-0.0011246549164432768,-0.0007362486057511275,alle fire
2006-11,CAD,0.015115398526871299,-0.0017922555727051487,-0.0007050373628947477,alle fire
2006-12,CAD,0.019833232202148443,-0.0002861794880584677,-0.0006374286625111321,alle fire
2007-01,CAD,-0.004515834368678195,0.003228120953807285,-0.0005503194673423679,alle fire
2007-02,CAD,-0.002393981991508448,0.0011452171830545021,-0.0005671224965853164,alle fire
2007-03,CAD,-0.02883145169070586,0.00037029577284433224,-0.0005748307644963844,alle fire
2007-04,CAD,-0.03578696763378962,-0.0006940167988126827,-0.000693556062505668,alle fire
2007-05,CAD,-0.027776991832593467,-0.0009785479373812622,-0.000840390420544513,alle fire
2007-06,CAD,-0.014088069245361039,-0.003189777770489711,-0.0009526262597613837,alle fire
2007-07,CAD,0.0073051887889700046,-0.004994057293435671,-0.0010071301725647016,alle fire
2007-08,CAD,-0.029936035687809923,-0.00261864645617953,-0.0009727817471038145,alle fire
2007-09,CAD,-0.05125741102896675,-0.005702758614212158,-0.0010919720925388191,alle fire
2007-10,CAD,-0.008442343975369408,-0.00870006996997146,-0.0012975681537536878,alle fire
2007-11,CAD,0.03544777776370031,-0.010299309980299853,-0.0013267305040459967,alle fire
2007-12,CAD,0.0077535179682280825,-0.006034541269004472,-0.0011772406330388977,alle fire
2008-01,CAD,-0.011252296966002303,-0.006071633931811511,-0.0011410837156248614,alle fire
2008-02,CAD,0.004296784027653568,-0.006491652894581625,-0.0011818547367957381,alle fire
2008-03,CAD,0.010711200294191479,-0.00645491746656778,-0.001159852171476665,alle fire
2008-04,CAD,-0.014307248520610372,-0.004777312378364398,-0.0011123679616139924,alle fire
2008-05,CAD,0.01716397114505846,-0.005166786117203835,-0.001164937206868958,alle fire
2008-06,CAD,-0.0035475007641188015,-0.003375910603065104,-0.0010922034435676587,alle fire
2008-07,CAD,0.03920172899556054,-0.0027554259111276886,-0.0011019081760599556,alle fire
2008-08,CAD,0.004451397225787558,-0.00010836384614132237,-0.000943232439163812,alle fire
2008-09,CAD,0.11292022649068212,0.0008087203279668287,-0.0009220770287130222,alle fire
2008-10,CAD,0.02698140191979781,0.012983404929325192,-0.0004773805305903849,alle fire
2008-11,CAD,0.013546804196907625,0.016478728889457964,-0.0003705370191102751,alle fire
2008-12,CAD,-0.007240218733944842,0.01466949307984832,-0.00031659383610245376,alle fire
2009-01,CAD,0.016518594223979083,0.00646120155044713,-0.0003433259785651657,alle fire
2009-02,CAD,0.015380627542566638,0.009829888113443909,-0.0002784724393246109,alle fire
2009-03,CAD,-0.03238921769305039,0.009108731710452797,-0.00021847588766985514,alle fire
2009-04,CAD,-0.06009380373165704,0.004767867118033078,-0.0003412649785300862,alle fire
2009-05,CAD,-0.023167059281534355,-0.000694651913563156,-0.0005684609433708731,alle fire
2009-06,CAD,-0.0031120818252850374,-0.0035108492790315907,-0.0006540616946517953,alle fire
2009-07,CAD,-0.032309040741559075,0.0020045061620286,-0.0006633372423145623,alle fire
2009-08,CAD,-0.005164157548234363,-0.0033152343831689135,-0.0007823060524620979,alle fire
2009-09,CAD,-0.02518506000613103,0.0007567236541465489,-0.0007987174812852151,alle fire
2009-10,CAD,0.004351946319881811,-0.0031012002646559713,-0.0008897112966764309,alle fire
2009-11,CAD,-0.005300532996968331,-0.0024923229231083597,-0.0008702255806297459,alle fire
2009-12,CAD,-0.009439879396169075,-0.0007497294695115566,-0.0008866341266161852,alle fire
2010-01,CAD,0.012756003520821138,-0.002246648595484384,-0.000918195917278742,alle fire
2010-02,CAD,-0.032982173267172434,-0.0005817465741644,-0.0008679231252269044,alle fire
2010-03,CAD,-0.01745520379352442,-0.004219520007987985,-0.0009855577411314667,alle fire
2010-04,CAD,0.03432260640741234,-0.004798269729069271,-0.001045665938402974,alle fire
2010-05,CAD,-0.002598779074615337,0.00047977385834913164,-0.0009170540389636454,alle fire
2010-06,CAD,0.004423509472880061,-0.0012585565642449698,-0.0009231472456145575,alle fire
2010-07,CAD,-0.0017286089006177952,-0.0016348837362470418,-0.0009038452358004974,alle fire
2010-08,CAD,-0.007138064454858005,-0.001791485259986265,-0.0009068120115732214,alle fire
2010-09,CAD,-0.014725508661344287,-0.0014729566746881032,-0.0009291462497211957,alle fire
2010-10,CAD,-0.004924177765542784,-0.0026699286195610815,-0.0009784189726198495,alle fire
2010-11,CAD,-0.00475013263285555,-0.0018218611734349011,-0.0009924608188580095,alle fire
2010-12,CAD,-0.01418605208593597,-0.0023719208944896044,-0.0010057858962126106,alle fire
2011-01,CAD,-0.006358840502935403,-0.0026640081529550634,-0.0010523592749748841,alle fire
2011-02,CAD,-0.011200605843464566,-0.003116883985230865,-0.0010710440680310829,alle fire
2011-03,CAD,-0.019229373656699404,-0.003914863687694135,-0.001106586390050148,alle fire
2011-04,CAD,0.010384309305716481,-0.003530427268639154,-0.0011699527790943762,alle fire
2011-05,CAD,0.008845064350982923,-0.0006035788528150819,-0.0011296940261856273,alle fire
2011-06,CAD,-0.022051724351597184,-0.0015634189838443615,-0.0010950594484871255,alle fire
2011-07,CAD,0.027260335422513007,-0.00265662643918965,-0.0011675738599165719,alle fire
2011-08,CAD,0.02096639648224847,-0.0007683266671451777,-0.0010695465865288836,alle fire
2011-09,CAD,0.017109649440331203,-0.0016338984325812546,-0.0009938216962581711,alle fire
2011-10,CAD,0.004890941961469022,-0.0003570827985331896,-0.0009318235074342351,alle fire
2011-11,CAD,-0.0012693454811801286,-0.0009632884441140792,-0.0009119505877451453,alle fire
2011-12,CAD,-0.010311900852661014,-0.00020279267383662184,-0.00091316621663438,alle fire
2012-01,CAD,-0.016221682275272712,-0.0014180436545312832,-0.0009450263340446397,alle fire
2012-02,CAD,-0.0029138428051903513,-0.0026864832859051805,-0.00099663665817041,alle fire
2012-03,CAD,-0.00100674527782275,-0.0022345081134839766,-0.0010030918977226657,alle fire
2012-04,CAD,0.01687930211987793,-3.7998329999777746e-06,-0.001003104157387431,alle fire
2012-05,CAD,0.017961910004835047,0.0011394162415110465,-0.0009432967785337009,alle fire
2012-06,CAD,-0.013515042654191765,0.0029063884010497145,-0.0008802794225891385,alle fire
2012-07,CAD,-0.02172915154327279,-0.0021630050512725253,-0.0009222553801692137,alle fire
2012-08,CAD,-0.0143098803542628,-0.003298892268072874,-0.0009911523873318083,alle fire
2012-09,CAD,0.009056281687740246,-0.0011775804792910306,-0.0010351085852424715,alle fire
2012-10,CAD,0.009878116810714994,-0.0009245813506257373,-0.0010019132225023968,alle fire
2012-11,CAD,-0.007247867444052629,-0.0004290192964853755,-0.0009662409928852907,alle fire
2012-12,CAD,0.0023210061380710724,-0.001218971460956099,-0.0009867691839021775,alle fire
2013-01,CAD,0.01768366176895858,-0.0018363378039711656,-0.0009759946714527533,alle fire
2013-02,CAD,0.014354783900554802,-0.001436092253039374,-0.0009154113713215475,alle fire
2013-03,CAD,-0.005579770729349544,0.0008773123401592767,-0.0008659932636455723,alle fire
2013-04,CAD,0.0008830889059398273,0.0006194048837901059,-0.0008811989974059078,alle fire
2013-05,CAD,0.011506709114898223,-0.0008004243329660329,-0.0008755260459482043,alle fire
2013-06,CAD,0.008495899722113447,-0.0006513683402496093,-0.0008358393947916453,alle fire
2013-07,CAD,0.00048056130484156606,-0.0014405491384366599,-0.0008060255317983385,alle fire
2013-08,CAD,-0.006265382681692563,-0.0010421521493732277,-0.000801928121490568,alle fire
2013-09,CAD,0.0020284962280506247,-0.0005285684837612073,-0.0008192724216816855,alle fire
2013-10,CAD,0.011799263948260648,2.987097737694477e-05,-0.0008102604955749377,alle fire
2013-11,CAD,0.014485460383888031,2.534908933906721e-05,-0.000770482815941387,alle fire
2013-12,CAD,0.027899302459606173,-0.0005449678938709441,-0.0007225081517909799,alle fire
2014-01,CAD,0.01036655641723594,0.0010903974091356666,-0.0006327846075546252,alle fire
2014-02,CAD,0.004783186773911818,0.00048475028945865625,-0.0005984116668521546,alle fire
2014-03,CAD,-0.01040780470498949,0.001052623600902892,-0.0005816465626753199,alle fire
2014-04,CAD,-0.008955556518510835,0.0005166780973013855,-0.0006121625817508298,alle fire
2014-05,CAD,-0.00589211794858345,-2.7274035110157332e-05,-0.0006379935227315109,alle fire
2014-06,CAD,-0.008438086136819692,-0.00017820422666154845,-0.0006542099561446342,alle fire
2014-07,CAD,0.01726329509744641,0.001075647560843281,-0.0006781603443928652,alle fire
2014-08,CAD,0.00774950315792812,0.0014080573833466863,-0.0006231252050007202,alle fire
2014-09,CAD,0.018089860171087782,0.001581951568065564,-0.0005975208369183688,alle fire
2014-10,CAD,0.010028038066555944,0.003080083845120833,-0.0005405471143329842,alle fire
2014-11,CAD,0.018113108407057987,0.0031684319419337972,-0.000508423755120556,alle fire
2014-12,CAD,0.04989620375293749,0.006891204331814276,-0.00045199486978062095,alle fire
2015-01,CAD,0.030626657578991523,0.009307134638314948,-0.000299885508382681,alle fire
2015-02,CAD,0.009475724840532995,-0.002950751844989176,-0.00020673327016769848,alle fire
2015-03,CAD,-0.0225214888592902,0.004334370527467199,-0.00017765681938481352,alle fire
2015-04,CAD,-0.013136075969997524,0.0005017172672717879,-0.0002445545201030931,alle fire
2015-05,CAD,0.015403099854049446,-4.6599114047055225e-05,-0.0002830366736848675,alle fire
2015-06,CAD,0.039485072123198905,0.003702997715147904,-0.00023635174354280097,alle fire
2015-07,CAD,0.021838622617888825,0.006042627113096695,-0.0001184840169352588,alle fire
2015-08,CAD,0.009010775388897052,0.00983525705399167,-5.352216298607512e-05,alle fire
2015-09,CAD,-0.014731832985717286,0.0036384112495923687,-2.678382212506295e-05,alle fire
2015-10,CAD,0.01571130189054354,0.0028260949497056114,-7.003396672386361e-05,alle fire
2015-11,CAD,0.03216044800952644,0.006740635234517853,-2.3754389429824305e-05,alle fire
2015-12,CAD,0.035460898232097304,0.009428594969100078,7.035146553788409e-05,alle fire
2016-01,CAD,-0.029354009023917882,0.01224465839506964,0.00017353090217508355,alle fire
2016-02,CAD,-0.04226658797342575,0.0019582790922496717,8.769503029690617e-05,alle fire
2016-03,CAD,-0.0313341561704355,-0.0030931238149440677,-3.507100739504356e-05,alle fire
2016-04,CAD,0.009859180121465805,-0.001899518348895204,-0.00012553079110325297,alle fire
2016-05,CAD,-0.003947526315072447,-0.0022327616945909674,-9.675640806991275e-05,alle fire
2016-06,CAD,0.012179291842645656,-0.00021149821541600696,-0.00010782183883716142,alle fire
2016-07,CAD,-0.004145879258916962,0.0030576627795464795,-7.261520937732526e-05,alle fire
2016-08,CAD,0.008427231364410925,0.00016640326241952635,-8.425310666172422e-05,alle fire
2016-09,CAD,0.010850290445930943,0.0005075399461338911,-6.0003863154394735e-05,alle fire
2016-10,CAD,0.013715785562173677,-0.000269803188024067,-2.9008708867220477e-05,alle fire
2016-11,CAD,-0.007096731685765689,0.005820971319012508,9.928385385020023e-06,alle fire
2016-12,CAD,-0.011763954383074149,-0.003682198589410062,-1.0146925550433957e-05,alle fire
2017-01,CAD,-0.005629103560160775,-0.0007061598132737139,-4.32562423321909e-05,alle fire
2017-02,CAD,0.020985069588088545,1.6765725763349178e-05,-5.894682468564198e-05,alle fire
2017-03,CAD,0.0037280090895119855,0.0034377144873403284,0.0,alle fire
2017-04,CAD,0.012498776029596426,0.0008786002765409434,1.0413433210927334e-05,alle fire
2017-05,CAD,-0.02312284722788599,0.003086777642352566,4.51999585490485e-05,alle fire
2017-06,CAD,-0.046573742968686854,0.003561351217348493,-1.915572807993764e-05,alle fire
2017-07,CAD,-0.00648274861077297,-0.0011035950275153565,-0.00014811580353868257,alle fire
2017-08,CAD,-0.026441046937147633,-0.002294634086757716,-0.0001656147891940259,alle fire
2017-09,CAD,0.02636172907075665,-0.0034172762382889037,-0.00023799889979444897,alle fire
2017-10,CAD,0.013081352811507574,-0.0007178688765343697,-0.0001649227240511768,alle fire
2017-11,CAD,-0.00031320961809583325,-0.002745875626987523,-0.0001286315582003309,alle fire
2017-12,CAD,-0.026987906679169643,-0.0007597016225668424,-0.00012913586983938967,alle fire
2018-01,CAD,0.01271152743878598,-0.002318942646523854,-0.00020232053144519425,alle fire
2018-02,CAD,0.027038205230946827,0.002001993127708628,-0.00016722855326521815,alle fire
2018-03,CAD,-0.015663675013260714,-0.00029596227507805564,-9.350109043537521e-05,alle fire
2018-04,CAD,0.010469663568962118,-0.00289947803245993,-0.0001355826415781464,alle fire
2018-05,CAD,0.019930635488878856,-0.0018405805244455522,-0.00010699707227749878,alle fire
2018-06,CAD,0.000609338125335368,0.0012379346691760171,-5.3132468618476325e-05,alle fire
2018-07,CAD,-0.006953227632012227,0.0007835527129748178,-5.1356408044873526e-05,alle fire
2018-08,CAD,-0.0006135910608220385,0.0013736722401852797,-6.981060917847608e-05,alle fire
2018-09,CAD,-0.0023043254685296555,-0.0013153069695339156,-7.12606903828589e-05,alle fire
2018-10,CAD,0.01533854330743667,0.0002278078721456233,-7.719969245239834e-05,alle fire
2018-11,CAD,0.017342126000950697,0.007237339792081418,-3.6309127465955184e-05,alle fire
2018-12,CAD,-0.010173636522338103,0.0037543203586709144,9.665568640967177e-06,alle fire
2019-01,CAD,-0.006865619785981714,-0.00045869927869905875,-1.7203302311484197e-05,alle fire
2019-02,CAD,0.012189767190802003,-0.0015692137782077266,-3.522545095272164e-05,alle fire
2019-03,CAD,0.0005233840636879039,-0.0006111568994094823,-3.1388560924730197e-06,alle fire
2019-04,CAD,0.00611075752036544,-0.001469921568110782,-1.7605238417390486e-06,alle fire
2019-05,CAD,-0.012785698867211148,0.00040743311085775257,1.419905329718309e-05,alle fire
2019-06,CAD,-0.013942788574000997,0.0024648828805468367,-1.9134014204140692e-05,alle fire
2019-07,CAD,0.012738059868695528,0.0003013842589958906,-5.5299350723093566e-05,alle fire
2019-08,CAD,-0.002413820286445323,0.0012459909228208104,-2.2155933056205945e-05,alle fire
2019-09,CAD,-0.003934927513872144,-0.0011565405992679126,-2.833594430527343e-05,alle fire
2019-10,CAD,0.003632789887886123,0.0018457531418480933,-3.840447927838392e-05,alle fire
2019-11,CAD,-0.005150356003550793,-0.0010434504424493625,-2.8966961625004726e-05,alle fire
2019-12,CAD,-0.00609339991850083,-0.0016284305133606458,-4.209872839917341e-05,alle fire
2020-01,CAD,0.014938666433467251,0.0012752472077108507,-5.757520203114696e-05,alle fire
2020-02,CAD,0.04948524809117688,0.003322433475570867,-1.9319483573242883e-05,alle fire
2020-03,CAD,0.006283939558534568,0.016299733241092133,0.00010664633722764802,alle fire
2020-04,CAD,-0.005424709948175344,0.0167933607692391,0.00012232474641878232,alle fire
2020-05,CAD,-0.030521189034886986,-0.011407950007813304,0.00010828162060968328,alle fire
2020-06,CAD,-0.004066699382553718,-0.008429093991453088,3.0934472489742195e-05,alle fire
2020-07,CAD,-0.020056049046901836,-0.0018833726196065342,2.061297663320955e-05,alle fire
2020-08,CAD,7.558864662127185e-05,-0.000777301937472269,-2.9830897797783027e-05,alle fire
2020-09,CAD,-0.0009074410786031328,0.0028034633705061127,-2.9566688413274117e-05,alle fire
2020-10,CAD,-0.011030502468538206,0.0010108850696998357,-3.176137438874862e-05,alle fire
2020-11,CAD,-0.02040098573072399,-0.001526464528146024,-5.9189656419046525e-05,alle fire
2020-12,CAD,-0.006579486412412544,-0.004679746409648186,-0.0001097911391909493,alle fire
2021-01,CAD,-0.0022815792124784295,-0.0025120894000684314,-0.00012584497361581678,alle fire
2021-02,CAD,-0.01005351828140763,-0.003615056707830829,-0.00013118094945458562,alle fire
2021-03,CAD,-0.00598493587132215,-0.0012929467416042761,-0.00015568054780508696,alle fire
2021-04,CAD,-0.02997909224783138,-0.0007914252854429992,-0.00017003831953788762,alle fire
2021-05,CAD,0.007804516919902416,-0.00351945243289256,-0.00024327923828062348,alle fire
2021-06,CAD,0.02505181516452759,-0.0034873431860027587,-0.00022355424769684166,alle fire
2021-07,CAD,0.005491676820515851,-0.002088423913091181,-0.00016175627847379902,alle fire
2021-08,CAD,0.00569847208827845,0.0010843635477841276,-0.0001479674172567511,alle fire
2021-09,CAD,-0.018881261969625307,-0.0016315140091928849,-0.00013374250361797933,alle fire
2021-10,CAD,0.010639674785861614,-0.0033918457313745288,-0.00017924619164226896,alle fire
2021-11,CAD,0.018370840292564056,0.00035772723598092324,-0.00015305025707204164,alle fire
2021-12,CAD,-0.01400384776352373,0.0022046225666230348,-0.00010830656009224437,alle fire
2022-01,CAD,0.007026437150484011,-0.003642297555625506,-0.00014178979190774193,alle fire
2022-02,CAD,-0.004020343596501635,-0.00275368730894904,-0.000124558477142377,alle fire
2022-03,CAD,-0.0025308460202849714,-0.004653684472223816,-0.00013390088750055268,alle fire
2022-04,CAD,0.01812738459255675,0.004967785939920243,-0.00013963520600003692,alle fire
2022-05,CAD,-0.004286333180685303,-0.0012849312141439962,-9.603850003689425e-05,alle fire
2022-06,CAD,0.010256500167189181,-0.001077050829766987,-0.00010601539213367616,alle fire
2022-07,CAD,-0.00146984902492725,0.0020836010329084455,-8.140134092388316e-05,alle fire
2022-08,CAD,0.032147801909028495,0.0033146381545796854,-8.469150131251673e-05,alle fire
2022-09,CAD,0.025900515454468143,0.006256773471233859,-8.491753297526225e-06,alle fire
2022-10,CAD,-0.01709317385397091,0.0021341816515023514,5.2614395777392936e-05,alle fire
2022-11,CAD,0.009466826118906813,0.0010898508509244007,1.2271364601514573e-05,alle fire
2022-12,CAD,-0.012071091142263513,0.003414688313097387,3.446515510457865e-05,alle fire
2023-01,CAD,0.0023813078673664556,-0.00019891520234963138,6.114906164606543e-06,alle fire
2023-02,CAD,0.016877726794259085,0.0015894785452435917,1.1664422429096845e-05,alle fire
2023-03,CAD,-0.014650389025858801,0.0021650250318814342,5.097925313266325e-05,alle fire
2023-04,CAD,0.0024443551298762856,-0.002325678650283639,1.679002457686915e-05,alle fire
2023-05,CAD,-0.017237303258641146,0.004518641508229657,2.2422426213294706e-05,alle fire
2023-06,CAD,-0.005661033346832489,0.0014162633676743088,-1.7530642501646257e-05,alle fire
2023-07,CAD,0.02000891062780835,-0.0010551634467922098,-3.05641360451355e-05,alle fire
2023-08,CAD,0.003924622757481788,-0.0003633344177615868,1.5609768940702028e-05,alle fire
2023-09,CAD,0.013288012573916874,-0.001094873620999285,2.4596005695968894e-05,alle fire
2023-10,CAD,-0.0003647106061798189,0.0031517959224807096,5.501668589831042e-05,alle fire
2023-11,CAD,-0.021458626728336483,0.001739054209859338,5.405621154572889e-05,alle fire
2023-12,CAD,0.0005216289845914046,-0.0001665780662962643,4.9404970711119655e-06,alle fire
2024-01,CAD,0.005720031938884762,-0.00045714308703667455,6.1174640130716294e-06,alle fire
2024-02,CAD,0.0026631174194835516,-0.00016693047353219826,1.9103633274143655e-05,alle fire
2024-03,CAD,0.01014341662773477,-0.0004189768288915042,2.5099129387997185e-05,alle fire
2024-04,CAD,-0.0005120515089387379,0.0005144278182339342,4.799125042498084e-05,alle fire
2024-05,CAD,0.0027765617720857394,0.0028031122726433263,4.6727045550570635e-05,alle fire
2024-06,CAD,0.0006564791074235021,-0.00032650667432407873,5.287532196168588e-05,alle fire
2024-07,CAD,-0.004311453936504395,-0.0005755178370370968,5.4231734962723666e-05,alle fire
2024-08,CAD,-0.008014454132956317,0.00034439250835957634,4.4443202067057485e-05,alle fire
2024-09,CAD,0.015456484686146521,0.0018699915868949253,2.6414348968571188e-05,alle fire
2024-10,CAD,0.01557911061945233,0.0015291921557112824,6.0856470256914824e-05,alle fire
2024-11,CAD,0.01941946213678375,0.0023480056760037194,9.541828350679325e-05,alle fire
2024-12,CAD,0.009917667546186004,0.0013863053750057953,0.00013836060318074206,alle fire
2025-01,CAD,-0.0062744210305704096,0.00040787201503768305,0.00016004421059317056,alle fire
1997-06,CHF,0.027354003082042555,0.0010146318274759183,-0.00037339488925006945,olie
1997-07,CHF,0.020299842373097732,-0.0011372203785397271,-0.00014424283990054364,olie
1997-08,CHF,-0.02856379240426049,-0.00012005876729766667,2.3331629058458624e-05,olie
1997-09,CHF,-0.012732049601071938,-6.452435963010688e-05,-0.0002090840134888499,olie
1997-10,CHF,-0.0312776939557477,-0.0017091113731269203,-0.00031007567145322965,olie
1997-11,CHF,0.022768181885457484,0.0002300757990114249,-0.0005578166177275854,olie
1997-12,CHF,0.024365503091364482,0.0021144429366215466,-0.00037268964548008485,olie
1998-01,CHF,-0.007964914975872872,0.002954066314954283,-0.00017790072629233236,olie
1998-02,CHF,0.01828575939729782,0.001561345346092399,-0.0002387367751171801,olie
1998-03,CHF,0.01001610937690256,0.0016687819051228409,-9.513602959458322e-05,olie
1998-04,CHF,-0.01749315744751717,-0.0009316652866328008,-1.735721877537442e-05,olie
1998-05,CHF,0.010693131244668641,-0.0018116498886040348,-0.00015076027395660951,olie
1998-06,CHF,0.012431604342145353,0.004083368249656297,-6.860958063369094e-05,olie
1998-07,CHF,-0.013502483234390905,0.00023227393528714958,2.5376990214271784e-05,olie
1998-08,CHF,-0.06451619945987302,0.00022358731737576244,-7.557719056636386e-05,olie
1998-09,CHF,-0.04581958072459913,-0.00364500252733835,-0.0005529151333019687,olie
1998-10,CHF,0.03519187764951609,0.0006067964892189508,-0.0008857582626497422,olie
1998-11,CHF,-0.018065759395226477,0.0040077863034740195,-0.0006224178545317434,olie
1998-12,CHF,0.018354484675130234,0.002701947727191705,-0.0007488188801889516,olie
1999-01,CHF,0.029581224017574292,-0.004751182401680281,-0.0006113850416614755,olie
1999-02,CHF,0.026823120620851848,0.0016828797366128185,-0.00039572354838122,olie
1999-03,CHF,0.020992300009194165,-0.006186867457656071,-0.00020268210037247485,olie
1999-04,CHF,0.007121731321810543,-0.0049819895730699075,-5.342166298116048e-05,olie
1999-05,CHF,0.01944104313743017,5.291513012183551e-05,-3.245767982617099e-06,olie
1999-06,CHF,0.006483425200322468,-0.0007864923339816869,0.00013178401608274947,olie
1999-07,CHF,-0.024930135949971566,-0.003843661399426427,0.0001755884380430234,olie
1999-08,CHF,0.011135018690150211,-0.0014572500699770422,3.6314216867590857e-06,olie
1999-09,CHF,-0.024273358332730144,-0.0025763093570350956,7.935514460147645e-05,olie
1999-10,CHF,0.04251765596604967,0.0005977292854910909,-8.519021673184531e-05,olie
1999-11,CHF,0.01899113920595269,-0.002839909103484968,0.0002007349254344736,olie
1999-12,CHF,0.0039062549670650926,-0.0005346397195082236,0.00032600428730459506,olie
2000-01,CHF,0.02759779502825216,0.0003629130860877941,0.0003497145567069824,olie
2000-02,CHF,0.017463456178634373,-0.0015844626143604454,0.0005289782440197797,olie
2000-03,CHF,0.0012615266143054527,0.0009545030144503721,0.0006396611063375221,olie
2000-04,CHF,0.031497270899787266,0.005235462896643643,0.0006436991940515995,olie
2000-05,CHF,-0.04582771537047586,-0.004732524554339199,0.0008427544953789265,olie
2000-06,CHF,0.006011129548721461,-0.0018845793078100157,0.0005435848167516522,olie
2000-07,CHF,0.03742862930100643,0.0020121837671878834,0.0005784099424329885,olie
2000-08,CHF,0.02516326808280034,-0.0009449225019348498,0.0008116391788796558,olie
2000-09,CHF,0.009000655141649383,-0.0021671475001023514,0.0009647940776464527,olie
2000-10,CHF,0.0019141994359749281,0.003453485950777466,0.001015018209296471,olie
2000-11,CHF,-0.05337063684841059,-0.0005713497838858682,0.0010206031858596913,olie
2000-12,CHF,-0.03317553944474161,0.009366650501780567,0.0006848547905864179,olie
2001-01,CHF,0.02309823523860033,0.0005759162214677703,0.0004771223106150802,olie
2001-02,CHF,0.013216838224660687,-0.0013104309383445718,0.0006150559260296245,olie
2001-03,CHF,0.013102805043778032,0.0038957622860219913,0.0006914303642031461,olie
2001-04,CHF,0.022909914544843812,-0.0004834408471124993,0.0007661976815499827,olie
2001-05,CHF,0.01853998390573519,-0.0017233119667351682,0.000898794788515814,olie
2001-06,CHF,-0.016146683999894718,0.0014895079623296003,0.0010038018665945007,olie
2001-07,CHF,-0.04433793865630642,0.004111920637895429,0.0009023197017040321,olie
2001-08,CHF,-0.0283612806230219,-0.00021544970710976748,0.0006362005348922059,olie
2001-09,CHF,0.0011622573567110495,0.0005584225465606473,0.0004666246216880298,olie
2001-10,CHF,0.009249746469342957,0.0053056959846671855,0.0004706689980544427,olie
2001-11,CHF,0.0034467154303409187,0.0025115882003486677,0.0005214151106052434,olie
2001-12,CHF,0.008595094235933964,0.0006472228435185026,0.0005382271814083219,olie
2002-01,CHF,0.015499582834128667,-0.00025009614071576705,0.000584266421719897,olie
2002-02,CHF,-0.013466818771728839,-0.000278773740669744,0.0006690125376994923,olie
2002-03,CHF,-0.012077659204691615,-0.0028924970104611675,0.0005891490839739085,olie
2002-04,CHF,-0.04027555536348465,-0.0013754436380459078,0.0005179872396555629,olie
2002-05,CHF,-0.03132447365995411,0.0007185395316129553,0.00029009035360450024,olie
2002-06,CHF,-0.04523133774186855,0.0014573894590516397,0.00011445388686250798,olie
2002-07,CHF,0.017110555537775296,-0.0016705962143558101,-0.00013607534865534316,olie
2002-08,CHF,-0.002742201497655694,-0.0007879864277355018,-4.1313640488141855e-05,olie
2002-09,CHF,6.697250781056985e-05,-0.0014553483144674336,-5.60725905273088e-05,olie
2002-10,CHF,-0.01852029954867901,0.0006929383925464282,-5.540386716677685e-05,olie
2002-11,CHF,-0.018591735670280884,0.0026331775876210018,-0.00015521411409387,olie
2002-12,CHF,-0.04426538723880685,-0.0033122256390359112,-0.0002543351977292841,olie
2003-01,CHF,-0.011912297841123687,-0.002787816017108479,-0.0004896884172002871,olie
2003-02,CHF,0.0008818342723126427,-0.0017313043213451164,-0.0005504469779658371,olie
2003-03,CHF,0.012337273686542194,0.0012404400618723993,-0.000542868770292406,olie
2003-04,CHF,-0.04998437619503715,0.004771893127552413,-0.00047507854683538175,olie
2003-05,CHF,0.006462180849070354,-0.0013213320466160857,-0.0007342895292866999,olie
2003-06,CHF,0.030964535983601493,-0.0018723277915965438,-0.0006968079127327571,olie
2003-07,CHF,0.014587086745855071,-0.0009141150908876772,-0.0005327594987621133,olie
2003-08,CHF,-0.004935772523076809,-0.0012860906812191698,-0.00045482214698573605,olie
2003-09,CHF,-0.038647494661328385,0.001174272339291156,-0.000477801379683639,olie
2003-10,CHF,0.007234394777044295,-0.001873496696024777,-0.000672544712753255,olie
2003-11,CHF,-0.05201280135867009,-0.0002054275014292552,-0.0006324079640740797,olie
2003-12,CHF,-0.0201332996954047,-0.0013115822512274541,-0.0008919049004104232,olie
2004-01,CHF,0.004589564801679796,-0.0015723341056264415,-0.000988595326515922,olie
2004-02,CHF,0.026164974744115832,-0.0007579691126896974,-0.0009607045258749435,olie
2004-03,CHF,0.014836952173452822,-0.0018982774797451502,-0.0008257508976660342,olie
2004-04,CHF,-0.010074480744657777,-0.0006988592117340924,-0.0007482127636505942,olie
2004-05,CHF,-0.026518798096084012,-0.0020955336915141442,-0.0007941549704535853,olie
2004-06,CHF,-0.004087362933500788,2.2773166962199295e-05,-0.0009202561622458912,olie
2004-07,CHF,0.013639294191362783,-0.0020086348879830842,-0.0009357054635690859,olie
2004-08,CHF,0.00047520989330837593,-0.002235737663392986,-0.000864953038059708,olie
2004-09,CHF,-0.023960439487779955,-0.0009418269233436713,-0.0008584788209999587,olie
2004-10,CHF,-0.05150674611625275,-0.002700964148634466,-0.000969545939590247,olie
2004-11,CHF,-0.021229654750132443,0.001277028059202414,-0.0012113507251245172,olie
2004-12,CHF,0.028122419137112997,5.518359910234791e-07,-0.00130667598238646,olie
2005-01,CHF,0.010628526877806327,-0.003005402704247711,-0.0011672015979338557,olie
2005-02,CHF,-0.013686113768116237,-0.0013781780764719504,-0.001111561369274704,olie
2005-03,CHF,0.016702201845391562,-0.003494320482902139,-0.0011705968265462606,olie
2005-04,CHF,0.018072281632662224,-0.000704163485866501,-0.0010870790757428128,olie
2005-05,CHF,0.03970405141891381,-3.68347125480141e-05,-0.0009979657701223242,olie
2005-06,CHF,0.02186732974986244,-0.00246314668757429,-0.000809530505358268,olie
2005-07,CHF,-0.024713856539467977,-0.0014305313115182076,-0.0007050288451959606,olie
2005-08,CHF,0.0033201611527381714,-0.002306892529371192,-0.0008151610823256487,olie
2005-09,CHF,0.016359802859436445,-0.00047215101548125254,-0.0007962783323938505,olie
2005-10,CHF,0.017699577099400843,0.00041535951141852495,-0.0007182961451582582,olie
2005-11,CHF,-0.004357305368955733,0.0003388018268566703,-0.0006349573521964524,olie
2005-12,CHF,-0.021684424346012837,-0.001017209229193764,-0.000651724685605278,olie
2006-01,CHF,0.021607810670434296,-0.002257166464558261,-0.0007460417244411863,olie
2006-02,CHF,-0.0001532449623717902,7.072264448288997e-05,-0.0006462477405354922,olie
2006-03,CHF,-0.01700195514115735,-0.0009987447448972981,-0.0006440566170769868,olie
2006-04,CHF,-0.05117023513436478,-0.0024264142901307363,-0.0007164366990419441,olie
2006-05,CHF,0.010689180149350969,-0.0007133869585487178,-0.0009387001282724413,olie
2006-06,CHF,0.004453989628233818,-0.00047034483757410424,-0.0008877006533705841,olie
2006-07,CHF,-0.004697506005913482,-0.0020471024201800243,-0.0008643744949356305,olie
2006-08,CHF,0.01106054144929225,-0.0006657606411791468,-0.000881040284113795,olie
2006-09,CHF,0.01173338280571995,0.002294411664684108,-0.0008293451250947213,olie
2006-10,CHF,-0.019713756463528437,0.0006384119443257943,-0.0007751954357377614,olie
2006-11,CHF,-0.021018970496994527,-0.001063543121849086,-0.0008564768135394382,olie
2006-12,CHF,0.02707054825023769,-0.001970038359030391,-0.0009426413164601864,olie
2007-01,CHF,-0.0030615557268412197,0.001894267137148178,-0.000823436254474238,olie
2007-02,CHF,-0.017500751896354916,-0.0019365117739164014,-0.0008329198115605387,olie
2007-03,CHF,-0.004444085990825686,-0.0021315797145850914,-0.0009032482169816121,olie
2007-04,CHF,0.007150225655328218,-0.0023042295639900045,-0.0009181256866196124,olie
2007-05,CHF,0.009698132325368147,-0.0007205763091596457,-0.0008843668943938893,olie
2007-06,CHF,-0.021395135540492077,-0.0017036609788315697,-0.0008402731476448808,olie
2007-07,CHF,-0.003486059307281242,-0.002237228978349765,-0.0009255630330923795,olie
2007-08,CHF,-0.014657492617160844,0.0006554399123185222,-0.0009361435962088624,olie
2007-09,CHF,-0.009409640063244129,-0.002376867808195406,-0.000992610053085208,olie
2007-10,CHF,-0.044231114988642545,-0.0020511473275433784,-0.001027106077717007,olie
2007-11,CHF,0.014932903949958054,-0.003247119295834104,-0.0012034489712309886,olie
2007-12,CHF,-0.03534819997182315,-0.0007382170670565955,-0.0011378540406570493,olie
2008-01,CHF,-0.010595641692697999,-0.0014006880931478293,-0.0012763574654795842,olie
2008-02,CHF,-0.0727385633971517,-0.0017204330264769209,-0.0013139352244603037,olie
2008-03,CHF,0.001184366502440276,-0.003063154970462538,-0.0016007811207361725,olie
2008-04,CHF,0.030119832483917548,-0.002383355363914649,-0.0015896405302434668,olie
2008-05,CHF,-0.0073971229264781085,-0.003380731381164242,-0.0014633079684340604,olie
2008-06,CHF,-0.00852140336054354,-0.0026577827748460268,-0.0014868548531882036,olie
2008-07,CHF,0.05284319643210121,-0.0014310273487785814,-0.0015146593927429675,olie
2008-08,CHF,0.023790029588814862,0.0016586074506292074,-0.0013006520863459432,olie
2008-09,CHF,0.02902871264749128,0.0019398061948641655,-0.0012022572562472734,olie
2008-10,CHF,0.041224398451747885,0.0057711012783676395,-0.0010841675300607948,olie
2008-11,CHF,-0.04341421231678316,0.0077295333262137125,-0.0009195427597035625,olie
2008-12,CHF,-0.012086071868396733,0.004385471684311613,-0.0010842507812426306,olie
2009-01,CHF,0.03248342877781034,-0.0025606545889444226,-0.0011267288549382064,olie
2009-02,CHF,-0.007243284233495212,-0.0008980739238986231,-0.0009974590178891737,olie
2009-03,CHF,-0.006424748614669212,-0.0021479413173519967,-0.0010213893826999246,olie
2009-04,CHF,-0.035912889802959466,-0.0022330522674445176,-0.0010420128912188914,olie
2009-05,CHF,-0.024401484874649493,-0.0034525084344925877,-0.0011746017768148632,olie
2009-06,CHF,-0.0026865549532146815,-0.00458147890033082,-0.0012625823946096912,olie
2009-07,CHF,-0.009038872517100768,-1.5194555284148582e-06,-0.0012679558759629175,olie
2009-08,CHF,-0.027713646093240805,-0.00338868453573188,-0.0012971698482980222,olie
2009-09,CHF,-0.017278628274547597,6.787284281301758e-05,-0.001396107961574962,olie
2009-10,CHF,-0.008061388524421764,-0.002756475587664755,-0.0014553710970711283,olie
2009-11,CHF,0.01664094783001613,-0.0023848258901768915,-0.0014799287826746624,olie
2009-12,CHF,0.0042623332959499695,-0.0007644532612405711,-0.0014128144248498817,olie
2010-01,CHF,0.035794394207839704,-0.0017249057528391952,-0.0013918729203450852,olie
2010-02,CHF,-0.005236593226935565,-0.0005560826704815236,-0.0012551587029620529,olie
2010-03,CHF,0.0022476128585433436,-0.0024135353526203926,-0.001269742712207377,olie
2010-04,CHF,0.055051424883012734,-0.0025111971744602897,-0.0012569056480805497,olie
2010-05,CHF,-0.00354767556127103,0.0008928604068037964,-0.0010521480825129378,olie
2010-06,CHF,-0.06658414821281144,-0.0007153998130314708,-0.0010611898487403223,olie
2010-07,CHF,-0.013577032345382108,-0.0013916278285620945,-0.0012977348247839003,olie
2010-08,CHF,-0.037866220803790034,-0.001567159635652647,-0.001341904959750081,olie
2010-09,CHF,-0.03210352901567452,-0.001557645960661748,-0.0014728164860728045,olie
2010-10,CHF,0.016485296284627634,-0.0024789297029126226,-0.001582211887964239,olie
2010-11,CHF,-0.016175618862797985,-0.0019259223709930232,-0.001517914705855371,olie
2010-12,CHF,-0.012880618510650838,-0.002600369925974482,-0.0015698923801707703,olie
2011-01,CHF,-0.006818804285721111,-0.002396218010179958,-0.0016098596103138096,olie
2011-02,CHF,-0.03372007993940615,-0.0027104953464041435,-0.0016282009648046804,olie
2011-03,CHF,-0.023463102009127074,-0.0033621257801345035,-0.0017408040489260892,olie
2011-04,CHF,-0.02619842699051779,-0.0030096695749672136,-0.0018167561396960226,olie
2011-05,CHF,-0.03955944328473404,-0.0004807525694982917,-0.001901709696667527,olie
2011-06,CHF,-0.02251073084834318,-0.0017453985842778464,-0.0020324657160705356,olie
2011-07,CHF,-0.05171628183882079,-0.002465311551287863,-0.002103324764971133,olie
2011-08,CHF,0.1168709389109025,-0.0011085536995445026,-0.0022744039272947526,olie
2011-09,CHF,0.021552315178659798,-0.0022278236144468344,-0.0018649697594658966,olie
2011-10,CHF,0.013417066604511807,-0.0010420012465925433,-0.0017847735781709455,olie
2011-11,CHF,0.027699593138003686,-0.0018384740561342469,-0.0017328901645781711,olie
2011-12,CHF,0.004489585307032917,-0.0009490147622525434,-0.0016327796771544237,olie
2012-01,CHF,-0.02790275104340706,-0.0020297092791258173,-0.001612025897547009,olie
2012-02,CHF,0.0014247358429533563,-0.00317081206247465,-0.0017008459149316713,olie
2012-03,CHF,0.00021901007533881023,-0.002614830532420253,-0.0016903220706290282,olie
2012-04,CHF,0.027005313598370745,-0.000568661096782881,-0.0016839149157767865,olie
2012-05,CHF,0.020360426947759393,0.0003222831073440664,-0.0015879643187395043,olie
2012-06,CHF,0.02138621721961969,0.001937696473581212,-0.0015148030145178413,olie
2012-07,CHF,-0.0104809837373573,-0.0030963733171368852,-0.0014387198908163874,olie
2012-08,CHF,-0.030945984365708515,-0.003710312135168141,-0.0014686611618314235,olie
2012-09,CHF,-0.0067347520576692965,-0.001306945308814346,-0.0015659460568937242,olie
2012-10,CHF,0.006947812674220441,-0.0011800468651175407,-0.001582948708212065,olie
2012-11,CHF,-0.018816747861982036,-0.0008089096885047881,-0.0015549789987614664,olie
2012-12,CHF,0.002276793958002163,-0.001565654415028898,-0.0016113900081183965,olie
2013-01,CHF,-0.0023853421263583946,-0.0022277543179893776,-0.0015987249137662122,olie
2013-02,CHF,0.02719944952561746,-0.0021240551468892817,-0.001601278865755148,olie
2013-03,CHF,-0.010620320722706238,0.0002913382717214606,-0.0015080726250063692,olie
2013-04,CHF,0.020187759522692604,2.682582676521235e-05,-0.0015374669737086269,olie
2013-05,CHF,-0.02393168003215764,-0.0014069545186446205,-0.0014676109399581407,olie
2013-06,CHF,0.012566725548603858,-0.0014909684084336156,-0.0015396111614074982,olie
2013-07,CHF,-0.020096881612356857,-0.0025327924500112833,-0.0014945429930049061,olie
2013-08,CHF,-0.003244649180117465,-0.0021775278031504466,-0.0015537861096270463,olie
2013-09,CHF,-0.02256888078906992,-0.0014888891957715495,-0.0015591539288984445,olie
2013-10,CHF,0.011457655363999175,-0.0009135901993202576,-0.0016256404063040501,olie
2013-11,CHF,-0.021703874863241754,-0.001145316747688901,-0.0015843681798993082,olie
2013-12,CHF,0.01168562626938599,-0.002188294880265996,-0.0016476370688406367,olie
2014-01,CHF,-0.011237948589833013,-0.0008673649644069138,-0.0016058400050844406,olie
2014-02,CHF,-0.014880220451085571,-0.0016775884720504482,-0.0016359403444117793,olie
2014-03,CHF,0.0026087464463205867,-0.0012163683496690272,-0.001677199783996433,olie
2014-04,CHF,0.006210849393073897,-0.0015933431490659708,-0.0016638893919768151,olie
2014-05,CHF,0.00840764999754448,-0.0019105060050805909,-0.001639509395738268,olie
2014-06,CHF,0.0022301525746320494,-0.001978000063528766,-0.0016084996445244323,olie
2014-07,CHF,0.013277468788071983,-0.00032340092237488475,-0.0015966884069270279,olie
2014-08,CHF,0.02945848710251847,-0.00017952477032258667,-0.0015510621578626134,olie
2014-09,CHF,0.01672173580266808,-0.0001559932760976327,-0.0014562317319898887,olie
2014-10,CHF,0.011893723930431518,0.001454435740916326,-0.0014008110992622725,olie
2014-11,CHF,0.011446374006447449,0.001299867004844197,-0.0013604021781993734,olie
2014-12,CHF,-0.032301203708945764,0.005310045029046737,-0.0013215937655186255,olie
2015-01,CHF,-0.008721603891324488,0.004854641918860452,-0.0014151877532631186,olie
2015-02,CHF,0.04562616082677539,-0.00564982530420379,-0.0014371950307873998,olie
2015-03,CHF,-0.02093615375671981,-0.0005330343536177733,-0.0012958636318157397,olie
2015-04,CHF,-0.02950877743756871,-0.002413100750524819,-0.0013546668956627577,olie
2015-05,CHF,0.0005365670569255354,-0.0027301405184792186,-0.0014387090166833726,olie
2015-06,CHF,0.023957049936876043,-0.0006086592050520428,-0.001432830218845251,olie
2015-07,CHF,0.01435132784306311,0.00026767405764394265,-0.001357489328175455,olie
2015-08,CHF,0.00412159264555079,0.0024937945294348043,-0.0013110135377280036,olie
2015-09,CHF,-0.00391510906026216,-0.001693097349933631,-0.0012949881507566797,olie
2015-10,CHF,0.04155260399247612,-0.0015745633960331307,-0.0013026943887258135,olie
2015-11,CHF,-0.014664335803698943,0.0005882750287560523,-0.0011770190269041068,olie
2015-12,CHF,0.013078607027414042,0.0016571002066198533,-0.0012164556256666647,olie
2016-01,CHF,-0.016198734363657666,0.0029629215607653294,-0.001174779058164972,olie
2016-02,CHF,-0.011048716115527686,-0.0020261177463985055,-0.0012184533468437295,olie
2016-03,CHF,-0.01820569697322465,-0.004284411696987296,-0.0012469468621152772,olie
2016-04,CHF,0.014734180315505115,-0.0028367894575322076,-0.001295960590760102,olie
2016-05,CHF,-0.008422399828919038,-0.003334075417508787,-0.0012497642192723058,olie
2016-06,CHF,0.013828645464460013,-0.001806160879891276,-0.0012703752411391067,olie
2016-07,CHF,-0.012179670546858219,0.00011374828168432441,-0.001227111571495556,olie
2016-08,CHF,0.0021601613090591817,-0.001564267598580781,-0.0012584045971394497,olie
2016-09,CHF,0.014688146561656972,-0.0014851981126346033,-0.0012486650931331856,olie
2016-10,CHF,0.008770659579786066,-0.002250668121598166,-0.0012033900600229867,olie
2016-11,CHF,0.022921080855130883,0.0006621881128247322,-0.0011751349618932159,olie
2016-12,CHF,-0.011742204085103314,-0.0042891316774958995,-0.001107066555630436,olie
2017-01,CHF,-0.006472514505617634,-0.0015246423839492017,-0.001137024689516275,olie
2017-02,CHF,0.0004993757906525255,-0.0011949019856808357,-0.0011520120204603801,olie
2017-03,CHF,-0.0005992808808999548,7.321242105136436e-05,-0.0011473862842947978,olie
2017-04,CHF,-0.014288832361852046,-0.0013534332820893614,-0.0011458552636149238,olie
2017-05,CHF,-0.01903065413709521,-0.00039836826314504153,-0.0011824652276768656,olie
2017-06,CHF,-0.007985523378927599,0.0003471659100886639,-0.001232043530203028,olie
2017-07,CHF,0.005089069507471289,-0.0020228263245541367,-0.0012507512306150072,olie
2017-08,CHF,-0.002904867692630167,-0.002361270763655112,-0.0012332379136589676,olie
2017-09,CHF,0.020159070001789223,-0.0026978035284313424,-0.001237842954372387,olie
2017-10,CHF,0.009525811796122182,-0.0015484982044291563,-0.0011790602264708443,olie
2017-11,CHF,-0.004548908526369145,-0.002618935340952903,-0.0011497318099705893,olie
2017-12,CHF,-0.02732017508638338,-0.0015616641179978098,-0.0011590191780481809,olie
2018-01,CHF,-0.026268718632953887,-0.00243095008391164,-0.001230302981613127,olie
2018-02,CHF,0.013273356540877454,-0.0002025559516456452,-0.0012983421545787264,olie
2018-03,CHF,0.021600464177317473,-0.0013943216447156585,-0.0012588524562170567,olie
2018-04,CHF,0.028695497596319067,-0.0027764046650211355,-0.0011970705193696661,olie
2018-05,CHF,-0.006945520900022694,-0.002209423495796313,-0.0011164975594891034,olie
2018-06,CHF,0.004836768800614017,-0.00045923560346450493,-0.001132166977071183,olie
2018-07,CHF,-0.006859014181381815,-0.0010111570202147675,-0.0011161644682838234,olie
2018-08,CHF,-0.020140741130382327,-0.0006465033727550617,-0.0011315196814204488,olie
2018-09,CHF,0.026195250039088555,-0.00260489522222032,-0.0011822109386176807,olie
2018-10,CHF,0.007117467768864086,-0.001496857647344839,-0.001109398542400377,olie
2018-11,CHF,-0.009232378673490055,0.00275483002843097,-0.0010875766158452988,olie
2018-12,CHF,-0.0022204288493026057,0.0008737226902295694,-0.0011091237112358934,olie
2019-01,CHF,0.011752432993199006,-0.0016198935610451616,-0.0011120559147664124,olie
2019-02,CHF,-0.0008991458720564159,-0.0021857914401939298,-0.001078201996587556,olie
2019-03,CHF,0.007865041289976678,-0.001550808233113227,-0.0010777320330061094,olie
2019-04,CHF,0.002278243766852088,-0.0021543656108635977,-0.0010543216316370445,olie
2019-05,CHF,-0.022715741332749007,-0.0010109646797648272,-0.0010456204164973862,olie
2019-06,CHF,0.0,0.0005682917412597212,-0.001102053023050125,olie
2019-07,CHF,-0.009457537316093965,-0.0009775213826948412,-0.0010991905476655792,olie
2019-08,CHF,0.012085659722363525,0.0001491438314859129,-0.001120844295770316,olie
2019-09,CHF,0.0024198438910352227,-0.0020163445031527285,-0.0010867189623901252,olie
2019-10,CHF,-0.00010071000562416037,-0.0002336467831674157,-0.0010776814292627404,olie
2019-11,CHF,-0.010427834305000529,-0.0019175944732794368,-0.0010751699346004304,olie
2019-12,CHF,-0.013112255063295997,-0.002040225537373929,-0.001099151125293764,olie
2020-01,CHF,0.006577618781795171,-0.0001839854850757748,-0.001129875176286097,olie
2020-02,CHF,-0.017463631629145132,0.0011010696008192104,-0.0011102132019032366,olie
2020-03,CHF,0.01119530714333588,0.007344969933460733,-0.0011518249536264984,olie
2020-04,CHF,-0.0009281700248672045,0.007729565105346274,-0.0011204870549032437,olie
2020-05,CHF,-0.01864151872995924,-0.007974364820910242,-0.0011200001763461904,olie
2020-06,CHF,-0.019745864479593582,-0.006155158812214017,-0.001164246435319961,olie
2020-07,CHF,-0.024748902370172632,-0.0023841231731479844,-0.0012110515185549068,olie
2020-08,CHF,0.005480066322844465,-0.0018245160282720657,-0.0012701918473278157,olie
2020-09,CHF,-0.002736279275256673,0.0003308327282211794,-0.0012532739070516947,olie
2020-10,CHF,-0.0015355931502746,-0.0009175153281987907,-0.001256981420472207,olie
2020-11,CHF,-0.025120805239686003,-0.0022627153737966588,-0.001257676212815854,olie
2020-12,CHF,-0.0021409665060098115,-0.004048564465697378,-0.0013170372302956305,olie
2021-01,CHF,0.012777578012500443,-0.002870676395727337,-0.0013190817198135316,olie
2021-02,CHF,0.03491080572972134,-0.0034381208993016607,-0.0012841889977038435,olie
2021-03,CHF,-0.008641228970076464,-0.0019287604818030734,-0.0011948186403521763,olie
2021-04,CHF,-0.02093800798229868,-0.0010159423181424186,-0.0012131595524943544,olie
2021-05,CHF,0.0056338177182561205,-0.00210307585611559,-0.0012616235535503847,olie
2021-06,CHF,0.010519492140706313,-0.002230523259833227,-0.0012447229621979179,olie
2021-07,CHF,-0.002947439500752866,-0.0015879435358930557,-0.0012159596000881278,olie
2021-08,CHF,0.00881638363727981,-0.00021724492866355275,-0.0012201827217970661,olie
2021-09,CHF,-0.00010837171508844279,-0.001958729362788365,-0.0011957628523102612,olie
2021-10,CHF,-0.0015184384696237258,-0.0029501774889970763,-0.001193123553433509,olie
2021-11,CHF,-0.0003256798595794863,-0.0006600236495163932,-0.0011939112408819114,olie
2021-12,CHF,-0.002065105891243063,0.0002615405364793518,-0.0011918140636323889,olie
2022-01,CHF,0.004017595935534718,-0.003557787494313303,-0.0011939183812892818,olie
2022-02,CHF,0.007126690351279399,-0.0029104287942527066,-0.00118139070264307,olie
2022-03,CHF,0.01664571084286475,-0.003954346920897577,-0.001161467246878268,olie
2022-04,CHF,0.03677572416021486,0.0005734641956183732,-0.0011188663423573517,olie
2022-05,CHF,-0.010458415842841448,-0.00219386061022556,-0.001028425792231881,olie
2022-06,CHF,-0.00010307684387829419,-0.0022093856654318888,-0.0010508781494952373,olie
2022-07,CHF,-0.013177882008829134,0.000434850122066415,-0.0010486268399807076,olie
2022-08,CHF,0.016471082474039295,0.0006178698779929137,-0.0010773691508073628,olie
2022-09,CHF,0.021949870162866057,0.0007692385496843371,-0.0010358834495665904,olie
2022-10,CHF,-0.029478395382796077,-0.0015488510310511907,-0.0009816717665184001,olie
2022-11,CHF,-0.03626029620233205,-0.0006496646716514949,-0.0010487228809096419,olie
2022-12,CHF,-0.008083247116191128,0.0008930849724367829,-0.0011313791563120417,olie
2023-01,CHF,0.0018379377031753213,-0.0013993135419130861,-0.0011476598775295571,olie
2023-02,CHF,-0.0003240965836179138,-0.0011028233131732004,-0.0011406841822475364,olie
2023-03,CHF,-0.029607425789938496,-0.0002659257842450714,-0.0011387807146516632,olie
2023-04,CHF,-0.0008907694609708583,-0.002330229878228462,-0.0012049868659895397,olie
2023-05,CHF,0.0030031722699343233,0.0006183779891246427,-0.0012042578232864798,olie
2023-06,CHF,-0.03170570759340437,-0.0010144482337963564,-0.0011945184017743947,olie
2023-07,CHF,0.006854819483898877,-0.0022636183988078004,-0.0012649830419398217,olie
2023-08,CHF,0.023961999162088896,-0.0023045681872906395,-0.0012462738195300551,olie
2023-09,CHF,0.004325889947122588,-0.002386109196123523,-0.0011883237666987477,olie
2023-10,CHF,-0.014829953450529218,-0.0006227483665600632,-0.0011756764875386068,olie
2023-11,CHF,-0.028947890256755385,0.00013516995226950357,-0.0012069219725797753,olie
2023-12,CHF,-0.006612936680987752,-0.0002978909991218367,-0.0012702575166075732,olie
2024-01,CHF,0.02073568131332512,-0.0016752455934053927,-0.0012824276285993278,olie
2024-02,CHF,0.013026179544472119,-0.0017507099811648842,-0.0012323864719131358,olie
2024-03,CHF,0.023687512860837118,-0.0014645186223345916,-0.001200054122669632,olie
2024-04,CHF,-0.001209655395758194,-0.0017940996502748855,-0.0011437474100372638,olie
2024-05,CHF,-0.016643011467535787,0.00019095312816811523,-0.0011438961865287331,olie
2024-06,CHF,-0.0023522833585173653,-0.0012149531081131544,-0.0011788041038282985,olie
2024-07,CHF,-0.03864221056191426,-0.0015914160388258323,-0.0011814411358613078,olie
2024-08,CHF,-0.012550748291722896,-0.0004461872577841971,-0.0012654338924219645,olie
2024-09,CHF,0.01650608150793126,-0.00016338581588564555,-0.001290680680787291,olie
2024-10,CHF,0.022501236320622092,-0.0015001351215899077,-0.0012509557651874726,olie
2024-11,CHF,0.012073489395963727,-0.0009270892567755799,-0.0011980555600965828,olie
2024-12,CHF,0.019987340924612518,-0.0010379169362176948,-0.0011685632379720044,olie
2025-01,CHF,-0.006839519215822487,-0.002036266265045199,-0.001121654359562726,olie
1997-06,CHF,0.027354003082042555,0.0027330275013215367,-0.00037339488925006945,momentum
1997-07,CHF,0.020299842373097732,0.004333407226722424,-0.00014424283990054364,momentum
1997-08,CHF,-0.02856379240426049,0.005876723279466492,2.3331629058458624e-05,momentum
1997-09,CHF,-0.012732049601071938,0.003447645966095823,-0.0002090840134888499,momentum
1997-10,CHF,-0.0312776939557477,0.0024458363750528935,-0.00031007567145322965,momentum
1997-11,CHF,0.022768181885457484,0.0010923872402514973,-0.0005578166177275854,momentum
1997-12,CHF,0.024365503091364482,0.0010988722723976375,-0.00037268964548008485,momentum
1998-01,CHF,-0.007964914975872872,0.0010097238577479422,-0.00017790072629233236,momentum
1998-02,CHF,0.01828575939729782,3.5462442383620344e-05,-0.0002387367751171801,momentum
1998-03,CHF,0.01001610937690256,0.00038287522346556823,-9.513602959458322e-05,momentum
1998-04,CHF,-0.01749315744751717,0.0006521551360630215,-1.735721877537442e-05,momentum
1998-05,CHF,0.010693131244668641,0.0005391845883407796,-0.00015076027395660951,momentum
1998-06,CHF,0.012431604342145353,0.0006968293164944675,-6.860958063369094e-05,momentum
1998-07,CHF,-0.013502483234390905,0.0005381305730698929,2.5376990214271784e-05,momentum
1998-08,CHF,-0.06451619945987302,-0.00015198699460888365,-7.557719056636386e-05,momentum
1998-09,CHF,-0.04581958072459913,-0.0012506352069542128,-0.0005529151333019687,momentum
1998-10,CHF,0.03519187764951609,-0.002216903726929943,-0.0008857582626497422,momentum
1998-11,CHF,-0.018065759395226477,-0.0007260510967927489,-0.0006224178545317434,momentum
1998-12,CHF,0.018354484675130234,-0.0015405443326086117,-0.0007488188801889516,momentum
1999-01,CHF,0.029581224017574292,-0.0014739089241208676,-0.0006113850416614755,momentum
1999-02,CHF,0.026823120620851848,-0.000624609073483538,-0.00039572354838122,momentum
1999-03,CHF,0.020992300009194165,-0.0002958358980752895,-0.00020268210037247485,momentum
1999-04,CHF,0.007121731321810543,2.2349827480657914e-05,-5.342166298116048e-05,momentum
1999-05,CHF,0.01944104313743017,0.0004489958045696972,-3.245767982617099e-06,momentum
1999-06,CHF,0.006483425200322468,0.0007256171337805455,0.00013178401608274947,momentum
1999-07,CHF,-0.024930135949971566,0.0006760853171120185,0.0001755884380430234,momentum
1999-08,CHF,0.011135018690150211,0.0003128976839837642,3.6314216867590857e-06,momentum
1999-09,CHF,-0.024273358332730144,0.0015541407504001913,7.935514460147645e-05,momentum
1999-10,CHF,0.04251765596604967,0.0015668374476165545,-8.519021673184531e-05,momentum
1999-11,CHF,0.01899113920595269,0.0022386730911631075,0.0002007349254344736,momentum
1999-12,CHF,0.0039062549670650926,0.0031261904177954185,0.00032600428730459506,momentum
2000-01,CHF,0.02759779502825216,0.002886306649863765,0.0003497145567069824,momentum
2000-02,CHF,0.017463456178634373,0.0032564281521784643,0.0005289782440197797,momentum
2000-03,CHF,0.0012615266143054527,0.0032936279866559908,0.0006396611063375221,momentum
2000-04,CHF,0.031497270899787266,0.002865875006337758,0.0006436991940515995,momentum
2000-05,CHF,-0.04582771537047586,0.0037418127610648576,0.0008427544953789265,momentum
2000-06,CHF,0.006011129548721461,0.0017994417614011931,0.0005435848167516522,momentum
2000-07,CHF,0.03742862930100643,0.0018263956879820643,0.0005784099424329885,momentum
2000-08,CHF,0.02516326808280034,0.003360283869555061,0.0008116391788796558,momentum
2000-09,CHF,0.009000655141649383,0.00395963033109546,0.0009647940776464527,momentum
2000-10,CHF,0.0019141994359749281,0.004750564157372526,0.001015018209296471,momentum
2000-11,CHF,-0.05337063684841059,0.003833053803939521,0.0010206031858596913,momentum
2000-12,CHF,-0.03317553944474161,0.0017428395845912412,0.0006848547905864179,momentum
2001-01,CHF,0.02309823523860033,0.0008480165208794019,0.0004771223106150802,momentum
2001-02,CHF,0.013216838224660687,0.0009115746780210792,0.0006150559260296245,momentum
2001-03,CHF,0.013102805043778032,0.0009148148324718006,0.0006914303642031461,momentum
2001-04,CHF,0.022909914544843812,0.0011935116757588067,0.0007661976815499827,momentum
2001-05,CHF,0.01853998390573519,0.0011792092111572216,0.000898794788515814,momentum
2001-06,CHF,-0.016146683999894718,0.002418927755276804,0.0010038018665945007,momentum
2001-07,CHF,-0.04433793865630642,0.0018801658174248605,0.0009023197017040321,momentum
2001-08,CHF,-0.0283612806230219,0.00025078353170357394,0.0006362005348922059,momentum
2001-09,CHF,0.0011622573567110495,-0.0007848269450632167,0.0004666246216880298,momentum
2001-10,CHF,0.009249746469342957,-0.00089380991248701,0.0004706689980544427,momentum
2001-11,CHF,0.0034467154303409187,-0.0006880550363143288,0.0005214151106052434,momentum
2001-12,CHF,0.008595094235933964,0.00022661044735470658,0.0005382271814083219,momentum
2002-01,CHF,0.015499582834128667,0.0009197748354842967,0.000584266421719897,momentum
2002-02,CHF,-0.013466818771728839,0.000887458910026464,0.0006690125376994923,momentum
2002-03,CHF,-0.012077659204691615,0.0003924475040749325,0.0005891490839739085,momentum
2002-04,CHF,-0.04027555536348465,-6.968353404540221e-05,0.0005179872396555629,momentum
2002-05,CHF,-0.03132447365995411,-0.0013436370776266392,0.00029009035360450024,momentum
2002-06,CHF,-0.04523133774186855,-0.002517888766949855,0.00011445388686250798,momentum
2002-07,CHF,0.017110555537775296,-0.0037619756074696,-0.00013607534865534316,momentum
2002-08,CHF,-0.002742201497655694,-0.002212699875214061,-4.1313640488141855e-05,momentum
2002-09,CHF,6.697250781056985e-05,-0.00173810956328517,-5.60725905273088e-05,momentum
2002-10,CHF,-0.01852029954867901,-0.001742620498905191,-5.540386716677685e-05,momentum
2002-11,CHF,-0.018591735670280884,-0.002427801481694905,-0.00015521411409387,momentum
2002-12,CHF,-0.04426538723880685,-0.003052090510678603,-0.0002543351977292841,momentum
2003-01,CHF,-0.011912297841123687,-0.004794536088345385,-0.0004896884172002871,momentum
2003-02,CHF,0.0008818342723126427,-0.005571816629842704,-0.0005504469779658371,momentum
2003-03,CHF,0.012337273686542194,-0.005091789932522778,-0.000542868770292406,momentum
2003-04,CHF,-0.04998437619503715,-0.004203105856013644,-0.00047507854683538175,momentum
2003-05,CHF,0.006462180849070354,-0.005236041656053902,-0.0007342895292866999,momentum
2003-06,CHF,0.030964535983601493,-0.004133971519087458,-0.0006968079127327571,momentum
2003-07,CHF,0.014587086745855071,-0.002027374694328766,-0.0005327594987621133,momentum
2003-08,CHF,-0.004935772523076809,-0.001964097680174087,-0.00045482214698573605,momentum
2003-09,CHF,-0.038647494661328385,-0.0020314846094661386,-0.000477801379683639,momentum
2003-10,CHF,0.007234394777044295,-0.003151013277555065,-0.000672544712753255,momentum
2003-11,CHF,-0.05201280135867009,-0.0024901121452092444,-0.0006324079640740797,momentum
2003-12,CHF,-0.0201332996954047,-0.0036562386111901094,-0.0008919049004104232,momentum
2004-01,CHF,0.004589564801679796,-0.0032456929024803445,-0.000988595326515922,momentum
2004-02,CHF,0.026164974744115832,-0.0027884134489948877,-0.0009607045258749435,momentum
2004-03,CHF,0.014836952173452822,-0.0020005594155124307,-0.0008257508976660342,momentum
2004-04,CHF,-0.010074480744657777,-0.0018442020274669984,-0.0007482127636505942,momentum
2004-05,CHF,-0.026518798096084012,-0.0009835082859655912,-0.0007941549704535853,momentum
2004-06,CHF,-0.004087362933500788,-0.001862688669595483,-0.0009202561622458912,momentum
2004-07,CHF,0.013639294191362783,-0.002676808356388459,-0.0009357054635690859,momentum
2004-08,CHF,0.00047520989330837593,-0.0025837135117768107,-0.000864953038059708,momentum
2004-09,CHF,-0.023960439487779955,-0.0024414632360563984,-0.0008584788209999587,momentum
2004-10,CHF,-0.05150674611625275,-0.002248751912613379,-0.000969545939590247,momentum
2004-11,CHF,-0.021229654750132443,-0.003946141632767967,-0.0012113507251245172,momentum
2004-12,CHF,0.028122419137112997,-0.003352934498894368,-0.00130667598238646,momentum
2005-01,CHF,0.010628526877806327,-0.001981293487114329,-0.0011672015979338557,momentum
2005-02,CHF,-0.013686113768116237,-0.00177429267002608,-0.001111561369274704,momentum
2005-03,CHF,0.016702201845391562,-0.0027760169601764324,-0.0011705968265462606,momentum
2005-04,CHF,0.018072281632662224,-0.002608910491963946,-0.0010870790757428128,momentum
2005-05,CHF,0.03970405141891381,-0.0018422457742314356,-0.0009979657701223242,momentum
2005-06,CHF,0.02186732974986244,-0.0001658391858360121,-0.000809530505358268,momentum
2005-07,CHF,-0.024713856539467977,0.0005220350727357986,-0.0007050288451959606,momentum
2005-08,CHF,0.0033201611527381714,-0.0004583725269359029,-0.0008151610823256487,momentum
2005-09,CHF,0.016359802859436445,-0.0003786121995745584,-0.0007962783323938505,momentum
2005-10,CHF,0.017699577099400843,0.0005850913569625018,-0.0007182961451582582,momentum
2005-11,CHF,-0.004357305368955733,0.002229951952908668,-0.0006349573521964524,momentum
2005-12,CHF,-0.021684424346012837,0.002532571023736878,-0.000651724685605278,momentum
2006-01,CHF,0.021607810670434296,0.001207982038668155,-0.0007460417244411863,momentum
2006-02,CHF,-0.0001532449623717902,0.0015993669476813655,-0.0006462477405354922,momentum
2006-03,CHF,-0.01700195514115735,0.0018741026000939154,-0.0006440566170769868,momentum
2006-04,CHF,-0.05117023513436478,0.001003569512714748,-0.0007164366990419441,momentum
2006-05,CHF,0.010689180149350969,-0.0006736123742453591,-0.0009387001282724413,momentum
2006-06,CHF,0.004453989628233818,-0.001177027250268292,-0.0008877006533705841,momentum
2006-07,CHF,-0.004697506005913482,-0.0014839542964822814,-0.0008643744949356305,momentum
2006-08,CHF,0.01106054144929225,-0.0011167852493425175,-0.000881040284113795,momentum
2006-09,CHF,0.01173338280571995,-0.0009159728256127984,-0.0008293451250947213,momentum
2006-10,CHF,-0.019713756463528437,-0.000949386745637499,-0.0007751954357377614,momentum
2006-11,CHF,-0.021018970496994527,-0.00174465161761633,-0.0008564768135394382,momentum
2006-12,CHF,0.02707054825023769,-0.0021651618717635746,-0.0009426413164601864,momentum
2007-01,CHF,-0.0030615557268412197,-0.0010853967073163715,-0.000823436254474238,momentum
2007-02,CHF,-0.017500751896354916,-0.0015567890781651213,-0.0008329198115605387,momentum
2007-03,CHF,-0.004444085990825686,-0.00196173715092345,-0.0009032482169816121,momentum
2007-04,CHF,0.007150225655328218,-0.0017359055148956368,-0.0009181256866196124,momentum
2007-05,CHF,0.009698132325368147,-0.0005909375019501738,-0.0008843668943938893,momentum
2007-06,CHF,-0.021395135540492077,-0.0005659734094260488,-0.0008402731476448808,momentum
2007-07,CHF,-0.003486059307281242,-0.001141077044329061,-0.0009255630330923795,momentum
2007-08,CHF,-0.014657492617160844,-0.001128033595394289,-0.0009361435962088624,momentum
2007-09,CHF,-0.009409640063244129,-0.0016703693754488336,-0.000992610053085208,momentum
2007-10,CHF,-0.044231114988642545,-0.002107354050330317,-0.001027106077717007,momentum
2007-11,CHF,0.014932903949958054,-0.002813891477188045,-0.0012034489712309886,momentum
2007-12,CHF,-0.03534819997182315,-0.0020053498725262206,-0.0011378540406570493,momentum
2008-01,CHF,-0.010595641692697999,-0.003404053451702984,-0.0012763574654795842,momentum
2008-02,CHF,-0.0727385633971517,-0.003613631808244742,-0.0013139352244603037,momentum
2008-03,CHF,0.001184366502440276,-0.0054700294124700784,-0.0016007811207361725,momentum
2008-04,CHF,0.030119832483917548,-0.005251204810171453,-0.0015896405302434668,momentum
2008-05,CHF,-0.0073971229264781085,-0.004318777566770282,-0.0014633079684340604,momentum
2008-06,CHF,-0.00852140336054354,-0.004704752935742548,-0.0014868548531882036,momentum
2008-07,CHF,0.05284319643210121,-0.004482116129715427,-0.0015146593927429675,momentum
2008-08,CHF,0.023790029588814862,-0.002847079385751778,-0.0013006520863459432,momentum
2008-09,CHF,0.02902871264749128,-0.0020096030573055305,-0.0012022572562472734,momentum
2008-10,CHF,0.041224398451747885,-0.0012162645831452332,-0.0010841675300607948,momentum
2008-11,CHF,-0.04341421231678316,0.00038484197365098235,-0.0009195427597035625,momentum
2008-12,CHF,-0.012086071868396733,-0.0007863955284135562,-0.0010842507812426306,momentum
2009-01,CHF,0.03248342877781034,-0.00046883324323570685,-0.0011267288549382064,momentum
2009-02,CHF,-0.007243284233495212,0.00036883875045378453,-0.0009974590178891737,momentum
2009-03,CHF,-0.006424748614669212,0.001358425119160351,-0.0010213893826999246,momentum
2009-04,CHF,-0.035912889802959466,0.0011532895811508974,-0.0010420128912188914,momentum
2009-05,CHF,-0.024401484874649493,-0.00013832736413987195,-0.0011746017768148632,momentum
2009-06,CHF,-0.0026865549532146815,-0.000498486152844557,-0.0012625823946096912,momentum
2009-07,CHF,-0.009038872517100768,-0.00043287113128478636,-0.0012679558759629175,momentum
2009-08,CHF,-0.027713646093240805,-0.001274673448620812,-0.0012971698482980222,momentum
2009-09,CHF,-0.017278628274547597,-0.002037124103396422,-0.001396107961574962,momentum
2009-10,CHF,-0.008061388524421764,-0.002714224150641353,-0.0014553710970711283,momentum
2009-11,CHF,0.01664094783001613,-0.0034053315864843933,-0.0014799287826746624,momentum
2009-12,CHF,0.0042623332959499695,-0.002453529684947357,-0.0014128144248498817,momentum
2010-01,CHF,0.035794394207839704,-0.0022144062756333663,-0.0013918729203450852,momentum
2010-02,CHF,-0.005236593226935565,-0.0019813855304287352,-0.0012551587029620529,momentum
2010-03,CHF,0.0022476128585433436,-0.0019746833077011567,-0.001269742712207377,momentum
2010-04,CHF,0.055051424883012734,-0.0018558619248015106,-0.0012569056480805497,momentum
2010-05,CHF,-0.00354767556127103,-0.0006553592509419815,-0.0010521480825129378,momentum
2010-06,CHF,-0.06658414821281144,-0.0004518277459060028,-0.0010611898487403223,momentum
2010-07,CHF,-0.013577032345382108,-0.0013440834560562113,-0.0012977348247839003,momentum
2010-08,CHF,-0.037866220803790034,-0.0014294686714908448,-0.001341904959750081,momentum
2010-09,CHF,-0.03210352901567452,-0.0016546367769499177,-0.0014728164860728045,momentum
2010-10,CHF,0.016485296284627634,-0.0019065505926740508,-0.001582211887964239,momentum
2010-11,CHF,-0.016175618862797985,-0.0016083263480636927,-0.001517914705855371,momentum
2010-12,CHF,-0.012880618510650838,-0.001963787411012335,-0.0015698923801707703,momentum
2011-01,CHF,-0.006818804285721111,-0.0021697131194725904,-0.0016098596103138096,momentum
2011-02,CHF,-0.03372007993940615,-0.002595391853993054,-0.0016282009648046804,momentum
2011-03,CHF,-0.023463102009127074,-0.003106437677901079,-0.0017408040489260892,momentum
2011-04,CHF,-0.02619842699051779,-0.003578003267800337,-0.0018167561396960226,momentum
2011-05,CHF,-0.03955944328473404,-0.004838993761727308,-0.001901709696667527,momentum
2011-06,CHF,-0.02251073084834318,-0.006095592623653178,-0.0020324657160705356,momentum
2011-07,CHF,-0.05171628183882079,-0.005797113467000846,-0.002103324764971133,momentum
2011-08,CHF,0.1168709389109025,-0.007394045549558839,-0.0022744039272947526,momentum
2011-09,CHF,0.021552315178659798,-0.0029295880795273746,-0.0018649697594658966,momentum
2011-10,CHF,0.013417066604511807,-0.0022752914692256753,-0.0017847735781709455,momentum
2011-11,CHF,0.027699593138003686,-0.0022356302133190275,-0.0017328901645781711,momentum
2011-12,CHF,0.004489585307032917,-0.0017394976974555202,-0.0016327796771544237,momentum
2012-01,CHF,-0.02790275104340706,-0.0015734645970867148,-0.001612025897547009,momentum
2012-02,CHF,0.0014247358429533563,-0.001837375279401875,-0.0017008459149316713,momentum
2012-03,CHF,0.00021901007533881023,-0.001535314952700328,-0.0016903220706290282,momentum
2012-04,CHF,0.027005313598370745,-0.0013330561688878865,-0.0016839149157767865,momentum
2012-05,CHF,0.020360426947759393,-0.0007642889947541576,-0.0015879643187395043,momentum
2012-06,CHF,0.02138621721961969,-8.618610732698826e-05,-0.0015148030145178413,momentum
2012-07,CHF,-0.0104809837373573,0.0005794892073317937,-0.0014387198908163874,momentum
2012-08,CHF,-0.030945984365708515,0.000813310554402371,-0.0014686611618314235,momentum
2012-09,CHF,-0.0067347520576692965,-0.0008948073486225956,-0.0015659460568937242,momentum
2012-10,CHF,0.006947812674220441,-0.0011331913108796393,-0.001582948708212065,momentum
2012-11,CHF,-0.018816747861982036,-0.0011461183390787141,-0.0015549789987614664,momentum
2012-12,CHF,0.002276793958002163,-0.0015512287936308826,-0.0016113900081183965,momentum
2013-01,CHF,-0.0023853421263583946,-0.0015545196391296395,-0.0015987249137662122,momentum
2013-02,CHF,0.02719944952561746,-0.0013746537572730843,-0.001601278865755148,momentum
2013-03,CHF,-0.010620320722706238,-0.001083317787974747,-0.0015080726250063692,momentum
2013-04,CHF,0.020187759522692604,-0.0012014137620380162,-0.0015374669737086269,momentum
2013-05,CHF,-0.02393168003215764,-0.001171257421774915,-0.0014676109399581407,momentum
2013-06,CHF,0.012566725548603858,-0.0015764709905790875,-0.0015396111614074982,momentum
2013-07,CHF,-0.020096881612356857,-0.0015952255304672483,-0.0014945429930049061,momentum
2013-08,CHF,-0.003244649180117465,-0.001725642470681225,-0.0015537861096270463,momentum
2013-09,CHF,-0.02256888078906992,-0.0015272998308071086,-0.0015591539288984445,momentum
2013-10,CHF,0.011457655363999175,-0.0017098566836622271,-0.0016256404063040501,momentum
2013-11,CHF,-0.021703874863241754,-0.0016350266409026447,-0.0015843681798993082,momentum
2013-12,CHF,0.01168562626938599,-0.001719521647120228,-0.0016476370688406367,momentum
2014-01,CHF,-0.011237948589833013,-0.001608670500755497,-0.0016058400050844406,momentum
2014-02,CHF,-0.014880220451085571,-0.0017031939474139402,-0.0016359403444117793,momentum
2014-03,CHF,0.0026087464463205867,-0.0020522455341764087,-0.001677199783996433,momentum
2014-04,CHF,0.006210849393073897,-0.0019385228356569285,-0.0016638893919768151,momentum
2014-05,CHF,0.00840764999754448,-0.00201012843535849,-0.001639509395738268,momentum
2014-06,CHF,0.0022301525746320494,-0.0017435446881113865,-0.0016084996445244323,momentum
2014-07,CHF,0.013277468788071983,-0.0018031551542874256,-0.0015966884069270279,momentum
2014-08,CHF,0.02945848710251847,-0.001524118758074187,-0.0015510621578626134,momentum
2014-09,CHF,0.01672173580266808,-0.001203605082929596,-0.0014562317319898887,momentum
2014-10,CHF,0.011893723930431518,-0.000864085448654398,-0.0014008110992622725,momentum
2014-11,CHF,0.011446374006447449,-0.0008018874386349309,-0.0013604021781993734,momentum
2014-12,CHF,-0.032301203708945764,-0.0004931474995194227,-0.0013215937655186255,momentum
2015-01,CHF,-0.008721603891324488,-0.000985434087165268,-0.0014151877532631186,momentum
2015-02,CHF,0.04562616082677539,-0.0010011958791197539,-0.0014371950307873998,momentum
2015-03,CHF,-0.02093615375671981,-0.00035793692818445984,-0.0012958636318157397,momentum
2015-04,CHF,-0.02950877743756871,-0.0006670834776045879,-0.0013546668956627577,momentum
2015-05,CHF,0.0005365670569255354,-0.0010455806130379968,-0.0014387090166833726,momentum
2015-06,CHF,0.023957049936876043,-0.0010851492897260557,-0.001432830218845251,momentum
2015-07,CHF,0.01435132784306311,-0.0008506734556934391,-0.001357489328175455,momentum
2015-08,CHF,0.00412159264555079,-0.0007717514250682481,-0.0013110135377280036,momentum
2015-09,CHF,-0.00391510906026216,-0.0009187106379158452,-0.0012949881507566797,momentum
2015-10,CHF,0.04155260399247612,-0.0010677520199634087,-0.0013026943887258135,momentum
2015-11,CHF,-0.014664335803698943,-0.0007185583029137308,-0.0011770190269041068,momentum
2015-12,CHF,0.013078607027414042,-0.0009535569397398351,-0.0012164556256666647,momentum
2016-01,CHF,-0.016198734363657666,-0.0005902950060472541,-0.001174779058164972,momentum
2016-02,CHF,-0.011048716115527686,-0.0007146723601217911,-0.0012184533468437295,momentum
2016-03,CHF,-0.01820569697322465,-0.0011242760467661602,-0.0012469468621152772,momentum
2016-04,CHF,0.014734180315505115,-0.0011580447136191638,-0.001295960590760102,momentum
2016-05,CHF,-0.008422399828919038,-0.0008261354103119196,-0.0012497642192723058,momentum
2016-06,CHF,0.013828645464460013,-0.0009131527526227947,-0.0012703752411391067,momentum
2016-07,CHF,-0.012179670546858219,-0.0009240992232839037,-0.001227111571495556,momentum
2016-08,CHF,0.0021601613090591817,-0.0011318071534231224,-0.0012584045971394497,momentum
2016-09,CHF,0.014688146561656972,-0.0011346099812770893,-0.0012486650931331856,momentum
2016-10,CHF,0.008770659579786066,-0.0009680551429957762,-0.0012033900600229867,momentum
2016-11,CHF,0.022921080855130883,-0.0011520359165573032,-0.0011751349618932159,momentum
2016-12,CHF,-0.011742204085103314,-0.0008365636574576241,-0.001107066555630436,momentum
2017-01,CHF,-0.006472514505617634,-0.0010325999892189552,-0.001137024689516275,momentum
2017-02,CHF,0.0004993757906525255,-0.0009856421931013941,-0.0011520120204603801,momentum
2017-03,CHF,-0.0005992808808999548,-0.0009067499367956917,-0.0011473862842947978,momentum
2017-04,CHF,-0.014288832361852046,-0.0007921884726875741,-0.0011458552636149238,momentum
2017-05,CHF,-0.01903065413709521,-0.0010221121326535268,-0.0011824652276768656,momentum
2017-06,CHF,-0.007985523378927599,-0.0011403233042985151,-0.001232043530203028,momentum
2017-07,CHF,0.005089069507471289,-0.0012928036174430187,-0.0012507512306150072,momentum
2017-08,CHF,-0.002904867692630167,-0.0011699237677994098,-0.0012332379136589676,momentum
2017-09,CHF,0.020159070001789223,-0.0012055756862212829,-0.001237842954372387,momentum
2017-10,CHF,0.009525811796122182,-0.001113262611012046,-0.0011790602264708443,momentum
2017-11,CHF,-0.004548908526369145,-0.0010791438849463396,-0.0011497318099705893,momentum
2017-12,CHF,-0.02732017508638338,-0.0012572935608482104,-0.0011590191780481809,momentum
2018-01,CHF,-0.026268718632953887,-0.0014274205701953176,-0.001230302981613127,momentum
2018-02,CHF,0.013273356540877454,-0.001629365684241176,-0.0012983421545787264,momentum
2018-03,CHF,0.021600464177317473,-0.0014986474061691713,-0.0012588524562170567,momentum
2018-04,CHF,0.028695497596319067,-0.0012935985284982783,-0.0011970705193696661,momentum
2018-05,CHF,-0.006945520900022694,-0.0009576484934310182,-0.0011164975594891034,momentum
2018-06,CHF,0.004836768800614017,-0.0009042832383369937,-0.001132166977071183,momentum
2018-07,CHF,-0.006859014181381815,-0.0008108626561921565,-0.0011161644682838234,momentum
2018-08,CHF,-0.020140741130382327,-0.0009008858333149813,-0.0011315196814204488,momentum
2018-09,CHF,0.026195250039088555,-0.001057047703258492,-0.0011822109386176807,momentum
2018-10,CHF,0.007117467768864086,-0.000946081042770963,-0.001109398542400377,momentum
2018-11,CHF,-0.009232378673490055,-0.0009370407745072108,-0.0010875766158452988,momentum
2018-12,CHF,-0.0022204288493026057,-0.00098753646108383,-0.0011091237112358934,momentum
2019-01,CHF,0.011752432993199006,-0.0008459679563026369,-0.0011120559147664124,momentum
2019-02,CHF,-0.0008991458720564159,-0.0005802135461895543,-0.001078201996587556,momentum
2019-03,CHF,0.007865041289976678,-0.0006655968921465556,-0.0010777320330061094,momentum
2019-04,CHF,0.002278243766852088,-0.0007158377860650691,-0.0010543216316370445,momentum
2019-05,CHF,-0.022715741332749007,-0.000867381252773551,-0.0010456204164973862,momentum
2019-06,CHF,0.0,-0.0010231175897053412,-0.001102053023050125,momentum
2019-07,CHF,-0.009457537316093965,-0.0010492406835894042,-0.0010991905476655792,momentum
2019-08,CHF,0.012085659722363525,-0.0010866194292178982,-0.001120844295770316,momentum
2019-09,CHF,0.0024198438910352227,-0.0008603442642385343,-0.0010867189623901252,momentum
2019-10,CHF,-0.00010071000562416037,-0.0009931643499868955,-0.0010776814292627404,momentum
2019-11,CHF,-0.010427834305000529,-0.001034118273291822,-0.0010751699346004304,momentum
2019-12,CHF,-0.013112255063295997,-0.0010654713050074714,-0.001099151125293764,momentum
2020-01,CHF,0.006577618781795171,-0.001161330421606734,-0.001129875176286097,momentum
2020-02,CHF,-0.017463631629145132,-0.0011723323593162745,-0.0011102132019032366,momentum
2020-03,CHF,0.01119530714333588,-0.001313598161963899,-0.0011518249536264984,momentum
2020-04,CHF,-0.0009281700248672045,-0.001259764819989536,-0.0011204870549032437,momentum
2020-05,CHF,-0.01864151872995924,-0.0012778123956650245,-0.0011200001763461904,momentum
2020-06,CHF,-0.019745864479593582,-0.0013003805086279252,-0.001164246435319961,momentum
2020-07,CHF,-0.024748902370172632,-0.0014705590778453007,-0.0012110515185549068,momentum
2020-08,CHF,0.005480066322844465,-0.0016379238319836633,-0.0012701918473278157,momentum
2020-09,CHF,-0.002736279275256673,-0.001655434054945194,-0.0012532739070516947,momentum
2020-10,CHF,-0.0015355931502746,-0.0016918388504123202,-0.001256981420472207,momentum
2020-11,CHF,-0.025120805239686003,-0.0017003038848186318,-0.001257676212815854,momentum
2020-12,CHF,-0.0021409665060098115,-0.0018880008016475733,-0.0013170372302956305,momentum
2021-01,CHF,0.012777578012500443,-0.0018150810275491883,-0.0013190817198135316,momentum
2021-02,CHF,0.03491080572972134,-0.0017181725680644449,-0.0012841889977038435,momentum
2021-03,CHF,-0.008641228970076464,-0.001279710507920908,-0.0011948186403521763,momentum
2021-04,CHF,-0.02093800798229868,-0.0014142273860959695,-0.0012131595524943544,momentum
2021-05,CHF,0.0056338177182561205,-0.0015887699915566123,-0.0012616235535503847,momentum
2021-06,CHF,0.010519492140706313,-0.001421776823622428,-0.0012447229621979179,momentum
2021-07,CHF,-0.002947439500752866,-0.0012134520862778354,-0.0012159596000881278,momentum
2021-08,CHF,0.00881638363727981,-0.0010906668669741853,-0.0012201827217970661,momentum
2021-09,CHF,-0.00010837171508844279,-0.001045649687416733,-0.0011957628523102612,momentum
2021-10,CHF,-0.0015184384696237258,-0.0010277364528655248,-0.001193123553433509,momentum
2021-11,CHF,-0.0003256798595794863,-0.001028924899360884,-0.0011939112408819114,momentum
2021-12,CHF,-0.002065105891243063,-0.0008809982546129792,-0.0011918140636323889,momentum
2022-01,CHF,0.004017595935534718,-0.000884267813129334,-0.0011939183812892818,momentum
2022-02,CHF,0.007126690351279399,-0.0009209855245423961,-0.00118139070264307,momentum
2022-03,CHF,0.01664571084286475,-0.001065334596128954,-0.001161467246878268,momentum
2022-04,CHF,0.03677572416021486,-0.0008673082776172972,-0.0011188663423573517,momentum
2022-05,CHF,-0.010458415842841448,-0.00038480540535944143,-0.001028425792231881,momentum
2022-06,CHF,-0.00010307684387829419,-0.000535055152588578,-0.0010508781494952373,momentum
2022-07,CHF,-0.013177882008829134,-0.0005998083986500371,-0.0010486268399807076,momentum
2022-08,CHF,0.016471082474039295,-0.0007080662891020123,-0.0010773691508073628,momentum
2022-09,CHF,0.021949870162866057,-0.0006024871885525595,-0.0010358834495665904,momentum
2022-10,CHF,-0.029478395382796077,-0.0003737516605032727,-0.0009816717665184001,momentum
2022-11,CHF,-0.03626029620233205,-0.000672453164253728,-0.0010487228809096419,momentum
2022-12,CHF,-0.008083247116191128,-0.000987597536896081,-0.0011313791563120417,momentum
2023-01,CHF,0.0018379377031753213,-0.0010379789026027167,-0.0011476598775295571,momentum
2023-02,CHF,-0.0003240965836179138,-0.0010427520702425666,-0.0011406841822475364,momentum
2023-03,CHF,-0.029607425789938496,-0.0010813746238229,-0.0011387807146516632,momentum
2023-04,CHF,-0.0008907694609708583,-0.001395460874559664,-0.0012049868659895397,momentum
2023-05,CHF,0.0030031722699343233,-0.001595028725910218,-0.0012042578232864798,momentum
2023-06,CHF,-0.03170570759340437,-0.0015073937238686717,-0.0011945184017743947,momentum
2023-07,CHF,0.006854819483898877,-0.0017852891832453488,-0.0012649830419398217,momentum
2023-08,CHF,0.023961999162088896,-0.0016365994272789625,-0.0012462738195300551,momentum
2023-09,CHF,0.004325889947122588,-0.0015069991009387523,-0.0011883237666987477,momentum
2023-10,CHF,-0.014829953450529218,-0.001574843026369189,-0.0011756764875386068,momentum
2023-11,CHF,-0.028947890256755385,-0.0015507662820777343,-0.0012069219725797753,momentum
2023-12,CHF,-0.006612936680987752,-0.001602122463374028,-0.0012702575166075732,momentum
2024-01,CHF,0.02073568131332512,-0.0016094321556461338,-0.0012824276285993278,momentum
2024-02,CHF,0.013026179544472119,-0.0014375599926093844,-0.0012323864719131358,momentum
2024-03,CHF,0.023687512860837118,-0.0013288144560363215,-0.001200054122669632,momentum
2024-04,CHF,-0.001209655395758194,-0.0009945435746990564,-0.0011437474100372638,momentum
2024-05,CHF,-0.016643011467535787,-0.0009967137410161002,-0.0011438961865287331,momentum
2024-06,CHF,-0.0023522833585173653,-0.0011339132482139573,-0.0011788041038282985,momentum
2024-07,CHF,-0.03864221056191426,-0.0009893112218095866,-0.0011814411358613078,momentum
2024-08,CHF,-0.012550748291722896,-0.0012994540110891674,-0.0012654338924219645,momentum
2024-09,CHF,0.01650608150793126,-0.0014954103264010012,-0.001290680680787291,momentum
2024-10,CHF,0.022501236320622092,-0.0013919576993400126,-0.0012509557651874726,momentum
2024-11,CHF,0.012073489395963727,-0.0011729335398047891,-0.0011980555600965828,momentum
2024-12,CHF,0.019987340924612518,-0.0009670154245647686,-0.0011685632379720044,momentum
2025-01,CHF,-0.006839519215822487,-0.0007877984834445003,-0.001121654359562726,momentum
1997-06,CHF,0.027354003082042555,-0.004712030293725892,-0.00037339488925006945,afvigelse
1997-07,CHF,0.020299842373097732,-0.004164186563380324,-0.00014424283990054364,afvigelse
1997-08,CHF,-0.02856379240426049,-0.0035214242323494,2.3331629058458624e-05,afvigelse
1997-09,CHF,-0.012732049601071938,-0.003957213430201063,-0.0002090840134888499,afvigelse
1997-10,CHF,-0.0312776939557477,-0.003947655204098609,-0.00031007567145322965,afvigelse
1997-11,CHF,0.022768181885457484,-0.003988204786972227,-0.0005578166177275854,afvigelse
1997-12,CHF,0.024365503091364482,-0.003892398284975056,-0.00037268964548008485,afvigelse
1998-01,CHF,-0.007964914975872872,-0.0036332856229506763,-0.00017790072629233236,afvigelse
1998-02,CHF,0.01828575939729782,-0.003623796110737826,-0.0002387367751171801,afvigelse
1998-03,CHF,0.01001610937690256,-0.0033417162254879363,-9.513602959458322e-05,afvigelse
1998-04,CHF,-0.01749315744751717,-0.003085230576718192,-1.735721877537442e-05,afvigelse
1998-05,CHF,0.010693131244668641,-0.0032399090359738533,-0.00015076027395660951,afvigelse
1998-06,CHF,0.012431604342145353,-0.0030294202091969502,-6.860958063369094e-05,afvigelse
1998-07,CHF,-0.013502483234390905,-0.002767616107200022,2.5376990214271784e-05,afvigelse
1998-08,CHF,-0.06451619945987302,-0.0028888667339195522,-7.557719056636386e-05,afvigelse
1998-09,CHF,-0.04581958072459913,-0.0031860813881694036,-0.0005529151333019687,afvigelse
1998-10,CHF,0.03519187764951609,-0.002827089075745691,-0.0008857582626497422,afvigelse
1998-11,CHF,-0.018065759395226477,-0.003196674786092139,-0.0006224178545317434,afvigelse
1998-12,CHF,0.018354484675130234,-0.003033352565690574,-0.0007488188801889516,afvigelse
1999-01,CHF,0.029581224017574292,-0.0031816673732180147,-0.0006113850416614755,afvigelse
1999-02,CHF,0.026823120620851848,-0.0032975108397549956,-0.00039572354838122,afvigelse
1999-03,CHF,0.020992300009194165,-0.0032209400569456915,-0.00020268210037247485,afvigelse
1999-04,CHF,0.007121731321810543,-0.0030181035559768213,-5.342166298116048e-05,afvigelse
1999-05,CHF,0.01944104313743017,-0.002861015894937039,-3.245767982617099e-06,afvigelse
1999-06,CHF,0.006483425200322468,-0.002531883849957256,0.00013178401608274947,afvigelse
1999-07,CHF,-0.024930135949971566,-0.002333520509731008,0.0001755884380430234,afvigelse
1999-08,CHF,0.011135018690150211,-0.0025730682424152758,3.6314216867590857e-06,afvigelse
1999-09,CHF,-0.024273358332730144,-0.0023790912094196746,7.935514460147645e-05,afvigelse
1999-10,CHF,0.04251765596604967,-0.002487945393095716,-8.519021673184531e-05,afvigelse
1999-11,CHF,0.01899113920595269,-0.002112186566719053,0.0002007349254344736,afvigelse
1999-12,CHF,0.0039062549670650926,-0.0017651495942328614,0.00032600428730459506,afvigelse
2000-01,CHF,0.02759779502825216,-0.0016226512956846162,0.0003497145567069824,afvigelse
2000-02,CHF,0.017463456178634373,-0.0010399879897930722,0.0005289782440197797,afvigelse
2000-03,CHF,0.0012615266143054527,-0.0005687679834829667,0.0006396611063375221,afvigelse
2000-04,CHF,0.031497270899787266,-0.0004908854639569291,0.0006436991940515995,afvigelse
2000-05,CHF,-0.04582771537047586,0.00035938453817735216,0.0008427544953789265,afvigelse
2000-06,CHF,0.006011129548721461,-0.0007830887862557421,0.0005435848167516522,afvigelse
2000-07,CHF,0.03742862930100643,-0.0006318374634447834,0.0005784099424329885,afvigelse
2000-08,CHF,0.02516326808280034,0.00010865759426675274,0.0008116391788796558,afvigelse
2000-09,CHF,0.009000655141649383,0.0007455291120873756,0.0009647940776464527,afvigelse
2000-10,CHF,0.0019141994359749281,0.0009793772824291706,0.001015018209296471,afvigelse
2000-11,CHF,-0.05337063684841059,0.0010057284892170007,0.0010206031858596913,afvigelse
2000-12,CHF,-0.03317553944474161,-0.00016103430560762287,0.0006848547905864179,afvigelse
2001-01,CHF,0.02309823523860033,-0.0004975557421483671,0.0004771223106150802,afvigelse
2001-02,CHF,0.013216838224660687,-0.0002759908037466366,0.0006150559260296245,afvigelse
2001-03,CHF,0.013102805043778032,-0.00010997846848435341,0.0006914303642031461,afvigelse
2001-04,CHF,0.022909914544843812,6.443480760193285e-05,0.0007661976815499827,afvigelse
2001-05,CHF,0.01853998390573519,0.00038280903070273795,0.000898794788515814,afvigelse
2001-06,CHF,-0.016146683999894718,0.0006823154839828837,0.0010038018665945007,afvigelse
2001-07,CHF,-0.04433793865630642,0.00042329319160186565,0.0009023197017040321,afvigelse
2001-08,CHF,-0.0283612806230219,-4.172157619919409e-05,0.0006362005348922059,afvigelse
2001-09,CHF,0.0011622573567110495,-0.00015677909590077672,0.0004666246216880298,afvigelse
2001-10,CHF,0.009249746469342957,-0.0001258387150889586,0.0004706689980544427,afvigelse
2001-11,CHF,0.0034467154303409187,-7.426974718980012e-05,0.0005214151106052434,afvigelse
2001-12,CHF,0.008595094235933964,-4.218148933963291e-05,0.0005382271814083219,afvigelse
2002-01,CHF,0.015499582834128667,2.6192408319869855e-06,0.000584266421719897,afvigelse
2002-02,CHF,-0.013466818771728839,7.678580853504339e-05,0.0006690125376994923,afvigelse
2002-03,CHF,-0.012077659204691615,3.09926618463062e-05,0.0005891490839739085,afvigelse
2002-04,CHF,-0.04027555536348465,8.321744607699437e-06,0.0005179872396555629,afvigelse
2002-05,CHF,-0.03132447365995411,-2.119079457030426e-05,0.00029009035360450024,afvigelse
2002-06,CHF,-0.04523133774186855,1.814084911498599e-05,0.00011445388686250798,afvigelse
2002-07,CHF,0.017110555537775296,9.600723275827582e-05,-0.00013607534865534316,afvigelse
2002-08,CHF,-0.002742201497655694,6.515278292940026e-05,-4.1313640488141855e-05,afvigelse
2002-09,CHF,6.697250781056985e-05,7.202488573883456e-05,-5.60725905273088e-05,afvigelse
2002-10,CHF,-0.01852029954867901,7.500941135411935e-05,-5.540386716677685e-05,afvigelse
2002-11,CHF,-0.018591735670280884,0.00011439029629174366,-0.00015521411409387,afvigelse
2002-12,CHF,-0.04426538723880685,0.00014025653736664593,-0.0002543351977292841,afvigelse
2003-01,CHF,-0.011912297841123687,0.00014574734468640333,-0.0004896884172002871,afvigelse
2003-02,CHF,0.0008818342723126427,0.00011575966633987998,-0.0005504469779658371,afvigelse
2003-03,CHF,0.012337273686542194,0.00010748793356184867,-0.000542868770292406,afvigelse
2003-04,CHF,-0.04998437619503715,0.00011849574524644044,-0.00047507854683538175,afvigelse
2003-05,CHF,0.006462180849070354,-2.4732270945214798e-06,-0.0007342895292866999,afvigelse
2003-06,CHF,0.030964535983601493,1.7481573035327486e-05,-0.0006968079127327571,afvigelse
2003-07,CHF,0.014587086745855071,0.00010028362292285376,-0.0005327594987621133,afvigelse
2003-08,CHF,-0.004935772523076809,9.940543306623554e-05,-0.00045482214698573605,afvigelse
2003-09,CHF,-0.038647494661328385,9.69806130984084e-05,-0.000477801379683639,afvigelse
2003-10,CHF,0.007234394777044295,5.8337767917870454e-05,-0.000672544712753255,afvigelse
2003-11,CHF,-0.05201280135867009,7.378668991521887e-05,-0.0006324079640740797,afvigelse
2003-12,CHF,-0.0201332996954047,-0.00012935603323671477,-0.0008919049004104232,afvigelse
2004-01,CHF,0.004589564801679796,-0.000301735568542183,-0.000988595326515922,afvigelse
2004-02,CHF,0.026164974744115832,-0.00026301922907016645,-0.0009607045258749435,afvigelse
2004-03,CHF,0.014836952173452822,-7.439179049447851e-05,-0.0008257508976660342,afvigelse
2004-04,CHF,-0.010074480744657777,-2.0663334476306435e-05,-0.0007482127636505942,afvigelse
2004-05,CHF,-0.026518798096084012,-7.076279682761706e-05,-0.0007941549704535853,afvigelse
2004-06,CHF,-0.004087362933500788,-0.0002144658335597137,-0.0009202561622458912,afvigelse
2004-07,CHF,0.013639294191362783,-0.0002550535285280683,-0.0009357054635690859,afvigelse
2004-08,CHF,0.00047520989330837593,-0.0001855972182631772,-0.000864953038059708,afvigelse
2004-09,CHF,-0.023960439487779955,-0.0001973411280614978,-0.0008584788209999587,afvigelse
2004-10,CHF,-0.05150674611625275,-0.0003302954545937799,-0.000969545939590247,afvigelse
2004-11,CHF,-0.021229654750132443,-0.0007721355900705608,-0.0012113507251245172,afvigelse
2004-12,CHF,0.028122419137112997,-0.0010518715133783457,-0.00130667598238646,afvigelse
2005-01,CHF,0.010628526877806327,-0.0006762714595458428,-0.0011672015979338557,afvigelse
2005-02,CHF,-0.013686113768116237,-0.0005852575273134846,-0.001111561369274704,afvigelse
2005-03,CHF,0.016702201845391562,-0.0007096489341337638,-0.0011705968265462606,afvigelse
2005-04,CHF,0.018072281632662224,-0.0005832266759782251,-0.0010870790757428128,afvigelse
2005-05,CHF,0.03970405141891381,-0.000497175981319574,-0.0009979657701223242,afvigelse
2005-06,CHF,0.02186732974986244,-0.0003987927273021996,-0.000809530505358268,afvigelse
2005-07,CHF,-0.024713856539467977,-0.00041119332957505585,-0.0007050288451959606,afvigelse
2005-08,CHF,0.0033201611527381714,-0.0004326385134025315,-0.0008151610823256487,afvigelse
2005-09,CHF,0.016359802859436445,-0.0004587976075544441,-0.0007962783323938505,afvigelse
2005-10,CHF,0.017699577099400843,-0.000490502452099997,-0.0007182961451582582,afvigelse
2005-11,CHF,-0.004357305368955733,-0.0005348599756994569,-0.0006349573521964524,afvigelse
2005-12,CHF,-0.021684424346012837,-0.000551776066840718,-0.000651724685605278,afvigelse
2006-01,CHF,0.021607810670434296,-0.0005464861870579409,-0.0007460417244411863,afvigelse
2006-02,CHF,-0.0001532449623717902,-0.0005941002526085185,-0.0006462477405354922,afvigelse
2006-03,CHF,-0.01700195514115735,-0.0006168914636809079,-0.0006440566170769868,afvigelse
2006-04,CHF,-0.05117023513436478,-0.0006172377501312677,-0.0007164366990419441,afvigelse
2006-05,CHF,0.010689180149350969,-0.0005848900340094861,-0.0009387001282724413,afvigelse
2006-06,CHF,0.004453989628233818,-0.0006246834688639169,-0.0008877006533705841,afvigelse
2006-07,CHF,-0.004697506005913482,-0.0006613323787917658,-0.0008643744949356305,afvigelse
2006-08,CHF,0.01106054144929225,-0.0006828480022714635,-0.000881040284113795,afvigelse
2006-09,CHF,0.01173338280571995,-0.0007225120799184304,-0.0008293451250947213,afvigelse
2006-10,CHF,-0.019713756463528437,-0.0007653444426455495,-0.0007751954357377614,afvigelse
2006-11,CHF,-0.021018970496994527,-0.0007565815613947328,-0.0008564768135394382,afvigelse
2006-12,CHF,0.02707054825023769,-0.0007502031767824205,-0.0009426413164601864,afvigelse
2007-01,CHF,-0.0030615557268412197,-0.0008229584430173647,-0.000823436254474238,afvigelse
2007-02,CHF,-0.017500751896354916,-0.0008459127072956666,-0.0008329198115605387,afvigelse
2007-03,CHF,-0.004444085990825686,-0.0008406557124460437,-0.0009032482169816121,afvigelse
2007-04,CHF,0.007150225655328218,-0.0008604271921792514,-0.0009181256866196124,afvigelse
2007-05,CHF,0.009698132325368147,-0.0008983306009132643,-0.0008843668943938893,afvigelse
2007-06,CHF,-0.021395135540492077,-0.0009372414414308266,-0.0008402731476448808,afvigelse
2007-07,CHF,-0.003486059307281242,-0.0009098205531394823,-0.0009255630330923795,afvigelse
2007-08,CHF,-0.014657492617160844,-0.0009215012999491828,-0.0009361435962088624,afvigelse
2007-09,CHF,-0.009409640063244129,-0.0009103267021105902,-0.000992610053085208,afvigelse
2007-10,CHF,-0.044231114988642545,-0.0009118006778289477,-0.001027106077717007,afvigelse
2007-11,CHF,0.014932903949958054,-0.0008514110766926952,-0.0012034489712309886,afvigelse
2007-12,CHF,-0.03534819997182315,-0.0008924752024454753,-0.0011378540406570493,afvigelse
2008-01,CHF,-0.010595641692697999,-0.0008564368032697193,-0.0012763574654795842,afvigelse
2008-02,CHF,-0.0727385633971517,-0.0008673347097828061,-0.0013139352244603037,afvigelse
2008-03,CHF,0.001184366502440276,-0.0009540351805340888,-0.0016007811207361725,afvigelse
2008-04,CHF,0.030119832483917548,-0.0009636005247209944,-0.0015896405302434668,afvigelse
2008-05,CHF,-0.0073971229264781085,-0.000889842019334112,-0.0014633079684340604,afvigelse
2008-06,CHF,-0.00852140336054354,-0.0009136470230445221,-0.0014868548531882036,afvigelse
2008-07,CHF,0.05284319643210121,-0.0009437083161397436,-0.0015146593927429675,afvigelse
2008-08,CHF,0.023790029588814862,-0.0009556498078278761,-0.0013006520863459432,afvigelse
2008-09,CHF,0.02902871264749128,-0.0010308907172066,-0.0012022572562472734,afvigelse
2008-10,CHF,0.041224398451747885,-0.0011309645826069554,-0.0010841675300607948,afvigelse
2008-11,CHF,-0.04341421231678316,-0.0012667283675828797,-0.0009195427597035625,afvigelse
2008-12,CHF,-0.012086071868396733,-0.0011426111317533374,-0.0010842507812426306,afvigelse
2009-01,CHF,0.03248342877781034,-0.0011063357455104049,-0.0011267288549382064,afvigelse
2009-02,CHF,-0.007243284233495212,-0.0012295821144697996,-0.0009974590178891737,afvigelse
2009-03,CHF,-0.006424748614669212,-0.0012118848016636435,-0.0010213893826999246,afvigelse
2009-04,CHF,-0.035912889802959466,-0.0011992106219507193,-0.0010420128912188914,afvigelse
2009-05,CHF,-0.024401484874649493,-0.0010752441383180683,-0.0011746017768148632,afvigelse
2009-06,CHF,-0.0026865549532146815,-0.0009956018583511675,-0.0012625823946096912,afvigelse
2009-07,CHF,-0.009038872517100768,-0.0010002807864532073,-0.0012679558759629175,afvigelse
2009-08,CHF,-0.027713646093240805,-0.000985164942577665,-0.0012971698482980222,afvigelse
2009-09,CHF,-0.017278628274547597,-0.0009158196145391548,-0.001396107961574962,afvigelse
2009-10,CHF,-0.008061388524421764,-0.0008925619147470913,-0.0014553710970711283,afvigelse
2009-11,CHF,0.01664094783001613,-0.0008902250791996095,-0.0014799287826746624,afvigelse
2009-12,CHF,0.0042623332959499695,-0.0009312007627004737,-0.0014128144248498817,afvigelse
2010-01,CHF,0.035794394207839704,-0.0009545084588354488,-0.0013918729203450852,afvigelse
2010-02,CHF,-0.005236593226935565,-0.0010863924579214293,-0.0012551587029620529,afvigelse
2010-03,CHF,0.0022476128585433436,-0.0010735612434521191,-0.001269742712207377,afvigelse
2010-04,CHF,0.055051424883012734,-0.0010934153595360528,-0.0012569056480805497,afvigelse
2010-05,CHF,-0.00354767556127103,-0.0013432712473907824,-0.0010521480825129378,afvigelse
2010-06,CHF,-0.06658414821281144,-0.0013389723173622377,-0.0010611898487403223,afvigelse
2010-07,CHF,-0.013577032345382108,-0.0010429668653425966,-0.0012977348247839003,afvigelse
2010-08,CHF,-0.037866220803790034,-0.0010016898175346037,-0.001341904959750081,afvigelse
2010-09,CHF,-0.03210352901567452,-0.0008664488061344759,-0.0014728164860728045,afvigelse
2010-10,CHF,0.016485296284627634,-0.0008046802973323945,-0.001582211887964239,afvigelse
2010-11,CHF,-0.016175618862797985,-0.0008763478916833769,-0.001517914705855371,afvigelse
2010-12,CHF,-0.012880618510650838,-0.0008641315601334567,-0.0015698923801707703,afvigelse
2011-01,CHF,-0.006818804285721111,-0.0008672386350205945,-0.0016098596103138096,afvigelse
2011-02,CHF,-0.03372007993940615,-0.000889646672855834,-0.0016282009648046804,afvigelse
2011-03,CHF,-0.023463102009127074,-0.0008893173249810752,-0.0017408040489260892,afvigelse
2011-04,CHF,-0.02619842699051779,-0.0009427535801816047,-0.0018167561396960226,afvigelse
2011-05,CHF,-0.03955944328473404,-0.0010383005137542848,-0.001901709696667527,afvigelse
2011-06,CHF,-0.02251073084834318,-0.001273861604435541,-0.0020324657160705356,afvigelse
2011-07,CHF,-0.05171628183882079,-0.0014822840162752211,-0.002103324764971133,afvigelse
2011-08,CHF,0.1168709389109025,-0.0021203646653990653,-0.0022744039272947526,afvigelse
2011-09,CHF,0.021552315178659798,-0.0009250359242087768,-0.0018649697594658966,afvigelse
2011-10,CHF,0.013417066604511807,-0.0009782218193601284,-0.0017847735781709455,afvigelse
2011-11,CHF,0.027699593138003686,-0.0010472702022056495,-0.0017328901645781711,afvigelse
2011-12,CHF,0.004489585307032917,-0.0011832626032691538,-0.0016327796771544237,afvigelse
2012-01,CHF,-0.02790275104340706,-0.0012409964661302929,-0.001612025897547009,afvigelse
2012-02,CHF,0.0014247358429533563,-0.0011480122681573686,-0.0017008459149316713,afvigelse
2012-03,CHF,0.00021901007533881023,-0.0011900542814672862,-0.0016903220706290282,afvigelse
2012-04,CHF,0.027005313598370745,-0.0012264816402464147,-0.0016839149157767865,afvigelse
2012-05,CHF,0.020360426947759393,-0.0013930626638240413,-0.0015879643187395043,afvigelse
2012-06,CHF,0.02138621721961969,-0.0015387012720636064,-0.0015148030145178413,afvigelse
2012-07,CHF,-0.0104809837373573,-0.001685386345270471,-0.0014387198908163874,afvigelse
2012-08,CHF,-0.030945984365708515,-0.0016541044591064438,-0.0014686611618314235,afvigelse
2012-09,CHF,-0.0067347520576692965,-0.001506184694972366,-0.0015659460568937242,afvigelse
2012-10,CHF,0.006947812674220441,-0.001497031986580134,-0.001582948708212065,afvigelse
2012-11,CHF,-0.018816747861982036,-0.001560094915566654,-0.0015549789987614664,afvigelse
2012-12,CHF,0.002276793958002163,-0.0014768301844532983,-0.0016113900081183965,afvigelse
2013-01,CHF,-0.0023853421263583946,-0.0015120934803319816,-0.0015987249137662122,afvigelse
2013-02,CHF,0.02719944952561746,-0.001518642567012268,-0.001601278865755148,afvigelse
2013-03,CHF,-0.010620320722706238,-0.0016862127241468784,-0.0015080726250063692,afvigelse
2013-04,CHF,0.020187759522692604,-0.001629695782973381,-0.0015374669737086269,afvigelse
2013-05,CHF,-0.02393168003215764,-0.0017586018765190503,-0.0014676109399581407,afvigelse
2013-06,CHF,0.012566725548603858,-0.0016269767761277446,-0.0015396111614074982,afvigelse
2013-07,CHF,-0.020096881612356857,-0.0017117383793021923,-0.0014945429930049061,afvigelse
2013-08,CHF,-0.003244649180117465,-0.0016078414994824554,-0.0015537861096270463,afvigelse
2013-09,CHF,-0.02256888078906992,-0.001611459888890676,-0.0015591539288984445,afvigelse
2013-10,CHF,0.011457655363999175,-0.001501889900969181,-0.0016256404063040501,afvigelse
2013-11,CHF,-0.021703874863241754,-0.0016112246000577735,-0.0015843681798993082,afvigelse
2013-12,CHF,0.01168562626938599,-0.0015069952853045319,-0.0016476370688406367,afvigelse
2014-01,CHF,-0.011237948589833013,-0.001611518186810441,-0.0016058400050844406,afvigelse
2014-02,CHF,-0.014880220451085571,-0.0015763987964118697,-0.0016359403444117793,afvigelse
2014-03,CHF,0.0026087464463205867,-0.0015194067719765715,-0.001677199783996433,afvigelse
2014-04,CHF,0.006210849393073897,-0.0015729827755924857,-0.0016638893919768151,afvigelse
2014-05,CHF,0.00840764999754448,-0.0016431845907784585,-0.001639509395738268,afvigelse
2014-06,CHF,0.0022301525746320494,-0.0017223661537624454,-0.0016084996445244323,afvigelse
2014-07,CHF,0.013277468788071983,-0.001760448768969912,-0.0015966884069270279,afvigelse
2014-08,CHF,0.02945848710251847,-0.001864704179408404,-0.0015510621578626134,afvigelse
2014-09,CHF,0.01672173580266808,-0.0020504164945400333,-0.0014562317319898887,afvigelse
2014-10,CHF,0.011893723930431518,-0.002137636006720584,-0.0014008110992622725,afvigelse
2014-11,CHF,0.011446374006447449,-0.002186290769535144,-0.0013604021781993734,afvigelse
2014-12,CHF,-0.032301203708945764,-0.002223942266347639,-0.0013215937655186255,afvigelse
2015-01,CHF,-0.008721603891324488,-0.0021051107660445445,-0.0014151877532631186,afvigelse
2015-02,CHF,0.04562616082677539,-0.0020731180404507566,-0.0014371950307873998,afvigelse
2015-03,CHF,-0.02093615375671981,-0.002285617384629048,-0.0012958636318157397,afvigelse
2015-04,CHF,-0.02950877743756871,-0.0022212381987899645,-0.0013546668956627577,afvigelse
2015-05,CHF,0.0005365670569255354,-0.002103643609137643,-0.0014387090166833726,afvigelse
2015-06,CHF,0.023957049936876043,-0.0021282341680055137,-0.001432830218845251,afvigelse
2015-07,CHF,0.01435132784306311,-0.002255723139052853,-0.001357489328175455,afvigelse
2015-08,CHF,0.00412159264555079,-0.002309487256910924,-0.0013110135377280036,afvigelse
2015-09,CHF,-0.00391510906026216,-0.0023128411232465175,-0.0012949881507566797,afvigelse
2015-10,CHF,0.04155260399247612,-0.002288167059052523,-0.0013026943887258135,afvigelse
2015-11,CHF,-0.014664335803698943,-0.0023564150174602274,-0.0011770190269041068,afvigelse
2015-12,CHF,0.013078607027414042,-0.002331698389782458,-0.0012164556256666647,afvigelse
2016-01,CHF,-0.016198734363657666,-0.002318182352707033,-0.001174779058164972,afvigelse
2016-02,CHF,-0.011048716115527686,-0.0022873708498335854,-0.0012184533468437295,afvigelse
2016-03,CHF,-0.01820569697322465,-0.002244147212213651,-0.0012469468621152772,afvigelse
2016-04,CHF,0.014734180315505115,-0.002169704246992971,-0.001295960590760102,afvigelse
2016-05,CHF,-0.008422399828919038,-0.0021929008573067397,-0.0012497642192723058,afvigelse
2016-06,CHF,0.013828645464460013,-0.0021356518674024555,-0.0012703752411391067,afvigelse
2016-07,CHF,-0.012179670546858219,-0.0021440522742985583,-0.001227111571495556,afvigelse
2016-08,CHF,0.0021601613090591817,-0.002066281510054046,-0.0012584045971394497,afvigelse
2016-09,CHF,0.014688146561656972,-0.0020497258082990623,-0.0012486650931331856,afvigelse
2016-10,CHF,0.008770659579786066,-0.002074315627552009,-0.0012033900600229867,afvigelse
2016-11,CHF,0.022921080855130883,-0.0020730202650489035,-0.0011751349618932159,afvigelse
2016-12,CHF,-0.011742204085103314,-0.00208702217455133,-0.001107066555630436,afvigelse
2017-01,CHF,-0.006472514505617634,-0.002055220802877206,-0.001137024689516275,afvigelse
2017-02,CHF,0.0004993757906525255,-0.0020210559502786335,-0.0011520120204603801,afvigelse
2017-03,CHF,-0.0005992808808999548,-0.0019995146201521228,-0.0011473862842947978,afvigelse
2017-04,CHF,-0.014288832361852046,-0.001976210792243982,-0.0011458552636149238,afvigelse
2017-05,CHF,-0.01903065413709521,-0.0019249504496594893,-0.0011824652276768656,afvigelse
2017-06,CHF,-0.007985523378927599,-0.0018501852599343703,-0.001232043530203028,afvigelse
2017-07,CHF,0.005089069507471289,-0.0018121861656111627,-0.0012507512306150072,afvigelse
2017-08,CHF,-0.002904867692630167,-0.0018277270108796539,-0.0012332379136589676,afvigelse
2017-09,CHF,0.020159070001789223,-0.001805193257544329,-0.001237842954372387,afvigelse
2017-10,CHF,0.009525811796122182,-0.0018721188910929907,-0.0011790602264708443,afvigelse
2017-11,CHF,-0.004548908526369145,-0.001887579054920249,-0.0011497318099705893,afvigelse
2017-12,CHF,-0.02732017508638338,-0.001856772573276912,-0.0011590191780481809,afvigelse
2018-01,CHF,-0.026268718632953887,-0.0017439667829073778,-0.001230302981613127,afvigelse
2018-02,CHF,0.013273356540877454,-0.0016091431278097558,-0.0012983421545787264,afvigelse
2018-03,CHF,0.021600464177317473,-0.0016737612828472198,-0.0012588524562170567,afvigelse
2018-04,CHF,0.028695497596319067,-0.0017675294802245,-0.0011970705193696661,afvigelse
2018-05,CHF,-0.006945520900022694,-0.0018670781958331998,-0.0011164975594891034,afvigelse
2018-06,CHF,0.004836768800614017,-0.0018296227331603726,-0.001132166977071183,afvigelse
2018-07,CHF,-0.006859014181381815,-0.0018310685034992722,-0.0011161644682838234,afvigelse
2018-08,CHF,-0.020140741130382327,-0.001792593587958886,-0.0011315196814204488,afvigelse
2018-09,CHF,0.026195250039088555,-0.001701633633496428,-0.0011822109386176807,afvigelse
2018-10,CHF,0.007117467768864086,-0.001791189608435493,-0.001109398542400377,afvigelse
2018-11,CHF,-0.009232378673490055,-0.001795214929401048,-0.0010875766158452988,afvigelse
2018-12,CHF,-0.0022204288493026057,-0.0017446631477769615,-0.0011091237112358934,afvigelse
2019-01,CHF,0.011752432993199006,-0.0017182319089008445,-0.0011120559147664124,afvigelse
2019-02,CHF,-0.0008991458720564159,-0.0017389564309569952,-0.001078201996587556,afvigelse
2019-03,CHF,0.007865041289976678,-0.0017131491163591892,-0.0010777320330061094,afvigelse
2019-04,CHF,0.002278243766852088,-0.0017150817716208681,-0.0010543216316370445,afvigelse
2019-05,CHF,-0.022715741332749007,-0.0016991195418814319,-0.0010456204164973862,afvigelse
2019-06,CHF,0.0,-0.001604854243135577,-0.001102053023050125,afvigelse
2019-07,CHF,-0.009457537316093965,-0.0015873643358662408,-0.0010991905476655792,afvigelse
2019-08,CHF,0.012085659722363525,-0.001533206364681422,-0.001120844295770316,afvigelse
2019-09,CHF,0.0024198438910352227,-0.0015733576472363154,-0.0010867189623901252,afvigelse
2019-10,CHF,-0.00010071000562416037,-0.0015726005083818175,-0.0010776814292627404,afvigelse
2019-11,CHF,-0.010427834305000529,-0.0015632109431762025,-0.0010751699346004304,afvigelse
2019-12,CHF,-0.013112255063295997,-0.0015143636735959194,-0.001099151125293764,afvigelse
2020-01,CHF,0.006577618781795171,-0.0014476910703313496,-0.001129875176286097,afvigelse
2020-02,CHF,-0.017463631629145132,-0.0014688974231946343,-0.0011102132019032366,afvigelse
2020-03,CHF,0.01119530714333588,-0.0013849127512430579,-0.0011518249536264984,afvigelse
2020-04,CHF,-0.0009281700248672045,-0.0014346537908143406,-0.0011204870549032437,afvigelse
2020-05,CHF,-0.01864151872995924,-0.001421122157816318,-0.0011200001763461904,afvigelse
2020-06,CHF,-0.019745864479593582,-0.0013227780146297938,-0.001164246435319961,afvigelse
2020-07,CHF,-0.024748902370172632,-0.0012193932379580608,-0.0012110515185549068,afvigelse
2020-08,CHF,0.005480066322844465,-0.0010931420732601112,-0.0012701918473278157,afvigelse
2020-09,CHF,-0.002736279275256673,-0.0011270156616637072,-0.0012532739070516947,afvigelse
2020-10,CHF,-0.0015355931502746,-0.0011174854205601382,-0.001256981420472207,afvigelse
2020-11,CHF,-0.025120805239686003,-0.0011199684124443558,-0.001257676212815854,afvigelse
2020-12,CHF,-0.0021409665060098115,-0.0010007988805452784,-0.0013170372302956305,afvigelse
2021-01,CHF,0.012777578012500443,-0.0010040116743172895,-0.0013190817198135316,afvigelse
2021-02,CHF,0.03491080572972134,-0.0010790363019274431,-0.0012841889977038435,afvigelse
2021-03,CHF,-0.008641228970076464,-0.0012732987260055534,-0.0011948186403521763,afvigelse
2021-04,CHF,-0.02093800798229868,-0.0012279309794144195,-0.0012131595524943544,afvigelse
2021-05,CHF,0.0056338177182561205,-0.0011183707382090638,-0.0012616235535503847,afvigelse
2021-06,CHF,0.010519492140706313,-0.0011557982968757588,-0.0012447229621979179,afvigelse
2021-07,CHF,-0.002947439500752866,-0.0012215783412118926,-0.0012159596000881278,afvigelse
2021-08,CHF,0.00881638363727981,-0.0012099801894272745,-0.0012201827217970661,afvigelse
2021-09,CHF,-0.00010837171508844279,-0.0012642516118225658,-0.0011957628523102612,afvigelse
2021-10,CHF,-0.0015184384696237258,-0.0012697353459314572,-0.001193123553433509,afvigelse
2021-11,CHF,-0.0003256798595794863,-0.0012686064519657095,-0.0011939112408819114,afvigelse
2021-12,CHF,-0.002065105891243063,-0.0012773861813611782,-0.0011918140636323889,afvigelse
2022-01,CHF,0.004017595935534718,-0.001274967502893212,-0.0011939183812892818,afvigelse
2022-02,CHF,0.007126690351279399,-0.0013056491717025958,-0.00118139070264307,afvigelse
2022-03,CHF,0.01664571084286475,-0.0013526269778382498,-0.001161467246878268,afvigelse
2022-04,CHF,0.03677572416021486,-0.0014483137449439677,-0.0011188663423573517,afvigelse
2022-05,CHF,-0.010458415842841448,-0.0016283895606889337,-0.001028425792231881,afvigelse
2022-06,CHF,-0.00010307684387829419,-0.0015775270542527351,-0.0010508781494952373,afvigelse
2022-07,CHF,-0.013177882008829134,-0.001570646322196436,-0.0010486268399807076,afvigelse
2022-08,CHF,0.016471082474039295,-0.0015043159955459204,-0.0010773691508073628,afvigelse
2022-09,CHF,0.021949870162866057,-0.0015784914307429116,-0.0010358834495665904,afvigelse
2022-10,CHF,-0.029478395382796077,-0.001663312717785821,-0.0009816717665184001,afvigelse
2022-11,CHF,-0.03626029620233205,-0.0015421580863147052,-0.0010487228809096419,afvigelse
2022-12,CHF,-0.008083247116191128,-0.0013544230997712579,-0.0011313791563120417,afvigelse
2023-01,CHF,0.0018379377031753213,-0.0013087394529223543,-0.0011476598775295571,afvigelse
2023-02,CHF,-0.0003240965836179138,-0.0013180006569431532,-0.0011406841822475364,afvigelse
2023-03,CHF,-0.029607425789938496,-0.0013162373228408951,-0.0011387807146516632,afvigelse
2023-04,CHF,-0.0008907694609708583,-0.001144076790097209,-0.0012049868659895397,afvigelse
2023-05,CHF,0.0030031722699343233,-0.0011507444862185294,-0.0012042578232864798,afvigelse
2023-06,CHF,-0.03170570759340437,-0.0011799833841322513,-0.0011945184017743947,afvigelse
2023-07,CHF,0.006854819483898877,-0.0010004271625902996,-0.0012649830419398217,afvigelse
2023-08,CHF,0.023961999162088896,-0.0010559887821297376,-0.0012462738195300551,afvigelse
2023-09,CHF,0.004325889947122588,-0.001213361318754639,-0.0011883237666987477,afvigelse
2023-10,CHF,-0.014829953450529218,-0.0012516604297506484,-0.0011756764875386068,afvigelse
2023-11,CHF,-0.028947890256755385,-0.0011716539263791103,-0.0012069219725797753,afvigelse
2023-12,CHF,-0.006612936680987752,-0.0010052545932111327,-0.0012702575166075732,afvigelse
2024-01,CHF,0.02073568131332512,-0.0009824819990806627,-0.0012824276285993278,afvigelse
2024-02,CHF,0.013026179544472119,-0.0011285148311384898,-0.0012323864719131358,afvigelse
2024-03,CHF,0.023687512860837118,-0.001227545224744491,-0.001200054122669632,afvigelse
2024-04,CHF,-0.001209655395758194,-0.0013933974241180395,-0.0011437474100372638,afvigelse
2024-05,CHF,-0.016643011467535787,-0.001397867891116567,-0.0011438961865287331,afvigelse
2024-06,CHF,-0.0023522833585173653,-0.001302367186567687,-0.0011788041038282985,afvigelse
2024-07,CHF,-0.03864221056191426,-0.001299083220354574,-0.0011814411358613078,afvigelse
2024-08,CHF,-0.012550748291722896,-0.0010586001558577824,-0.0012654338924219645,afvigelse
2024-09,CHF,0.01650608150793126,-0.0009971693030156287,-0.001290680680787291,afvigelse
2024-10,CHF,0.022501236320622092,-0.0011241816901855065,-0.0012509557651874726,afvigelse
2024-11,CHF,0.012073489395963727,-0.001292408210426245,-0.0011980555600965828,afvigelse
2024-12,CHF,0.019987340924612518,-0.0013860190052686766,-0.0011685632379720044,afvigelse
2025-01,CHF,-0.006839519215822487,-0.0015242760855567815,-0.001121654359562726,afvigelse
1997-06,CHF,0.027354003082042555,-0.004415692001568808,-0.00037339488925006945,usrente
1997-07,CHF,0.020299842373097732,-0.004923655532538344,-0.00014424283990054364,usrente
1997-08,CHF,-0.02856379240426049,0.0018242994685703816,2.3331629058458624e-05,usrente
1997-09,CHF,-0.012732049601071938,-0.0014684020366403155,-0.0002090840134888499,usrente
1997-10,CHF,-0.0312776939557477,-0.003167726367673024,-0.00031007567145322965,usrente
1997-11,CHF,0.022768181885457484,-0.002936157602022676,-0.0005578166177275854,usrente
1997-12,CHF,0.024365503091364482,-0.001240123013600513,-0.00037268964548008485,usrente
1998-01,CHF,-0.007964914975872872,-0.0045874207753526155,-0.00017790072629233236,usrente
1998-02,CHF,0.01828575939729782,0.0007272193599830894,-0.0002387367751171801,usrente
1998-03,CHF,0.01001610937690256,0.00177083158195804,-9.513602959458322e-05,usrente
1998-04,CHF,-0.01749315744751717,0.00021413252212605476,-1.735721877537442e-05,usrente
1998-05,CHF,0.010693131244668641,0.0004405719301242523,-0.00015076027395660951,usrente
1998-06,CHF,0.012431604342145353,-0.002383207296422659,-6.860958063369094e-05,usrente
1998-07,CHF,-0.013502483234390905,-0.0002720032003906198,2.5376990214271784e-05,usrente
1998-08,CHF,-0.06451619945987302,-0.0018052334190476783,-7.557719056636386e-05,usrente
1998-09,CHF,-0.04581958072459913,-0.01001749779132622,-0.0005529151333019687,usrente
1998-10,CHF,0.03519187764951609,-0.0061775053723046236,-0.0008857582626497422,usrente
1998-11,CHF,-0.018065759395226477,0.005871245705889093,-0.0006224178545317434,usrente
1998-12,CHF,0.018354484675130234,-0.003792431377448141,-0.0007488188801889516,usrente
1999-01,CHF,0.029581224017574292,0.0013725414731461795,-0.0006113850416614755,usrente
1999-02,CHF,0.026823120620851848,0.0053446755278317255,-0.00039572354838122,usrente
1999-03,CHF,0.020992300009194165,0.004769509416927789,-0.00020268210037247485,usrente
1999-04,CHF,0.007121731321810543,-0.0005761086091115599,-5.342166298116048e-05,usrente
1999-05,CHF,0.01944104313743017,0.007648731700777463,-3.245767982617099e-06,usrente
1999-06,CHF,0.006483425200322468,0.007934878499925052,0.00013178401608274947,usrente
1999-07,CHF,-0.024930135949971566,-0.0016870546331448518,0.0001755884380430234,usrente
1999-08,CHF,0.011135018690150211,0.0034992493070668653,3.6314216867590857e-06,usrente
1999-09,CHF,-0.024273358332730144,4.115956759450756e-05,7.935514460147645e-05,usrente
1999-10,CHF,0.04251765596604967,0.004244976691603123,-8.519021673184531e-05,usrente
1999-11,CHF,0.01899113920595269,-0.0011723570211213718,0.0002007349254344736,usrente
1999-12,CHF,0.0039062549670650926,0.006090017914192156,0.00032600428730459506,usrente
2000-01,CHF,0.02759779502825216,0.008853539364576257,0.0003497145567069824,usrente
2000-02,CHF,0.017463456178634373,-0.0023116835642648676,0.0005289782440197797,usrente
2000-03,CHF,0.0012615266143054527,-0.004793490089123157,0.0006396611063375221,usrente
2000-04,CHF,0.031497270899787266,-0.004932431917297944,0.0006436991940515995,usrente
2000-05,CHF,-0.04582771537047586,0.010584156465209193,0.0008427544953789265,usrente
2000-06,CHF,0.006011129548721461,-0.005332976057119276,0.0005435848167516522,usrente
2000-07,CHF,0.03742862930100643,-2.111853711716735e-05,0.0005784099424329885,usrente
2000-08,CHF,0.02516326808280034,-0.002752917851000119,0.0008116391788796558,usrente
2000-09,CHF,0.009000655141649383,0.000753449423639624,0.0009647940776464527,usrente
2000-10,CHF,0.0019141994359749281,0.000298869836077142,0.001015018209296471,usrente
2000-11,CHF,-0.05337063684841059,0.0009839334343504512,0.0010206031858596913,usrente
2000-12,CHF,-0.03317553944474161,-0.007116708537511642,0.0006848547905864179,usrente
2001-01,CHF,0.02309823523860033,-0.0005985328372482671,0.0004771223106150802,usrente
2001-02,CHF,0.013216838224660687,-8.57225996351589e-05,0.0006150559260296245,usrente
2001-03,CHF,0.013102805043778032,-0.002692778348043043,0.0006914303642031461,usrente
2001-04,CHF,0.022909914544843812,0.005566976866915678,0.0007661976815499827,usrente
2001-05,CHF,0.01853998390573519,0.005802149842617355,0.000898794788515814,usrente
2001-06,CHF,-0.016146683999894718,-0.0006729637439600094,0.0010038018665945007,usrente
2001-07,CHF,-0.04433793865630642,0.0005247578436276325,0.0009023197017040321,usrente
2001-08,CHF,-0.0283612806230219,-0.004040999257096124,0.0006362005348922059,usrente
2001-09,CHF,0.0011622573567110495,-0.003756982907139223,0.0004666246216880298,usrente
2001-10,CHF,0.009249746469342957,-0.0021686022954469824,0.0004706689980544427,usrente
2001-11,CHF,0.0034467154303409187,0.0024897761954311174,0.0005214151106052434,usrente
2001-12,CHF,0.008595094235933964,0.009356108188136805,0.0005382271814083219,usrente
2002-01,CHF,0.015499582834128667,1.5827533249723833e-05,0.000584266421719897,usrente
2002-02,CHF,-0.013466818771728839,-0.0014128407593806743,0.0006690125376994923,usrente
2002-03,CHF,-0.012077659204691615,0.008057278490334514,0.0005891490839739085,usrente
2002-04,CHF,-0.04027555536348465,-0.00042289150906477666,0.0005179872396555629,usrente
2002-05,CHF,-0.03132447365995411,-0.000284789986424337,0.00029009035360450024,usrente
2002-06,CHF,-0.04523133774186855,-0.0038142649683823695,0.00011445388686250798,usrente
2002-07,CHF,0.017110555537775296,-0.005193106740844888,-0.00013607534865534316,usrente
2002-08,CHF,-0.002742201497655694,-0.007008789942328174,-4.1313640488141855e-05,usrente
2002-09,CHF,6.697250781056985e-05,-0.0069311359874437446,-5.60725905273088e-05,usrente
2002-10,CHF,-0.01852029954867901,0.0017193838909397479,-5.540386716677685e-05,usrente
2002-11,CHF,-0.018591735670280884,0.002326896318454278,-0.00015521411409387,usrente
2002-12,CHF,-0.04426538723880685,-0.0001726395406948893,-0.0002543351977292841,usrente
2003-01,CHF,-0.011912297841123687,0.00031433626595292995,-0.0004896884172002871,usrente
2003-02,CHF,0.0008818342723126427,-0.002816445222901227,-0.0005504469779658371,usrente
2003-03,CHF,0.012337273686542194,-0.0017128288801821728,-0.000542868770292406,usrente
2003-04,CHF,-0.04998437619503715,0.002660824391384236,-0.00047507854683538175,usrente
2003-05,CHF,0.006462180849070354,-0.006964410932103021,-0.0007342895292866999,usrente
2003-06,CHF,0.030964535983601493,-0.004242765337595694,-0.0006968079127327571,usrente
2003-07,CHF,0.014587086745855071,0.010239842331540728,-0.0005327594987621133,usrente
2003-08,CHF,-0.004935772523076809,0.007526696073446565,-0.00045482214698573605,usrente
2003-09,CHF,-0.038647494661328385,-0.0029584646271203193,-0.000477801379683639,usrente
2003-10,CHF,0.007234394777044295,6.720020307167071e-06,-0.000672544712753255,usrente
2003-11,CHF,-0.05201280135867009,-0.00011694208256455112,-0.0006324079640740797,usrente
2003-12,CHF,-0.0201332996954047,-0.0010236438582610398,-0.0008919049004104232,usrente
2004-01,CHF,0.004589564801679796,-0.0025612297530098935,-0.000988595326515922,usrente
2004-02,CHF,0.026164974744115832,-0.0017218134543860865,-0.0009607045258749435,usrente
2004-03,CHF,0.014836952173452822,-0.004429365566519465,-0.0008257508976660342,usrente
2004-04,CHF,-0.010074480744657777,0.007662461902682131,-0.0007482127636505942,usrente
2004-05,CHF,-0.026518798096084012,0.004942080431721204,-0.0007941549704535853,usrente
2004-06,CHF,-0.004087362933500788,-0.0005230460986435371,-0.0009202561622458912,usrente
2004-07,CHF,0.013639294191362783,-0.0038181382419190638,-0.0009357054635690859,usrente
2004-08,CHF,0.00047520989330837593,-0.003536726919386581,-0.000864953038059708,usrente
2004-09,CHF,-0.023960439487779955,-0.0025740315330286634,-0.0008584788209999587,usrente
2004-10,CHF,-0.05150674611625275,-0.0010838991432299081,-0.000969545939590247,usrente
2004-11,CHF,-0.021229654750132443,0.0003004436805294046,-0.0012113507251245172,usrente
2004-12,CHF,0.028122419137112997,-0.0004914277827399537,-0.00130667598238646,usrente
2005-01,CHF,0.010628526877806327,-0.0010220086610048334,-0.0011672015979338557,usrente
2005-02,CHF,-0.013686113768116237,-0.001507187239654863,-0.001111561369274704,usrente
2005-03,CHF,0.016702201845391562,0.0035780869637737894,-0.0011705968265462606,usrente
2005-04,CHF,0.018072281632662224,-0.0030447644251948252,-0.0010870790757428128,usrente
2005-05,CHF,0.03970405141891381,-0.003459807258237014,-0.0009979657701223242,usrente
2005-06,CHF,0.02186732974986244,-0.0023658457725232386,-0.000809530505358268,usrente
2005-07,CHF,-0.024713856539467977,0.0018737036591799858,-0.0007050288451959606,usrente
2005-08,CHF,0.0033201611527381714,0.0004276269085638877,-0.0008151610823256487,usrente
2005-09,CHF,0.016359802859436445,-0.0012944256384151687,-0.0007962783323938505,usrente
2005-10,CHF,0.017699577099400843,0.002741618837875799,-0.0007182961451582582,usrente
2005-11,CHF,-0.004357305368955733,0.0006181307918746408,-0.0006349573521964524,usrente
2005-12,CHF,-0.021684424346012837,-0.0013051559977948156,-0.000651724685605278,usrente
2006-01,CHF,0.021607810670434296,-0.0011462149112278174,-0.0007460417244411863,usrente
2006-02,CHF,-0.0001532449623717902,0.0014918766434488992,-0.0006462477405354922,usrente
2006-03,CHF,-0.01700195514115735,0.0014808930769399371,-0.0006440566170769868,usrente
2006-04,CHF,-0.05117023513436478,0.002847255307357675,-0.0007164366990419441,usrente
2006-05,CHF,0.010689180149350969,0.0005834013099459953,-0.0009387001282724413,usrente
2006-06,CHF,0.004453989628233818,-0.0007141833735628393,-0.0008877006533705841,usrente
2006-07,CHF,-0.004697506005913482,-0.0009177123381200211,-0.0008643744949356305,usrente
2006-08,CHF,0.01106054144929225,-0.003083240545077102,-0.000881040284113795,usrente
2006-09,CHF,0.01173338280571995,-0.0024256609784917447,-0.0008293451250947213,usrente
2006-10,CHF,-0.019713756463528437,-0.0004823953865792613,-0.0007751954357377614,usrente
2006-11,CHF,-0.021018970496994527,-0.002091828291987741,-0.0008564768135394382,usrente
2006-12,CHF,0.02707054825023769,-0.0011956269038132378,-0.0009426413164601864,usrente
2007-01,CHF,-0.0030615557268412197,0.0015694066112373543,-0.000823436254474238,usrente
2007-02,CHF,-0.017500751896354916,-0.0010919857812883359,-0.0008329198115605387,usrente
2007-03,CHF,-0.004444085990825686,-0.002478010547556023,-0.0009032482169816121,usrente
2007-04,CHF,0.007150225655328218,0.0006974598632270768,-0.0009181256866196124,usrente
2007-05,CHF,0.009698132325368147,-3.9197237990579105e-05,-0.0008843668943938893,usrente
2007-06,CHF,-0.021395135540492077,0.0032303765373739167,-0.0008402731476448808,usrente
2007-07,CHF,-0.003486059307281242,-0.001816871031274916,-0.0009255630330923795,usrente
2007-08,CHF,-0.014657492617160844,-0.0042266662553804134,-0.0009361435962088624,usrente
2007-09,CHF,-0.009409640063244129,-0.0024230229881358582,-0.000992610053085208,usrente
2007-10,CHF,-0.044231114988642545,-0.0007390806546583567,-0.001027106077717007,usrente
2007-11,CHF,0.014932903949958054,-0.005081994444618732,-0.0012034489712309886,usrente
2007-12,CHF,-0.03534819997182315,-0.001460726164037416,-0.0011378540406570493,usrente
2008-01,CHF,-0.010595641692697999,-0.004766097136969537,-0.0012763574654795842,usrente
2008-02,CHF,-0.0727385633971517,-0.0011105093917195053,-0.0013139352244603037,usrente
2008-03,CHF,0.001184366502440276,-0.0037588711528882698,-0.0016007811207361725,usrente
2008-04,CHF,0.030119832483917548,0.00024651059590220185,-0.0015896405302434668,usrente
2008-05,CHF,-0.0073971229264781085,0.000965633282638509,-0.0014633079684340604,usrente
2008-06,CHF,-0.00852140336054354,0.0010045415848340881,-0.0014868548531882036,usrente
2008-07,CHF,0.05284319643210121,-0.002255745818570526,-0.0015146593927429675,usrente
2008-08,CHF,0.023790029588814862,-0.0023172599326921756,-0.0013006520863459432,usrente
2008-09,CHF,0.02902871264749128,-0.002977835132256062,-0.0012022572562472734,usrente
2008-10,CHF,0.041224398451747885,0.00021895564197169537,-0.0010841675300607948,usrente
2008-11,CHF,-0.04341421231678316,-0.003474093031612384,-0.0009195427597035625,usrente
2008-12,CHF,-0.012086071868396733,-0.01256610695424807,-0.0010842507812426306,usrente
2009-01,CHF,0.03248342877781034,0.0001737139299436833,-0.0011267288549382064,usrente
2009-02,CHF,-0.007243284233495212,0.00302148415608358,-0.0009974590178891737,usrente
2009-03,CHF,-0.006424748614669212,-0.0013157388179547724,-0.0010213893826999246,usrente
2009-04,CHF,-0.035912889802959466,0.00034754449512665493,-0.0010420128912188914,usrente
2009-05,CHF,-0.024401484874649493,0.0027190075307772397,-0.0011746017768148632,usrente
2009-06,CHF,-0.0026865549532146815,0.0030265025883850615,-0.0012625823946096912,usrente
2009-07,CHF,-0.009038872517100768,-0.0025931843847092303,-0.0012679558759629175,usrente
2009-08,CHF,-0.027713646093240805,-0.0008356756445020996,-0.0012971698482980222,usrente
2009-09,CHF,-0.017278628274547597,-0.0029944958954404577,-0.001396107961574962,usrente
2009-10,CHF,-0.008061388524421764,-0.0013657501169693103,-0.0014553710970711283,usrente
2009-11,CHF,0.01664094783001613,-0.0012008913334192954,-0.0014799287826746624,usrente
2009-12,CHF,0.0042623332959499695,0.0005803286570253289,-0.0014128144248498817,usrente
2010-01,CHF,0.035794394207839704,0.0001255822660200215,-0.0013918729203450852,usrente
2010-02,CHF,-0.005236593226935565,-0.0014742864400358615,-0.0012551587029620529,usrente
2010-03,CHF,0.0022476128585433436,-0.0006930567629144068,-0.001269742712207377,usrente
2010-04,CHF,0.055051424883012734,0.00011430571310966451,-0.0012569056480805497,usrente
2010-05,CHF,-0.00354767556127103,-0.005357832157971978,-0.0010521480825129378,usrente
2010-06,CHF,-0.06658414821281144,-0.0031508134476235863,-0.0010611898487403223,usrente
2010-07,CHF,-0.013577032345382108,-0.0032052480597697577,-0.0012977348247839003,usrente
2010-08,CHF,-0.037866220803790034,-0.004617546016277844,-0.001341904959750081,usrente
2010-09,CHF,-0.03210352901567452,-0.0018158443007450396,-0.0014728164860728045,usrente
2010-10,CHF,0.016485296284627634,-0.002643071037400163,-0.001582211887964239,usrente
2010-11,CHF,-0.016175618862797985,0.0013455677926962383,-0.001517914705855371,usrente
2010-12,CHF,-0.012880618510650838,0.004812398637323933,-0.0015698923801707703,usrente
2011-01,CHF,-0.006818804285721111,-0.0003039195604952784,-0.0016098596103138096,usrente
2011-02,CHF,-0.03372007993940615,0.0006526519189659988,-0.0016282009648046804,usrente
2011-03,CHF,-0.023463102009127074,-0.0033419151309279664,-0.0017408040489260892,usrente
2011-04,CHF,-0.02619842699051779,-0.0011944540305865018,-0.0018167561396960226,usrente
2011-05,CHF,-0.03955944328473404,-0.004681057340082333,-0.001901709696667527,usrente
2011-06,CHF,-0.02251073084834318,-0.0037189855041143,-0.0020324657160705356,usrente
2011-07,CHF,-0.05171628183882079,-0.0018833404834416377,-0.002103324764971133,usrente
2011-08,CHF,0.1168709389109025,-0.009948125863833573,-0.0022744039272947526,usrente
2011-09,CHF,0.021552315178659798,-0.0037133310399434707,-0.0018649697594658966,usrente
2011-10,CHF,0.013417066604511807,-0.000675774873791519,-0.0017847735781709455,usrente
2011-11,CHF,0.027699593138003686,-0.00243039821352317,-0.0017328901645781711,usrente
2011-12,CHF,0.004489585307032917,-0.001675866643189747,-0.0016327796771544237,usrente
2012-01,CHF,-0.02790275104340706,-0.0015408784589715108,-0.001612025897547009,usrente
2012-02,CHF,0.0014247358429533563,-0.001573335334149728,-0.0017008459149316713,usrente
2012-03,CHF,0.00021901007533881023,-0.00042552692164511945,-0.0016903220706290282,usrente
2012-04,CHF,0.027005313598370745,-0.002244386322310121,-0.0016839149157767865,usrente
2012-05,CHF,0.020360426947759393,-0.0028489371643060893,-0.0015879643187395043,usrente
2012-06,CHF,0.02138621721961969,-0.0023362634625327333,-0.0015148030145178413,usrente
2012-07,CHF,-0.0104809837373573,-0.001773022580694023,-0.0014387198908163874,usrente
2012-08,CHF,-0.030945984365708515,-0.0005945256292191158,-0.0014686611618314235,usrente
2012-09,CHF,-0.0067347520576692965,-0.0012682052743684127,-0.0015659460568937242,usrente
2012-10,CHF,0.006947812674220441,-0.0013345901031807813,-0.001582948708212065,usrente
2012-11,CHF,-0.018816747861982036,-0.0019224499384571001,-0.0015549789987614664,usrente
2012-12,CHF,0.002276793958002163,-0.0011646680737896749,-0.0016113900081183965,usrente
2013-01,CHF,-0.0023853421263583946,-0.0005715453344378783,-0.0015987249137662122,usrente
2013-02,CHF,0.02719944952561746,-0.001159679332604281,-0.001601278865755148,usrente
2013-03,CHF,-0.010620320722706238,-0.001500845527139389,-0.0015080726250063692,usrente
2013-04,CHF,0.020187759522692604,-0.002423396057837467,-0.0015374669737086269,usrente
2013-05,CHF,-0.02393168003215764,-0.0005593308617951056,-0.0014676109399581407,usrente
2013-06,CHF,0.012566725548603858,0.00021108361358242872,-0.0015396111614074982,usrente
2013-07,CHF,-0.020096881612356857,-6.952634985434264e-05,-0.0014945429930049061,usrente
2013-08,CHF,-0.003244649180117465,-0.000763899558465784,-0.0015537861096270463,usrente
2013-09,CHF,-0.02256888078906992,-0.0011706960347649777,-0.0015591539288984445,usrente
2013-10,CHF,0.011457655363999175,-0.0023595475869781527,-0.0016256404063040501,usrente
2013-11,CHF,-0.021703874863241754,-0.0010918795468448253,-0.0015843681798993082,usrente
2013-12,CHF,0.01168562626938599,-0.0008526926992957203,-0.0016476370688406367,usrente
2014-01,CHF,-0.011237948589833013,-0.0016974245494730277,-0.0016058400050844406,usrente
2014-02,CHF,-0.014880220451085571,-0.0021846455571030805,-0.0016359403444117793,usrente
2014-03,CHF,0.0026087464463205867,-0.0015565881097608838,-0.001677199783996433,usrente
2014-04,CHF,0.006210849393073897,-0.0016285947910108045,-0.0016638893919768151,usrente
2014-05,CHF,0.00840764999754448,-0.0022007146073226777,-0.001639509395738268,usrente
2014-06,CHF,0.0022301525746320494,-0.001363138236830529,-0.0016084996445244323,usrente
2014-07,CHF,0.013277468788071983,-0.0017707577961688973,-0.0015966884069270279,usrente
2014-08,CHF,0.02945848710251847,-0.001972670904359597,-0.0015510621578626134,usrente
2014-09,CHF,0.01672173580266808,-0.000943051152179957,-0.0014562317319898887,usrente
2014-10,CHF,0.011893723930431518,-0.0022694358623221666,-0.0014008110992622725,usrente
2014-11,CHF,0.011446374006447449,-0.0011666058092330716,-0.0013604021781993734,usrente
2014-12,CHF,-0.032301203708945764,-0.001722969048033525,-0.0013215937655186255,usrente
2015-01,CHF,-0.008721603891324488,-0.0027036147769907586,-0.0014151877532631186,usrente
2015-02,CHF,0.04562616082677539,-0.0009259236809910112,-0.0014371950307873998,usrente
2015-03,CHF,-0.02093615375671981,-0.0009313785101687628,-0.0012958636318157397,usrente
2015-04,CHF,-0.02950877743756871,-0.0017139527809307664,-0.0013546668956627577,usrente
2015-05,CHF,0.0005365670569255354,-0.0001521618357460152,-0.0014387090166833726,usrente
2015-06,CHF,0.023957049936876043,-0.0006078369825584294,-0.001432830218845251,usrente
2015-07,CHF,0.01435132784306311,-0.00146151969585781,-0.001357489328175455,usrente
2015-08,CHF,0.00412159264555079,-0.0019456726214256868,-0.0013110135377280036,usrente
2015-09,CHF,-0.00391510906026216,-0.0012040588179528869,-0.0012949881507566797,usrente
2015-10,CHF,0.04155260399247612,-0.0016904527256519507,-0.0013026943887258135,usrente
2015-11,CHF,-0.014664335803698943,-0.00021667428341668826,-0.0011770190269041068,usrente
2015-12,CHF,0.013078607027414042,-0.0012227960019622714,-0.0012164556256666647,usrente
2016-01,CHF,-0.016198734363657666,-0.001756245398484701,-0.001174779058164972,usrente
2016-02,CHF,-0.011048716115527686,-0.0025363629935669,-0.0012184533468437295,usrente
2016-03,CHF,-0.01820569697322465,-0.000641669384176521,-0.0012469468621152772,usrente
2016-04,CHF,0.014734180315505115,-0.0015709285029885884,-0.001295960590760102,usrente
2016-05,CHF,-0.008422399828919038,-0.0011618683705536528,-0.0012497642192723058,usrente
2016-06,CHF,0.013828645464460013,-0.0019440625187108489,-0.0012703752411391067,usrente
2016-07,CHF,-0.012179670546858219,-0.0017490479700008174,-0.001227111571495556,usrente
2016-08,CHF,0.0021601613090591817,-0.0009036979607911604,-0.0012584045971394497,usrente
2016-09,CHF,0.014688146561656972,-0.0008495996949574097,-0.0012486650931331856,usrente
2016-10,CHF,0.008770659579786066,-0.0005282767129933239,-0.0012033900600229867,usrente
2016-11,CHF,0.022921080855130883,0.0006547218846698502,-0.0011751349618932159,usrente
2016-12,CHF,-0.011742204085103314,0.0007563241654064113,-0.001107066555630436,usrente
2017-01,CHF,-0.006472514505617634,-0.0013428736943605238,-0.001137024689516275,usrente
2017-02,CHF,0.0004993757906525255,-0.001116497019772549,-0.0011520120204603801,usrente
2017-03,CHF,-0.0005992808808999548,-0.0007741224960014505,-0.0011473862842947978,usrente
2017-04,CHF,-0.014288832361852046,-0.0019320726078242887,-0.0011458552636149238,usrente
2017-05,CHF,-0.01903065413709521,-0.0010957365473725348,-0.0011824652276768656,usrente
2017-06,CHF,-0.007985523378927599,-0.0016867779953441682,-0.001232043530203028,usrente
2017-07,CHF,0.005089069507471289,-0.0005194344510764684,-0.0012507512306150072,usrente
2017-08,CHF,-0.002904867692630167,-0.0016956793906333794,-0.0012332379136589676,usrente
2017-09,CHF,0.020159070001789223,-0.001199699255232853,-0.001237842954372387,usrente
2017-10,CHF,0.009525811796122182,-0.00028971715516995674,-0.0011790602264708443,usrente
2017-11,CHF,-0.004548908526369145,-0.0011134040956534857,-0.0011497318099705893,usrente
2017-12,CHF,-0.02732017508638338,-0.0008168867850831822,-0.0011590191780481809,usrente
2018-01,CHF,-0.026268718632953887,-0.0002448828748409089,-0.001230302981613127,usrente
2018-02,CHF,0.013273356540877454,0.00010434753667693322,-0.0012983421545787264,usrente
2018-03,CHF,0.021600464177317473,-0.0012806673744457104,-0.0012588524562170567,usrente
2018-04,CHF,0.028695497596319067,-0.0009721460343640296,-0.0011970705193696661,usrente
2018-05,CHF,-0.006945520900022694,-0.0004885790400266058,-0.0011164975594891034,usrente
2018-06,CHF,0.004836768800614017,-0.001404397989655554,-0.001132166977071183,usrente
2018-07,CHF,-0.006859014181381815,-0.0011394915109441987,-0.0011161644682838234,usrente
2018-08,CHF,-0.020140741130382327,-0.001055887758620084,-0.0011315196814204488,usrente
2018-09,CHF,0.026195250039088555,-0.0005647384798337068,-0.0011822109386176807,usrente
2018-10,CHF,0.007117467768864086,-0.0002672822543809349,-0.001109398542400377,usrente
2018-11,CHF,-0.009232378673490055,-0.0011678040904230691,-0.0010875766158452988,usrente
2018-12,CHF,-0.0022204288493026057,-0.0025352066967048938,-0.0011091237112358934,usrente
2019-01,CHF,0.011752432993199006,-0.0016538459748142694,-0.0011120559147664124,usrente
2019-02,CHF,-0.0008991458720564159,-0.0011520001220288595,-0.001078201996587556,usrente
2019-03,CHF,0.007865041289976678,-0.0015592207463909673,-0.0010777320330061094,usrente
2019-04,CHF,0.002278243766852088,-0.0011765229400991053,-0.0010543216316370445,usrente
2019-05,CHF,-0.022715741332749007,-0.0016216880193340925,-0.0010456204164973862,usrente
2019-06,CHF,0.0,-0.002725637477764125,-0.001102053023050125,usrente
2019-07,CHF,-0.009457537316093965,-0.0010633540896162021,-0.0010991905476655792,usrente
2019-08,CHF,0.012085659722363525,-0.003238025308494241,-0.001120844295770316,usrente
2019-09,CHF,0.0024198438910352227,-0.0006641644052468819,-0.0010867189623901252,usrente
2019-10,CHF,-0.00010071000562416037,-0.0009438139634667692,-0.0010776814292627404,usrente
2019-11,CHF,-0.010427834305000529,-0.0005082651109851724,-0.0010751699346004304,usrente
2019-12,CHF,-0.013112255063295997,-0.0007785030819118195,-0.001099151125293764,usrente
2020-01,CHF,0.006577618781795171,-0.0015197341327986779,-0.001129875176286097,usrente
2020-02,CHF,-0.017463631629145132,-0.002244646591811259,-0.0011102132019032366,usrente
2020-03,CHF,0.01119530714333588,-0.004129925264944376,-0.0011518249536264984,usrente
2020-04,CHF,-0.0009281700248672045,-0.0019570911508460546,-0.0011204870549032437,usrente
2020-05,CHF,-0.01864151872995924,-0.0009878914661895543,-0.0011200001763461904,usrente
2020-06,CHF,-0.019745864479593582,-0.0008153539346268247,-0.001164246435319961,usrente
2020-07,CHF,-0.024748902370172632,-0.0015971061858518162,-0.0012110515185549068,usrente
2020-08,CHF,0.005480066322844465,-0.0010505074018156899,-0.0012701918473278157,usrente
2020-09,CHF,-0.002736279275256673,-0.0010333201899692221,-0.0012532739070516947,usrente
2020-10,CHF,-0.0015355931502746,-0.0006858526886159588,-0.001256981420472207,usrente
2020-11,CHF,-0.025120805239686003,-0.0008204987510435325,-0.001257676212815854,usrente
2020-12,CHF,-0.0021409665060098115,-0.0009784252201311277,-0.0013170372302956305,usrente
2021-01,CHF,0.012777578012500443,-0.0005975648537149418,-0.0013190817198135316,usrente
2021-02,CHF,0.03491080572972134,-0.0004139493222146622,-0.0012841889977038435,usrente
2021-03,CHF,-0.008641228970076464,0.0005470365515117045,-0.0011948186403521763,usrente
2021-04,CHF,-0.02093800798229868,-0.000997567661410011,-0.0012131595524943544,usrente
2021-05,CHF,0.0056338177182561205,-0.0012746082726135934,-0.0012616235535503847,usrente
2021-06,CHF,0.010519492140706313,-0.001618946762834864,-0.0012447229621979179,usrente
2021-07,CHF,-0.002947439500752866,-0.002031751354358964,-0.0012159596000881278,usrente
2021-08,CHF,0.00881638363727981,-0.0013196001937796754,-0.0012201827217970661,usrente
2021-09,CHF,-0.00010837171508844279,-0.0007144773130263017,-0.0011957628523102612,usrente
2021-10,CHF,-0.0015184384696237258,-0.00017668823216418744,-0.001193123553433509,usrente
2021-11,CHF,-0.0003256798595794863,-0.0012071682947274564,-0.0011939112408819114,usrente
2021-12,CHF,-0.002065105891243063,-0.0015611365263875595,-0.0011918140636323889,usrente
2022-01,CHF,0.004017595935534718,0.00021879244263558746,-0.0011939183812892818,usrente
2022-02,CHF,0.007126690351279399,-0.00033997406594449004,-0.00118139070264307,usrente
2022-03,CHF,0.01664571084286475,-0.0001719590757946189,-0.001161467246878268,usrente
2022-04,CHF,0.03677572416021486,0.0019050118148967125,-0.0011188663423573517,usrente
2022-05,CHF,-0.010458415842841448,-7.392949273743639e-05,-0.001028425792231881,usrente
2022-06,CHF,-0.00010307684387829419,0.0004045241345100054,-0.0010508781494952373,usrente
2022-07,CHF,-0.013177882008829134,-0.0023500431504751155,-0.0010486268399807076,usrente
2022-08,CHF,0.016471082474039295,-0.000998214373153689,-0.0010773691508073628,usrente
2022-09,CHF,0.021949870162866057,0.0026771941290555526,-0.0010358834495665904,usrente
2022-10,CHF,-0.029478395382796077,0.002054101834790562,-0.0009816717665184001,usrente
2022-11,CHF,-0.03626029620233205,-0.001503062435339613,-0.0010487228809096419,usrente
2022-12,CHF,-0.008083247116191128,-0.002651380145734253,-0.0011313791563120417,usrente
2023-01,CHF,0.0018379377031753213,-0.0016124800818460776,-0.0011476598775295571,usrente
2023-02,CHF,-0.0003240965836179138,0.00023265464245023808,-0.0011406841822475364,usrente
2023-03,CHF,-0.029607425789938496,-0.0016042767065110892,-0.0011387807146516632,usrente
2023-04,CHF,-0.0008907694609708583,-0.0023393461038361163,-0.0012049868659895397,usrente
2023-05,CHF,0.0030031722699343233,-0.0004718729481664755,-0.0012042578232864798,usrente
2023-06,CHF,-0.03170570759340437,-3.970880681061209e-05,-0.0011945184017743947,usrente
2023-07,CHF,0.006854819483898877,-0.00033837364660287725,-0.0012649830419398217,usrente
2023-08,CHF,0.023961999162088896,0.0003827693662044097,-0.0012462738195300551,usrente
2023-09,CHF,0.004325889947122588,0.00015537096148700194,-0.0011883237666987477,usrente
2023-10,CHF,-0.014829953450529218,0.001464282933839326,-0.0011756764875386068,usrente
2023-11,CHF,-0.028947890256755385,-0.002904555450099325,-0.0012069219725797753,usrente
2023-12,CHF,-0.006612936680987752,-0.004173364149246835,-0.0012702575166075732,usrente
2024-01,CHF,0.02073568131332512,-0.0009686055360379175,-0.0012824276285993278,usrente
2024-02,CHF,0.013026179544472119,-0.00022729811862131006,-0.0012323864719131358,usrente
2024-03,CHF,0.023687512860837118,-0.0011365704364266573,-0.001200054122669632,usrente
2024-04,CHF,-0.001209655395758194,0.0010230539136324302,-0.0011437474100372638,usrente
2024-05,CHF,-0.016643011467535787,-0.0014660618290210992,-0.0011438961865287331,usrente
2024-06,CHF,-0.0023522833585173653,-0.0022031469325993406,-0.0011788041038282985,usrente
2024-07,CHF,-0.03864221056191426,-0.0015023593466911523,-0.0011814411358613078,usrente
2024-08,CHF,-0.012550748291722896,-0.0036562875684284287,-0.0012654338924219645,usrente
2024-09,CHF,0.01650608150793126,-0.002211006590760837,-0.001290680680787291,usrente
2024-10,CHF,0.022501236320622092,0.0012852768203870338,-0.0012509557651874726,usrente
2024-11,CHF,0.012073489395963727,0.0006514447816152627,-0.0011980555600965828,usrente
2024-12,CHF,0.019987340924612518,-0.0008931352362000586,-0.0011685632379720044,usrente
2025-01,CHF,-0.006839519215822487,0.0006284351456603949,-0.001121654359562726,usrente
1997-06,CHF,0.027354003082042555,-0.005620635563980448,-0.00037339488925006945,alle fire
1997-07,CHF,0.020299842373097732,-0.008365189034875641,-0.00014424283990054364,alle fire
1997-08,CHF,-0.02856379240426049,0.002554595262723086,2.3331629058458624e-05,alle fire
1997-09,CHF,-0.012732049601071938,-0.0026989170987909827,-0.0002090840134888499,alle fire
1997-10,CHF,-0.0312776939557477,-0.00797636864212771,-0.00031007567145322965,alle fire
1997-11,CHF,0.022768181885457484,-0.0051127057239502074,-0.0005578166177275854,alle fire
1997-12,CHF,0.024365503091364482,-0.0025152067399718506,-0.00037268964548008485,alle fire
1998-01,CHF,-0.007964914975872872,-0.0070863296160476276,-0.00017790072629233236,alle fire
1998-02,CHF,0.01828575939729782,-0.005102313324057755,-0.0002387367751171801,alle fire
1998-03,CHF,0.01001610937690256,-0.0036455875346360633,-9.513602959458322e-05,alle fire
1998-04,CHF,-0.01749315744751717,-0.008921609781958507,-1.735721877537442e-05,alle fire
1998-05,CHF,0.010693131244668641,-0.009056964461456131,-0.00015076027395660951,alle fire
1998-06,CHF,0.012431604342145353,-0.003148795290108758,-6.860958063369094e-05,alle fire
1998-07,CHF,-0.013502483234390905,-0.007474230290353486,2.5376990214271784e-05,alle fire
1998-08,CHF,-0.06451619945987302,-0.010001590185362029,-7.557719056636386e-05,alle fire
1998-09,CHF,-0.04581958072459913,-0.024358044165424392,-0.0005529151333019687,alle fire
1998-10,CHF,0.03519187764951609,-0.012426220934915253,-0.0008857582626497422,alle fire
1998-11,CHF,-0.018065759395226477,0.006565196379373999,-0.0006224178545317434,alle fire
1998-12,CHF,0.018354484675130234,-0.0064623086006867815,-0.0007488188801889516,alle fire
1999-01,CHF,0.029581224017574292,-0.012675855691743072,-0.0006113850416614755,alle fire
1999-02,CHF,0.026823120620851848,0.0014793180572340732,-0.00039572354838122,alle fire
1999-03,CHF,0.020992300009194165,-0.010824472571227983,-0.00020268210037247485,alle fire
1999-04,CHF,0.007121731321810543,-0.014857068444236166,-5.342166298116048e-05,alle fire
1999-05,CHF,0.01944104313743017,0.0025080754860233394,-3.245767982617099e-06,alle fire
1999-06,CHF,0.006483425200322468,0.001634758939618993,0.00013178401608274947,alle fire
1999-07,CHF,-0.024930135949971566,-0.013427502907062194,0.0001755884380430234,alle fire
1999-08,CHF,0.011135018690150211,-0.0035935579444505263,3.6314216867590857e-06,alle fire
1999-09,CHF,-0.024273358332730144,-0.006481327730733177,7.935514460147645e-05,alle fire
1999-10,CHF,0.04251765596604967,0.003910164926332535,-8.519021673184531e-05,alle fire
1999-11,CHF,0.01899113920595269,-0.007391282882056054,0.0002007349254344736,alle fire
1999-12,CHF,0.0039062549670650926,0.00456740996308408,0.00032600428730459506,alle fire
2000-01,CHF,0.02759779502825216,0.008226146656227605,0.0003497145567069824,alle fire
2000-02,CHF,0.017463456178634373,-0.007049450233921326,0.0005289782440197797,alle fire
2000-03,CHF,0.0012615266143054527,-0.006478855881070014,0.0006396611063375221,alle fire
2000-04,CHF,0.031497270899787266,-0.0012416116114811826,0.0006436991940515995,alle fire
2000-05,CHF,-0.04582771537047586,0.0030871425756211364,0.0008427544953789265,alle fire
2000-06,CHF,0.006011129548721461,-0.012382361583626501,0.0005435848167516522,alle fire
2000-07,CHF,0.03742862930100643,-0.0010883181025661006,0.0005784099424329885,alle fire
2000-08,CHF,0.02516326808280034,-0.006162528277535598,0.0008116391788796558,alle fire
2000-09,CHF,0.009000655141649383,-0.003100751017417533,0.0009647940776464527,alle fire
2000-10,CHF,0.0019141994359749281,0.00452421875192573,0.001015018209296471,alle fire
2000-11,CHF,-0.05337063684841059,-0.000932951013181151,0.0010206031858596913,alle fire
2000-12,CHF,-0.03317553944474161,0.00022091332212559913,0.0006848547905864179,alle fire
2001-01,CHF,0.02309823523860033,-0.003428183539870819,0.0004771223106150802,alle fire
2001-02,CHF,0.013216838224660687,-0.005849155512072656,0.0006150559260296245,alle fire
2001-03,CHF,0.013102805043778032,-0.0018639115796633791,0.0006914303642031461,alle fire
2001-04,CHF,0.022909914544843812,0.0018726750880563065,0.0007661976815499827,alle fire
2001-05,CHF,0.01853998390573519,-5.389242576970101e-05,0.000898794788515814,alle fire
2001-06,CHF,-0.016146683999894718,-0.00119211521270803,0.0010038018665945007,alle fire
2001-07,CHF,-0.04433793865630642,0.0036661847988922447,0.0009023197017040321,alle fire
2001-08,CHF,-0.0283612806230219,-0.009272173207263527,0.0006362005348922059,alle fire
2001-09,CHF,0.0011622573567110495,-0.00859246423491225,0.0004666246216880298,alle fire
2001-10,CHF,0.009249746469342957,0.00029827619203615606,0.0004706689980544427,alle fire
2001-11,CHF,0.0034467154303409187,0.0015162299642006189,0.0005214151106052434,alle fire
2001-12,CHF,0.008595094235933964,0.007982123268111338,0.0005382271814083219,alle fire
2002-01,CHF,0.015499582834128667,-0.002779565021806195,0.000584266421719897,alle fire
2002-02,CHF,-0.013466818771728839,-0.004936589942134795,0.0006690125376994923,alle fire
2002-03,CHF,-0.012077659204691615,0.0013106342731707176,0.0005891490839739085,alle fire
2002-04,CHF,-0.04027555536348465,-0.0062340195838933386,0.0005179872396555629,alle fire
2002-05,CHF,-0.03132447365995411,-0.0038289906948682493,0.00029009035360450024,alle fire
2002-06,CHF,-0.04523133774186855,-0.007674513013729813,0.00011445388686250798,alle fire
2002-07,CHF,0.017110555537775296,-0.013954898013541377,-0.00013607534865534316,alle fire
2002-08,CHF,-0.002742201497655694,-0.012468482599159688,-4.1313640488141855e-05,alle fire
2002-09,CHF,6.697250781056985e-05,-0.012249396834046822,-5.60725905273088e-05,alle fire
2002-10,CHF,-0.01852029954867901,0.000415104668704957,-5.540386716677685e-05,alle fire
2002-11,CHF,-0.018591735670280884,0.003473642943941798,-0.00015521411409387,alle fire
2002-12,CHF,-0.04426538723880685,-0.008239416722042404,-0.0002543351977292841,alle fire
2003-01,CHF,-0.011912297841123687,-0.0075608329166207975,-0.0004896884172002871,alle fire
2003-02,CHF,0.0008818342723126427,-0.010227940277167067,-0.0005504469779658371,alle fire
2003-03,CHF,0.012337273686542194,-0.0043214792019407346,-0.000542868770292406,alle fire
2003-04,CHF,-0.04998437619503715,0.005940914625233664,-0.00047507854683538175,alle fire
2003-05,CHF,0.006462180849070354,-0.012080733059969945,-0.0007342895292866999,alle fire
2003-06,CHF,0.030964535983601493,-0.008490110383838899,-0.0006968079127327571,alle fire
2003-07,CHF,0.014587086745855071,0.009940367370381783,-0.0005327594987621133,alle fire
2003-08,CHF,-0.004935772523076809,0.006001223911662587,-0.00045482214698573605,alle fire
2003-09,CHF,-0.038647494661328385,-0.001314332277092339,-0.000477801379683639,alle fire
2003-10,CHF,0.007234394777044295,-0.0029911560471332197,-0.000672544712753255,alle fire
2003-11,CHF,-0.05201280135867009,0.00020128783881519848,-0.0006324079640740797,alle fire
2003-12,CHF,-0.0201332996954047,-0.0022924577469180508,-0.0008919049004104232,alle fire
2004-01,CHF,0.004589564801679796,-0.0028570593980312437,-0.000988595326515922,alle fire
2004-02,CHF,0.026164974744115832,-0.00023358543392730307,-0.0009607045258749435,alle fire
2004-03,CHF,0.014836952173452822,-0.004500658903450045,-0.0008257508976660342,alle fire
2004-04,CHF,-0.010074480744657777,0.009289836750678897,-0.0007482127636505942,alle fire
2004-05,CHF,-0.026518798096084012,0.006143955020036079,-0.0007941549704535853,alle fire
2004-06,CHF,-0.004087362933500788,0.003015556125874665,-0.0009202561622458912,alle fire
2004-07,CHF,0.013639294191362783,-0.004676594901553287,-0.0009357054635690859,alle fire
2004-08,CHF,0.00047520989330837593,-0.005150559169030644,-0.000864953038059708,alle fire
2004-09,CHF,-0.023960439487779955,-0.0021527904430317345,-0.0008584788209999587,alle fire
2004-10,CHF,-0.05150674611625275,-0.002055444113906027,-0.000969545939590247,alle fire
2004-11,CHF,-0.021229654750132443,0.0037043857118930325,-0.0012113507251245172,alle fire
2004-12,CHF,0.028122419137112997,0.002579827535972953,-0.00130667598238646,alle fire
2005-01,CHF,0.010628526877806327,-0.0007663729287932311,-0.0011672015979338557,alle fire
2005-02,CHF,-0.013686113768116237,0.0007844930705833489,-0.001111561369274704,alle fire
2005-03,CHF,0.016702201845391562,0.0016811573943369565,-0.0011705968265462606,alle fire
2005-04,CHF,0.018072281632662224,-0.0016949038379540456,-0.0010870790757428128,alle fire
2005-05,CHF,0.03970405141891381,-0.0006702357549927202,-0.0009979657701223242,alle fire
2005-06,CHF,0.02186732974986244,-0.0015653269512195403,-0.000809530505358268,alle fire
2005-07,CHF,-0.024713856539467977,0.004482107310581525,-0.0007050288451959606,alle fire
2005-08,CHF,0.0033201611527381714,0.0008124005281955286,-0.0008151610823256487,alle fire
2005-09,CHF,0.016359802859436445,0.001466570121494965,-0.0007962783323938505,alle fire
2005-10,CHF,0.017699577099400843,0.00779336538262085,-0.0007182961451582582,alle fire
2005-11,CHF,-0.004357305368955733,0.007561814293282827,-0.0006349573521964524,alle fire
2005-12,CHF,-0.021684424346012837,0.004301828380646107,-0.000651724685605278,alle fire
2006-01,CHF,0.021607810670434296,0.0011058879422315008,-0.0007460417244411863,alle fire
2006-02,CHF,-0.0001532449623717902,0.0067419505803030045,-0.0006462477405354922,alle fire
2006-03,CHF,-0.01700195514115735,0.00557137996696716,-0.0006440566170769868,alle fire
2006-04,CHF,-0.05117023513436478,0.003954800565954821,-0.0007164366990419441,alle fire
2006-05,CHF,0.010689180149350969,0.002788873246864678,-0.0009387001282724413,alle fire
2006-06,CHF,0.004453989628233818,0.00033794694635623426,-0.0008877006533705841,alle fire
2006-07,CHF,-0.004697506005913482,-0.0027854649096638656,-0.0008643744949356305,alle fire
2006-08,CHF,0.01106054144929225,-0.0025213862144454783,-0.000881040284113795,alle fire
2006-09,CHF,0.01173338280571995,0.0018255864721377125,-0.0008293451250947213,alle fire
2006-10,CHF,-0.019713756463528437,0.0010671779179911565,-0.0007751954357377614,alle fire
2006-11,CHF,-0.021018970496994527,-0.0036118376120001226,-0.0008564768135394382,alle fire
2006-12,CHF,0.02707054825023769,-0.0039601503611183,-0.0009426413164601864,alle fire
2007-01,CHF,-0.0030615557268412197,0.004707514723325066,-0.000823436254474238,alle fire
2007-02,CHF,-0.017500751896354916,-0.0038758398477203616,-0.0008329198115605387,alle fire
2007-03,CHF,-0.004444085990825686,-0.005750669137089701,-0.0009032482169816121,alle fire
2007-04,CHF,0.007150225655328218,-0.002281962735515124,-0.0009181256866196124,alle fire
2007-05,CHF,0.009698132325368147,0.0006603878586045374,-0.0008843668943938893,alle fire
2007-06,CHF,-0.021395135540492077,0.00233322231774452,-0.0008402731476448808,alle fire
2007-07,CHF,-0.003486059307281242,-0.0038212643867186055,-0.0009255630330923795,alle fire
2007-08,CHF,-0.014657492617160844,-0.0025967861237200978,-0.0009361435962088624,alle fire
2007-09,CHF,-0.009409640063244129,-0.005145580345830818,-0.000992610053085208,alle fire
2007-10,CHF,-0.044231114988642545,-0.003541496036358878,-0.001027106077717007,alle fire
2007-11,CHF,0.014932903949958054,-0.009210183053548942,-0.0012034489712309886,alle fire
2007-12,CHF,-0.03534819997182315,-0.0015996759618045306,-0.0011378540406570493,alle fire
2008-01,CHF,-0.010595641692697999,-0.007028749598700425,-0.0012763574654795842,alle fire
2008-02,CHF,-0.0727385633971517,-0.003812304466669289,-0.0013139352244603037,alle fire
2008-03,CHF,0.001184366502440276,-0.008515214857437444,-0.0016007811207361725,alle fire
2008-04,CHF,0.030119832483917548,-0.003569034847894259,-0.0015896405302434668,alle fire
2008-05,CHF,-0.0073971229264781085,-0.0038899151772455016,-0.0014633079684340604,alle fire
2008-06,CHF,-0.00852140336054354,-0.003459582270082367,-0.0014868548531882036,alle fire
2008-07,CHF,0.05284319643210121,-0.004678672901427667,-0.0015146593927429675,alle fire
2008-08,CHF,0.023790029588814862,-0.0003558923757670323,-0.0013006520863459432,alle fire
2008-09,CHF,0.02902871264749128,-0.0001984384159657241,-0.0012022572562472734,alle fire
2008-10,CHF,0.041224398451747885,0.007997782722755855,-0.0010841675300607948,alle fire
2008-11,CHF,-0.04341421231678316,0.007507719207602969,-0.0009195427597035625,alle fire
2008-12,CHF,-0.012086071868396733,-0.006159002633800943,-0.0010842507812426306,alle fire
2009-01,CHF,0.03248342877781034,-0.0002544552908598887,-0.0011267288549382064,alle fire
2009-02,CHF,-0.007243284233495212,0.005410815170383694,-0.0009974590178891737,alle fire
2009-03,CHF,-0.006424748614669212,0.001168476771848977,-0.0010213893826999246,alle fire
2009-04,CHF,-0.035912889802959466,0.002657280999625239,-0.0010420128912188914,alle fire
2009-05,CHF,-0.024401484874649493,0.002433879085578296,-0.0011746017768148632,alle fire
2009-06,CHF,-0.0026865549532146815,0.0014800238105241532,-0.0012625823946096912,alle fire
2009-07,CHF,-0.009038872517100768,0.0013838955352744244,-0.0012679558759629175,alle fire
2009-08,CHF,-0.027713646093240805,-0.0026768351130196165,-0.0012971698482980222,alle fire
2009-09,CHF,-0.017278628274547597,-0.0011828288751561025,-0.001396107961574962,alle fire
2009-10,CHF,-0.008061388524421764,-0.003924019933978699,-0.0014553710970711283,alle fire
2009-11,CHF,0.01664094783001613,-0.004358754375349344,-0.0014799287826746624,alle fire
2009-12,CHF,0.0042623332959499695,0.0010302231143502513,-0.0014128144248498817,alle fire
2010-01,CHF,0.035794394207839704,-0.0005421698885442938,-0.0013918729203450852,alle fire
2010-02,CHF,-0.005236593226935565,-0.0016315001110406484,-0.0012551587029620529,alle fire
2010-03,CHF,0.0022476128585433436,-0.0031440365259845495,-0.001269742712207377,alle fire
2010-04,CHF,0.055051424883012734,-0.0022436585676623684,-0.0012569056480805497,alle fire
2010-05,CHF,-0.00354767556127103,-0.0030071345358110924,-0.0010521480825129378,alle fire
2010-06,CHF,-0.06658414821281144,-0.0023016563778173664,-0.0010611898487403223,alle fire
2010-07,CHF,-0.013577032345382108,-0.0031219633967304447,-0.0012977348247839003,alle fire
2010-08,CHF,-0.037866220803790034,-0.004808755065894456,-0.001341904959750081,alle fire
2010-09,CHF,-0.03210352901567452,-0.0009709608140620735,-0.0014728164860728045,alle fire
2010-10,CHF,0.016485296284627634,-0.0029634796594712014,-0.001582211887964239,alle fire
2010-11,CHF,-0.016175618862797985,0.00241122341277359,-0.001517914705855371,alle fire
2010-12,CHF,-0.012880618510650838,0.004921630165917321,-0.0015698923801707703,alle fire
2011-01,CHF,-0.006818804285721111,-0.0007006396400266316,-0.0016098596103138096,alle fire
2011-02,CHF,-0.03372007993940615,-0.0008982988148832148,-0.0016282009648046804,alle fire
2011-03,CHF,-0.023463102009127074,-0.006414426197870766,-0.0017408040489260892,alle fire
2011-04,CHF,-0.02619842699051779,-0.0036128508509328016,-0.0018167561396960226,alle fire
2011-05,CHF,-0.03955944328473404,-0.005562874651578134,-0.001901709696667527,alle fire
2011-06,CHF,-0.02251073084834318,-0.006863665563032848,-0.0020324657160705356,alle fire
2011-07,CHF,-0.05171628183882079,-0.004613612643363898,-0.002103324764971133,alle fire
2011-08,CHF,0.1168709389109025,-0.0125205359489537,-0.0022744039272947526,alle fire
2011-09,CHF,0.021552315178659798,-0.0044093710387389535,-0.0018649697594658966,alle fire
2011-10,CHF,0.013417066604511807,0.0015238849402886899,-0.0017847735781709455,alle fire
2011-11,CHF,0.027699593138003686,-0.002219715215593363,-0.0017328901645781711,alle fire
2011-12,CHF,0.004489585307032917,1.1225474236407646e-05,-0.0016327796771544237,alle fire
2012-01,CHF,-0.02790275104340706,-0.0010047459007769303,-0.001612025897547009,alle fire
2012-02,CHF,0.0014247358429533563,-0.0023201183371632495,-0.0017008459149316713,alle fire
2012-03,CHF,0.00021901007533881023,0.00046015971153234164,-0.0016903220706290282,alle fire
2012-04,CHF,0.027005313598370745,0.0010700280697732499,-0.0016839149157767865,alle fire
2012-05,CHF,0.020360426947759393,0.0018090890816718575,-0.0015879643187395043,alle fire
2012-06,CHF,0.02138621721961969,0.005236990519654754,-0.0015148030145178413,alle fire
2012-07,CHF,-0.0104809837373573,0.00045519701509918326,-0.0014387198908163874,alle fire
2012-08,CHF,-0.030945984365708515,0.002331282128527331,-0.0014686611618314235,alle fire
2012-09,CHF,-0.0067347520576692965,0.0011819485174595643,-0.0015659460568937242,alle fire
2012-10,CHF,0.006947812674220441,0.0007151017166751087,-0.001582948708212065,alle fire
2012-11,CHF,-0.018816747861982036,-7.427537823510421e-05,-0.0015549789987614664,alle fire
2012-12,CHF,0.002276793958002163,-0.0004339943619169591,-0.0016113900081183965,alle fire
2013-01,CHF,-0.0023853421263583946,-0.0005549613183109996,-0.0015987249137662122,alle fire
2013-02,CHF,0.02719944952561746,-0.0007687282173676948,-0.001601278865755148,alle fire
2013-03,CHF,-0.010620320722706238,0.0014322662751524687,-0.0015080726250063692,alle fire
2013-04,CHF,0.020187759522692604,-0.00017680064151624547,-0.0015374669737086269,alle fire
2013-05,CHF,-0.02393168003215764,4.622865787699739e-05,-0.0014676109399581407,alle fire
2013-06,CHF,0.012566725548603858,0.0007767260719024273,-0.0015396111614074982,alle fire
2013-07,CHF,-0.020096881612356857,-0.0014712751790824858,-0.0014945429930049061,alle fire
2013-08,CHF,-0.003244649180117465,-0.0017361807452498349,-0.0015537861096270463,alle fire
2013-09,CHF,-0.02256888078906992,-0.0009305185103314826,-0.0015591539288984445,alle fire
2013-10,CHF,0.011457655363999175,-0.0018296454628968914,-0.0016256404063040501,alle fire
2013-11,CHF,-0.021703874863241754,-0.0005268120809330487,-0.0015843681798993082,alle fire
2013-12,CHF,0.01168562626938599,-0.0009542554446376485,-0.0016476370688406367,alle fire
2014-01,CHF,-0.011237948589833013,-0.0008909977866037012,-0.0016058400050844406,alle fire
2014-02,CHF,-0.014880220451085571,-0.002563683621701039,-0.0016359403444117793,alle fire
2014-03,CHF,0.0026087464463205867,-0.0016532365081285529,-0.001677199783996433,alle fire
2014-04,CHF,0.006210849393073897,-0.002103458774788989,-0.0016638893919768151,alle fire
2014-05,CHF,0.00840764999754448,-0.003873129258778037,-0.001639509395738268,alle fire
2014-06,CHF,0.0022301525746320494,-0.0023294868491111663,-0.0016084996445244323,alle fire
2014-07,CHF,0.013277468788071983,-0.001319074938501548,-0.0015966884069270279,alle fire
2014-08,CHF,0.02945848710251847,-0.0011965821010524466,-0.0015510621578626134,alle fire
2014-09,CHF,0.01672173580266808,0.0002355556878993379,-0.0014562317319898887,alle fire
2014-10,CHF,0.011893723930431518,0.00040813348493825034,-0.0014008110992622725,alle fire
2014-11,CHF,0.011446374006447449,0.001616331830134376,-0.0013604021781993734,alle fire
2014-12,CHF,-0.032301203708945764,0.005790518608309283,-0.0013215937655186255,alle fire
2015-01,CHF,-0.008721603891324488,0.0038264520703544273,-0.0014151877532631186,alle fire
2015-02,CHF,0.04562616082677539,-0.005977139057268609,-0.0014371950307873998,alle fire
2015-03,CHF,-0.02093615375671981,0.00031171310498143666,-0.0012958636318157397,alle fire
2015-04,CHF,-0.02950877743756871,-0.0031724637935024967,-0.0013546668956627577,alle fire
2015-05,CHF,0.0005365670569255354,-0.0014933061330197979,-0.0014387090166833726,alle fire
2015-06,CHF,0.023957049936876043,0.00032301416050237695,-0.001432830218845251,alle fire
2015-07,CHF,0.01435132784306311,3.8431337780100994e-05,-0.001357489328175455,alle fire
2015-08,CHF,0.00412159264555079,0.0018180865324826509,-0.0013110135377280036,alle fire
2015-09,CHF,-0.00391510906026216,-0.0030193627151860153,-0.0012949881507566797,alle fire
2015-10,CHF,0.04155260399247612,-0.0038443582349303837,-0.0013026943887258135,alle fire
2015-11,CHF,-0.014664335803698943,0.0006110024071445239,-0.0011770190269041068,alle fire
2015-12,CHF,0.013078607027414042,0.00034407581056811014,-0.0012164556256666647,alle fire
2016-01,CHF,-0.016198734363657666,0.0018017793354441172,-0.001174779058164972,alle fire
2016-02,CHF,-0.011048716115527686,-0.0052879512616878285,-0.0012184533468437295,alle fire
2016-03,CHF,-0.01820569697322465,-0.0063344649434944195,-0.0012469468621152772,alle fire
2016-04,CHF,0.014734180315505115,-0.0052598524679229736,-0.001295960590760102,alle fire
2016-05,CHF,-0.008422399828919038,-0.004761901808885844,-0.0012497642192723058,alle fire
2016-06,CHF,0.013828645464460013,-0.003858779091892003,-0.0012703752411391067,alle fire
2016-07,CHF,-0.012179670546858219,-0.0016318764393583457,-0.001227111571495556,alle fire
2016-08,CHF,0.0021601613090591817,-0.0026945764289792455,-0.0012584045971394497,alle fire
2016-09,CHF,0.014688146561656972,-0.0025653117775542625,-0.0012486650931331856,alle fire
2016-10,CHF,0.008770659579786066,-0.0030210655679375805,-0.0012033900600229867,alle fire
2016-11,CHF,0.022921080855130883,0.0015104609434877948,-0.0011751349618932159,alle fire
2016-12,CHF,-0.011742204085103314,-0.004354212136944861,-0.001107066555630436,alle fire
2017-01,CHF,-0.006472514505617634,-0.0038979142057348048,-0.001137024689516275,alle fire
2017-02,CHF,0.0004993757906525255,-0.0028305685617687143,-0.0011520120204603801,alle fire
2017-03,CHF,-0.0005992808808999548,-0.0005359106007121503,-0.0011473862842947978,alle fire
2017-04,CHF,-0.014288832361852046,-0.0035965195828283275,-0.0011458552636149238,alle fire
2017-05,CHF,-0.01903065413709521,-0.001417311915683759,-0.0011824652276768656,alle fire
2017-06,CHF,-0.007985523378927599,-0.0010716498697177443,-0.001232043530203028,alle fire
2017-07,CHF,0.005089069507471289,-0.0026614427311823716,-0.0012507512306150072,alle fire
2017-08,CHF,-0.002904867692630167,-0.004522257036541826,-0.0012332379136589676,alle fire
2017-09,CHF,0.020159070001789223,-0.004272341721420804,-0.001237842954372387,alle fire
2017-10,CHF,0.009525811796122182,-0.0018926347042939678,-0.0011790602264708443,alle fire
2017-11,CHF,-0.004548908526369145,-0.00454119828512619,-0.0011497318099705893,alle fire
2017-12,CHF,-0.02732017508638338,-0.0031352183102804007,-0.0011590191780481809,alle fire
2018-01,CHF,-0.026268718632953887,-0.0031615355472081044,-0.001230302981613127,alle fire
2018-02,CHF,0.013273356540877454,0.0003618206540657164,-0.0012983421545787264,alle fire
2018-03,CHF,0.021600464177317473,-0.0031150390056708913,-0.0012588524562170567,alle fire
2018-04,CHF,0.028695497596319067,-0.004461109672118021,-0.0011970705193696661,alle fire
2018-05,CHF,-0.006945520900022694,-0.002933572184944463,-0.0011164975594891034,alle fire
2018-06,CHF,0.004836768800614017,-0.001628999815851138,-0.001132166977071183,alle fire
2018-07,CHF,-0.006859014181381815,-0.0018286631199620415,-0.0011161644682838234,alle fire
2018-08,CHF,-0.020140741130382327,-0.0012917341535647337,-0.0011315196814204488,alle fire
2018-09,CHF,0.026195250039088555,-0.002930693041714336,-0.0011822109386176807,alle fire
2018-10,CHF,0.007117467768864086,-0.001569824823500675,-0.001109398542400377,alle fire
2018-11,CHF,-0.009232378673490055,0.002492713962818959,-0.0010875766158452988,alle fire
2018-12,CHF,-0.0022204288493026057,-0.0015836649697865367,-0.0011091237112358934,alle fire
2019-01,CHF,0.011752432993199006,-0.0031499054019391206,-0.0011120559147664124,alle fire
2019-02,CHF,-0.0008991458720564159,-0.002785229258365567,-0.001078201996587556,alle fire
2019-03,CHF,0.007865041289976678,-0.0026829392290604655,-0.0010777320330061094,alle fire
2019-04,CHF,0.002278243766852088,-0.003297054953432854,-0.0010543216316370445,alle fire
2019-05,CHF,-0.022715741332749007,-0.0028555612024044226,-0.0010456204164973862,alle fire
2019-06,CHF,0.0,-0.002035135273401859,-0.001102053023050125,alle fire
2019-07,CHF,-0.009457537316093965,-0.0018991535882765176,-0.0010991905476655792,alle fire
2019-08,CHF,0.012085659722363525,-0.00314281701362776,-0.001120844295770316,alle fire
2019-09,CHF,0.0024198438910352227,-0.0022211674837434667,-0.0010867189623901252,alle fire
2019-10,CHF,-0.00010071000562416037,-0.000735381103728484,-0.0010776814292627404,alle fire
2019-11,CHF,-0.010427834305000529,-0.00243877995515478,-0.0010751699346004304,alle fire
2019-12,CHF,-0.013112255063295997,-0.0027586012310933557,-0.001099151125293764,alle fire
2020-01,CHF,0.006577618781795171,-0.001283083221246847,-0.001129875176286097,alle fire
2020-02,CHF,-0.017463631629145132,-0.0008554755475952255,-0.0011102132019032366,alle fire
2020-03,CHF,0.01119530714333588,0.004947882519766538,-0.0011518249536264984,alle fire
2020-04,CHF,-0.0009281700248672045,0.008182252188669322,-0.0011204870549032437,alle fire
2020-05,CHF,-0.01864151872995924,-0.011284777465742938,-0.0011200001763461904,alle fire
2020-06,CHF,-0.019745864479593582,-0.007857343801355424,-0.001164246435319961,alle fire
2020-07,CHF,-0.024748902370172632,-0.004058206144775289,-0.0012110515185549068,alle fire
2020-08,CHF,0.005480066322844465,-0.002245840477136717,-0.0012701918473278157,alle fire
2020-09,CHF,-0.002736279275256673,0.00025343459723486754,-0.0012532739070516947,alle fire
2020-10,CHF,-0.0015355931502746,-0.0008536243109283104,-0.001256981420472207,alle fire
2020-11,CHF,-0.025120805239686003,-0.002792241078988597,-0.001257676212815854,alle fire
2020-12,CHF,-0.0021409665060098115,-0.005030162567177693,-0.0013170372302956305,alle fire
2021-01,CHF,0.012777578012500443,-0.002740304102914759,-0.0013190817198135316,alle fire
2021-02,CHF,0.03491080572972134,-0.0033993329081904917,-0.0012841889977038435,alle fire
2021-03,CHF,-0.008641228970076464,7.059772278628865e-06,-0.0011948186403521763,alle fire
2021-04,CHF,-0.02093800798229868,-0.0012606641081665936,-0.0012131595524943544,alle fire
2021-05,CHF,0.0056338177182561205,-0.0029913336941200346,-0.0012616235535503847,alle fire
2021-06,CHF,0.010519492140706313,-0.0033972352886733315,-0.0012447229621979179,alle fire
2021-07,CHF,-0.002947439500752866,-0.002924177539727891,-0.0012159596000881278,alle fire
2021-08,CHF,0.00881638363727981,0.0003332461834693748,-0.0012201827217970661,alle fire
2021-09,CHF,-0.00010837171508844279,-0.0011697427242883189,-0.0011957628523102612,alle fire
2021-10,CHF,-0.0015184384696237258,-0.001620326908468885,-0.001193123553433509,alle fire
2021-11,CHF,-0.0003256798595794863,-0.00020789730594146993,-0.0011939112408819114,alle fire
2021-12,CHF,-0.002065105891243063,0.0008501949366707812,-0.0011918140636323889,alle fire
2022-01,CHF,0.004017595935534718,-0.0013932058293614506,-0.0011939183812892818,alle fire
2022-02,CHF,0.007126690351279399,-0.0016971964110453048,-0.00118139070264307,alle fire
2022-03,CHF,0.01664571084286475,-0.003520121280415808,-0.001161467246878268,alle fire
2022-04,CHF,0.03677572416021486,0.005507518210541891,-0.0011188663423573517,alle fire
2022-05,CHF,-0.010458415842841448,-0.0009824800674279302,-0.001028425792231881,alle fire
2022-06,CHF,-0.00010307684387829419,-0.00039035270320363536,-0.0010508781494952373,alle fire
2022-07,CHF,-0.013177882008829134,-0.0008491749160875856,-0.0010486268399807076,alle fire
2022-08,CHF,0.016471082474039295,0.0014153790106247982,-0.0010773691508073628,alle fire
2022-09,CHF,0.021949870162866057,0.006525735066558153,-0.0010358834495665904,alle fire
2022-10,CHF,-0.029478395382796077,0.002282823084005357,-0.0009816717665184001,alle fire
2022-11,CHF,-0.03626029620233205,-0.0012491380336366652,-0.0010487228809096419,alle fire
2022-12,CHF,-0.008083247116191128,-0.0006009258983470872,-0.0011313791563120417,alle fire
2023-01,CHF,0.0018379377031753213,-0.002161913154066751,-0.0011476598775295571,alle fire
2023-02,CHF,-0.0003240965836179138,0.0007247005998372489,-0.0011406841822475364,alle fire
2023-03,CHF,-0.029607425789938496,-0.0008283152456946567,-0.0011387807146516632,alle fire
2023-04,CHF,-0.0008907694609708583,-0.004756844265107356,-0.0012049868659895397,alle fire
2023-05,CHF,0.0030031722699343233,0.0012020373187656174,-0.0012042578232864798,alle fire
2023-06,CHF,-0.03170570759340437,-0.00030421679041920746,-0.0011945184017743947,alle fire
2023-07,CHF,0.006854819483898877,-0.0022982545048875124,-0.0012649830419398217,alle fire
2023-08,CHF,0.023961999162088896,-0.0012013348976945455,-0.0012462738195300551,alle fire
2023-09,CHF,0.004325889947122588,-0.00208492606966903,-0.0011883237666987477,alle fire
2023-10,CHF,-0.014829953450529218,0.0017362944603631103,-0.0011756764875386068,alle fire
2023-11,CHF,-0.028947890256755385,-0.002720137146772352,-0.0012069219725797753,alle fire
2023-12,CHF,-0.006612936680987752,-0.004219407242719785,-0.0012702575166075732,alle fire
2024-01,CHF,0.02073568131332512,-0.0017275110134902416,-0.0012824276285993278,alle fire
2024-02,CHF,0.013026179544472119,-0.001038086556571309,-0.0012323864719131358,alle fire
2024-03,CHF,0.023687512860837118,-0.0019624523372898696,-0.001200054122669632,alle fire
2024-04,CHF,-0.001209655395758194,0.0007417653674134921,-0.0011437474100372638,alle fire
2024-05,CHF,-0.016643011467535787,0.00026028488900002133,-0.0011438961865287331,alle fire
2024-06,CHF,-0.0023522833585173653,-0.0027080388531947113,-0.0011788041038282985,alle fire
2024-07,CHF,-0.03864221056191426,-0.0018244284703593234,-0.0011814411358613078,alle fire
2024-08,CHF,-0.012550748291722896,-0.0029359150605315796,-0.0012654338924219645,alle fire
2024-09,CHF,0.01650608150793126,-0.0009320001513197242,-0.001290680680787291,alle fire
2024-10,CHF,0.022501236320622092,0.0015499148437760246,-0.0012509557651874726,alle fire
2024-11,CHF,0.012073489395963727,0.0015406710764310698,-0.0011980555600965828,alle fire
2024-12,CHF,0.019987340924612518,-0.00034670004491000445,-0.0011685632379720044,alle fire
2025-01,CHF,-0.006839519215822487,0.00012666617142180958,-0.001121654359562726,alle fire
1997-06,JPY,0.009494039830039824,0.003216034570926482,-0.001957671298608695,olie
1997-07,JPY,0.021891494846971504,-0.005124899082981974,-0.0018630290578760624,olie
1997-08,JPY,0.024794052924283605,-0.0021592932051012286,-0.0016683198455412463,olie
1997-09,JPY,0.001409379424491597,-0.00096696831914339,-0.0014531786035101501,olie
1997-10,JPY,0.03507226389681506,-0.006166295602340762,-0.0014300934581230392,olie
1997-11,JPY,0.03412428664913936,0.0010680014043073088,-0.0011380745992835345,olie
1997-12,JPY,-0.001439361930934524,0.005959674988304911,-0.0008582145893754162,olie
1998-01,JPY,-0.02894417420502915,0.006620565601635909,-0.0008627905526947793,olie
1998-02,JPY,0.025346750383821615,0.0031163969494879358,-0.0010821763624786415,olie
1998-03,JPY,0.020483326094138832,0.003134994603633268,-0.000877300961344531,olie
1998-04,JPY,0.023570599653975677,-0.0027881015184308315,-0.0007129884455331205,olie
1998-05,JPY,0.03949624360637838,-0.0041362579501322315,-0.0005276175440101527,olie
1998-06,JPY,0.003250596296533459,0.00860774539865692,-0.00022440647468902736,olie
1998-07,JPY,0.027273456000665774,0.00021045363433418721,-0.0001982786343038959,olie
1998-08,JPY,-0.07310519996546372,0.0006027768874702554,6.734310733191199e-06,olie
1998-09,JPY,-0.10522708927006086,-0.0067747238595294796,-0.0005348355727941934,olie
1998-10,JPY,-0.00629078047252829,0.0017878086806606336,-0.0013046315558623307,olie
1998-11,JPY,-0.02712160320560475,0.007688070501385758,-0.0013410268034292354,olie
1998-12,JPY,-0.03282883128484215,0.005339763826018754,-0.0015278425744594927,olie
1999-01,JPY,0.02938481996244313,-0.0089200061631657,-0.0017530295435989364,olie
1999-02,JPY,0.02375468157252225,0.002280342361243122,-0.001530616332841493,olie
1999-03,JPY,0.002502035827992799,-0.011935599188953663,-0.001351287978902743,olie
1999-04,JPY,0.01842450611584745,-0.011419393179187727,-0.0013241518957555914,olie
1999-05,JPY,-0.01050585625740652,-0.0010735483623407881,-0.0011860493921779477,olie
1999-06,JPY,-0.011614135672835424,-0.003085265339289012,-0.0012507702731864795,olie
1999-07,JPY,-0.05250406756892012,-0.0095238671739425,-0.0013222417587012997,olie
1999-08,JPY,-0.057731088264838526,-0.004653372195452591,-0.0016728022094562231,olie
1999-09,JPY,-0.008552947691664592,-0.007927615064921876,-0.002054151094186715,olie
1999-10,JPY,-0.012501735611849085,-0.0007072927797600326,-0.0020980618820075113,olie
1999-11,JPY,-0.019922215711489777,-0.008110999809497267,-0.0021678851956306094,olie
1999-12,JPY,0.02609053212856427,-0.004150688184393521,-0.0022862473990696705,olie
2000-01,JPY,0.038130333918764414,-0.0020700555708120395,-0.0020983217068336842,olie
2000-02,JPY,-0.028570868408435146,-0.0063591232547187595,-0.0018336594987705386,olie
2000-03,JPY,-0.0064208768147748785,-0.0012725120182898076,-0.002008412498180111,olie
2000-04,JPY,0.025180404696726555,0.008682336837140339,-0.0020370648638722852,olie
2000-05,JPY,-0.020472069060425646,-0.013411638291293998,-0.00186146828606197,olie
2000-06,JPY,0.019465289376989325,-0.0061196475823295455,-0.0019807670089745577,olie
2000-07,JPY,-0.00121225081526255,0.0005707537345426938,-0.0018441679237136412,olie
2000-08,JPY,-0.011566406115208316,-0.004694931866028212,-0.0018401684483436976,olie
2000-09,JPY,0.014914778680042318,-0.007172209746977062,-0.0019013397544246071,olie
2000-10,JPY,0.005211267222406946,0.0022899750366066653,-0.0017962390142091888,olie
2000-11,JPY,0.028928169380789903,-0.004435670563923167,-0.0017527141307519458,olie
2000-12,JPY,0.0390025181767788,0.011926480576379041,-0.0015633259609276135,olie
2001-01,JPY,-0.0037629023695018304,-0.0010983168450928418,-0.0013144557514938318,olie
2001-02,JPY,0.044352594614593066,-0.005531956464221896,-0.001329385304042661,olie
2001-03,JPY,0.01847766982434873,0.005825599645136426,-0.0010525248196872929,olie
2001-04,JPY,-0.01631384657793422,-0.003588243784500047,-0.0009348730447232205,olie
2001-05,JPY,0.0047747256850154685,-0.006802087469686282,-0.0010269627065987354,olie
2001-06,JPY,0.01739649161545831,0.00012357083837159452,-0.0009924288471248415,olie
2001-07,JPY,-0.025471441736413247,0.0065968187787796605,-0.00088361866687287,olie
2001-08,JPY,-0.022963880382291357,-0.0033297701030528502,-0.0010282529202231077,olie
2001-09,JPY,0.023677164211354018,-0.0009158628727780626,-0.0011565314433930973,olie
2001-10,JPY,0.007807006872433853,0.011680402028146174,-0.0010121494919120096,olie
2001-11,JPY,0.041517962824215715,0.00405679704390205,-0.0009611717094591433,olie
2001-12,JPY,0.039107819108291864,-0.0004311592678854641,-0.0007170387523690578,olie
2002-01,JPY,0.007203986910497839,-0.002680337199792291,-0.000489468136022424,olie
2002-02,JPY,-0.01950620887689425,-0.0029710751898517525,-0.0004457553232581043,olie
2002-03,JPY,-0.0022090442267357346,-0.0097398065896427,-0.0005534415015272351,olie
2002-04,JPY,-0.03420014210795763,-0.005274389689467364,-0.0005627426404329008,olie
2002-05,JPY,-0.02471031798944523,0.0002505296152555801,-0.0007506610732123686,olie
2002-06,JPY,-0.044714185424787445,0.0022857753142106123,-0.0008837702783025511,olie
2002-07,JPY,0.009232972765658154,-0.004902649746200241,-0.0011259272680621362,olie
2002-08,JPY,0.017372819320407906,-0.002955378618214146,-0.0010690102349098268,olie
2002-09,JPY,0.02310196758424521,-0.004467133881235302,-0.0009682352100173802,olie
2002-10,JPY,-0.018734999069654812,0.0009997680691191065,-0.0008374188904833444,olie
2002-11,JPY,0.0023408558012176783,0.005991445086466086,-0.0009341625671275145,olie
2002-12,JPY,-0.025589436804033028,-0.009155840592480716,-0.0009165549414912501,olie
2003-01,JPY,0.004405611632564366,-0.006336157518687266,-0.0010484954862107249,olie
2003-02,JPY,-0.005468346784821776,-0.0036415183880656437,-0.0010194842781321338,olie
2003-03,JPY,0.010125741374105601,0.0029340587141997135,-0.0010430232331939838,olie
2003-04,JPY,-0.021301209888118677,0.010543871307205334,-0.0009842402615766177,olie
2003-05,JPY,0.008153730560504613,-0.0027657547181153194,-0.0010906118303019687,olie
2003-06,JPY,0.0030958797412861117,-0.004412473291389091,-0.0010424642136831845,olie
2003-07,JPY,-0.00028227367842159623,-0.0021993201902400965,-0.0010210220170253125,olie
2003-08,JPY,-0.03309100259587616,-0.0036207228973890674,-0.0010172140358984893,olie
2003-09,JPY,-0.04730803136378103,0.004052494104971792,-0.0011816950028727337,olie
2003-10,JPY,-0.0029057065817532646,-0.005642061853198304,-0.0014170334536936944,olie
2003-11,JPY,-0.013278176604289982,0.00012967618594255759,-0.0014245901700797835,olie
2003-12,JPY,-0.013730659040775528,-0.003134837617616402,-0.0014844567682323604,olie
2004-01,JPY,0.004126284634762278,-0.00377775312710825,-0.001545995473119512,olie
2004-02,JPY,0.016799668043613103,-0.0007350767274856623,-0.0015176340725801029,olie
2004-03,JPY,-0.007950189002522201,-0.0054914308115462385,-0.0014265032162806342,olie
2004-04,JPY,0.041302667858492015,-0.0012571644168808264,-0.0014587986904699489,olie
2004-05,JPY,-0.024929369197129958,-0.006588337008517273,-0.001248151072002156,olie
2004-06,JPY,0.000488761465362586,0.002111436256670334,-0.001364235474576312,olie
2004-07,JPY,0.006795016330244152,-0.005357097979567753,-0.0013551964651131953,olie
2004-08,JPY,-0.0012908205582187193,-0.0066812948551518165,-0.0013156323253299073,olie
2004-09,JPY,-0.011951261360085397,-0.0016441364186483422,-0.0013155124617206745,olie
2004-10,JPY,-0.03827010177688184,-0.008146725280385184,-0.0013666458698858895,olie
2004-11,JPY,-0.008523408341438277,0.006154350596818065,-0.0015432174292495065,olie
2004-12,JPY,-0.004531958783799972,0.0029123111037497275,-0.0015764564335932626,olie
2005-01,JPY,0.015394580720618833,-0.007263228703329536,-0.0015904635537364222,olie
2005-02,JPY,0.0029505465069492587,-0.002356354479589595,-0.001510345420366822,olie
2005-03,JPY,0.018259084308418494,-0.008792327551070756,-0.0014894022657784836,olie
2005-04,JPY,-0.005599928567892931,-0.00010146599972435367,-0.0013971196182355071,olie
2005-05,JPY,0.01998835949901867,0.001755391420560855,-0.001416667566838565,olie
2005-06,JPY,0.029056764438803562,-0.006281647856093299,-0.001317570219311448,olie
2005-07,JPY,-0.012104748808273946,-0.0034781222504692857,-0.0011775963268777384,olie
2005-08,JPY,0.005702182048355375,-0.005756322321044637,-0.0012277208795446934,olie
2005-09,JPY,0.032115661647995175,-0.0002045712630281166,-0.001196077487179853,olie
2005-10,JPY,0.030727998156365288,0.002403573283642744,-0.0010446604911108755,olie
2005-11,JPY,7.091108934265122e-05,0.0019915249657418074,-0.0009008928049232005,olie
2005-12,JPY,-0.02552856459002495,-0.0019927754718216317,-0.000896515309903985,olie
2006-01,JPY,0.02043467566522761,-0.005487177923233266,-0.0010069729299942134,olie
2006-02,JPY,-0.004956242286372259,0.0013424414276392758,-0.0009112512844798304,olie
2006-03,JPY,-0.0017777039023396668,-0.00204003826002173,-0.000929229022266019,olie
2006-04,JPY,-0.04667805391038282,-0.006201593005631835,-0.0009329833358946634,olie
2006-05,JPY,0.025576208953556723,-0.0005353738995002881,-0.0011345034705840386,olie
2006-06,JPY,0.009913619856168232,9.171840637298568e-05,-0.001017351223109737,olie
2006-07,JPY,0.0013578414396073768,-0.004109660389434923,-0.0009696177249469511,olie
2006-08,JPY,0.011068197754321218,-0.00039362297519087124,-0.0009594983372749758,olie
2006-09,JPY,0.011826779386589159,0.007280580401231808,-0.0009074303888265074,olie
2006-10,JPY,-0.010922863065209398,0.002706286883852705,-0.0008525415535876467,olie
2006-11,JPY,1.278540758864466e-05,-0.0014350256423784386,-0.0008957618175860233,olie
2006-12,JPY,0.026288361035104124,-0.0035482566605418465,-0.000891879137136559,olie
2007-01,JPY,0.000478103928646334,0.006474185811670985,-0.000776218540658939,olie
2007-02,JPY,-0.027295064783375622,-0.003755967254565383,-0.0007709036149415438,olie
2007-03,JPY,0.014161572937251066,-0.0041583192944724305,-0.0008828199067914766,olie
2007-04,JPY,0.01535914210945144,-0.004441081617130766,-0.0008196081721526424,olie
2007-05,JPY,0.01573503128228282,-0.0003219536740060754,-0.0007519146563300312,olie
2007-06,JPY,-0.01043665563231233,-0.002946702078504375,-0.0006832190482524776,olie
2007-07,JPY,-0.03931922329455162,-0.004072789126300328,-0.0007236897394726431,olie
2007-08,JPY,-0.01458324122798249,0.0032962918388467675,-0.0008831754153200768,olie
2007-09,JPY,0.007124896322018515,-0.004662686075926115,-0.0009395542869771238,olie
2007-10,JPY,-0.04224847153347522,-0.003581188420064943,-0.0009065032598910761,olie
2007-11,JPY,0.012313043025768522,-0.006164071282808358,-0.0010752459875383582,olie
2007-12,JPY,-0.04205423761879601,9.901784767403716e-06,-0.001020822048459875,olie
2008-01,JPY,-0.007336378909440278,-0.0015117619996985001,-0.0011869492370037461,olie
2008-02,JPY,-0.060405431601366466,-0.002272055663596437,-0.001211745324392603,olie
2008-03,JPY,0.018891218668793286,-0.005134450725616276,-0.0014494709720912933,olie
2008-04,JPY,0.016246713085635633,-0.003342803692658092,-0.001368108213527755,olie
2008-05,JPY,0.024194327735407306,-0.00622951007960158,-0.0012979296426147533,olie
2008-06,JPY,-0.0005931692156311286,-0.00404648836486582,-0.0011967698911146659,olie
2008-07,JPY,0.023224310372626178,-0.0009938327005204351,-0.0011943841176937822,olie
2008-08,JPY,-0.02582005200494919,0.005953887794481158,-0.0010982475252122076,olie
2008-09,JPY,-0.06401795820242828,0.005122370222157836,-0.0011951957780739213,olie
2008-10,JPY,-0.030472851405590085,0.009169851031110334,-0.0014405971937940555,olie
2008-11,JPY,-0.060479348887080064,0.007254183240040476,-0.00155356316348976,olie
2008-12,JPY,-0.012729263835036697,0.0031495383464724388,-0.0017819576817982494,olie
2009-01,JPY,0.03054604300179431,-0.003106702237158616,-0.0018242252731234944,olie
2009-02,JPY,0.05179308444847397,-0.0016113423371886548,-0.0016997242412968875,olie
2009-03,JPY,0.010824651496283089,-0.002507564542073945,-0.0014947709512977655,olie
2009-04,JPY,-0.02327214498127006,-0.0024806343105420606,-0.001447750254932953,olie
2009-05,JPY,-0.0003104641982103473,-0.0034712874910695565,-0.0015307327443867063,olie
2009-06,JPY,-0.02353739770949481,-0.004141834269301021,-0.0015261105150451292,olie
2009-07,JPY,0.005601710902108259,-0.000502127767011396,-0.00160917197615626,olie
2009-08,JPY,-0.038918410307547724,-0.003457298155778694,-0.0015820633939071453,olie
2009-09,JPY,-0.009994473255293457,-0.0003591812747383745,-0.0017218998992016793,olie
2009-10,JPY,-0.012243903462404226,-0.0029782173821299284,-0.0017527677102318726,olie
2009-11,JPY,0.007627606264027698,-0.002649970869843734,-0.0017917682148867883,olie
2009-12,JPY,0.012705912931132879,-0.0011365481051923633,-0.0017568816427426606,olie
2010-01,JPY,-0.010611408516147947,-0.002024510816394724,-0.0017035133970826032,olie
2010-02,JPY,0.006376379317265091,-0.001049697999207163,-0.0017362630114909317,olie
2010-03,JPY,0.029720576302670665,-0.0028418579779672356,-0.0017065463729240599,olie
2010-04,JPY,-0.015960370225053033,-0.0027863999999554762,-0.0015918488449109403,olie
2010-05,JPY,-0.012770794245160033,0.0004390992927626933,-0.0016440980135660026,olie
2010-06,JPY,-0.03707975383688211,-0.0013228265202851306,-0.0016844121303471403,olie
2010-07,JPY,-0.024618130075607425,-0.00191211806623317,-0.0018121931473382414,olie
2010-08,JPY,-0.011967399019404468,-0.0021342999436644475,-0.0018942288916845333,olie
2010-09,JPY,-0.0316562002922387,-0.002019832150389086,-0.0019303334441136371,olie
2010-10,JPY,0.009613673114920118,-0.0029822529888816965,-0.0020364972542855123,olie
2010-11,JPY,0.009883376522835441,-0.0024298522666028684,-0.0019950375732563108,olie
2010-12,JPY,-0.00858752971161092,-0.003031575210754068,-0.001952915537454567,olie
2011-01,JPY,-0.0010680436806120852,-0.0027925684844857974,-0.001976359403794342,olie
2011-02,JPY,-0.01083917794205913,-0.0030879356039352265,-0.0019731611089944044,olie
2011-03,JPY,0.01856699300778164,-0.0036102123294564246,-0.002004269939987614,olie
2011-04,JPY,-0.024972265910457203,-0.003002948733334649,-0.0019323424471632462,olie
2011-05,JPY,-0.008663540033825079,-0.0007348875557902097,-0.002012620926129427,olie
2011-06,JPY,-0.01482349255764781,-0.0017631987959960435,-0.0020357143952533705,olie
2011-07,JPY,-0.02915290299115103,-0.002424568457312178,-0.002079962762597296,olie
2011-08,JPY,-0.0022112190610616977,-0.001075163323235322,-0.0021733177289026536,olie
2011-09,JPY,-0.0019903720562171046,-0.002461462693994824,-0.002173447974030348,olie
2011-10,JPY,0.01188710678510052,-0.0015784662262666141,-0.0021728210017090696,olie
2011-11,JPY,0.003053630100598781,-0.002209464371869068,-0.002124834900047603,olie
2011-12,JPY,-0.010761233773530776,-0.0015578894107723456,-0.0021072210735147926,olie
2012-01,JPY,0.019378606080612037,-0.0024684257888793935,-0.0021365567097860333,olie
2012-02,JPY,0.0496684884221521,-0.003207355163019666,-0.002063870349007661,olie
2012-03,JPY,-0.014824515326400167,-0.00254625526798803,-0.0018896873228421403,olie
2012-04,JPY,-0.019707422332965407,-0.0011271826897919107,-0.0019330927859413283,olie
2012-05,JPY,-0.004423149453804953,-0.0006873331709208567,-0.0019925387041588,olie
2012-06,JPY,-0.004807592198167399,0.0002596435207671893,-0.002000640739990954,olie
2012-07,JPY,-0.003094675483158227,-0.0030158160025478445,-0.002009966160117786,olie
2012-08,JPY,-0.007085580400601366,-0.0033618246114304256,-0.0020135579128430854,olie
2012-09,JPY,0.011172987750433627,-0.001879595191776582,-0.0020302972609875024,olie
2012-10,JPY,0.02521069989084168,-0.0017513127279619033,-0.0019868654023973012,olie
2012-11,JPY,0.03349400889887999,-0.0014570950496056352,-0.0018976930571735667,olie
2012-12,JPY,0.060969329827212704,-0.0017539889227580346,-0.0017820339004544375,olie
2013-01,JPY,0.04332773157253467,-0.001964517940207278,-0.0015776320642079647,olie
2013-02,JPY,0.018836206175764758,-0.0017433512875493018,-0.0014318354290237354,olie
2013-03,JPY,0.03104417933304493,-0.0002959777289587159,-0.001366243061370698,olie
2013-04,JPY,0.031817168487328296,-0.00025749056053633705,-0.001261693311711293,olie
2013-05,JPY,-0.03718352234563138,-0.001115146579979306,-0.0011553304120359245,olie
2013-06,JPY,0.02476108905061203,-0.0012386223126239933,-0.0012708053861820638,olie
2013-07,JPY,-0.0188414820035101,-0.001875130951198616,-0.00118763639437122,olie
2013-08,JPY,0.014188479657863518,-0.0016591715618866254,-0.0012438588326168852,olie
2013-09,JPY,-0.014621034144231437,-0.0011485572460436103,-0.0011948672818534554,olie
2013-10,JPY,0.023289133019376962,-0.0007680437578812245,-0.0012373551516711072,olie
2013-11,JPY,0.033278150038412946,-0.0008673661945570997,-0.0011599845265258452,olie
2013-12,JPY,0.002908968017198532,-0.001419427078735421,-0.0010516885058813835,olie
2014-01,JPY,-0.015893541840216407,-0.0005356416658015013,-0.0010392726547118541,olie
2014-02,JPY,0.002095226937458783,-0.0011139262963159808,-0.0010856922459165559,olie
2014-03,JPY,0.0011591928355807468,-0.0007635324643647983,-0.0010757828403608694,olie
2014-04,JPY,-0.006702206920671472,-0.0010210556763937525,-0.0010688419221126036,olie
2014-05,JPY,0.002836586285461351,-0.0012697092981210083,-0.0010862826806220737,olie
2014-06,JPY,-0.0031687504955622003,-0.0013244671099812708,-0.001074175060356384,olie
2014-07,JPY,0.011762668856254876,-0.00021664347267515908,-0.0010806199078493251,olie
2014-08,JPY,0.042616237563030346,-0.00010740427651883156,-0.0010412233165483919,olie
2014-09,JPY,0.005576195883084445,3.128830986293043e-06,-0.0009077142618707811,olie
2014-10,JPY,0.07379225874295514,0.0010980435497198698,-0.0008879462431361615,olie
2014-11,JPY,0.02566871554558592,0.0014821292561343316,-0.0006609547386191666,olie
2014-12,JPY,-0.009035588613486745,0.0049215031689343715,-0.0005811678589700604,olie
2015-01,JPY,0.004303622523516459,0.005048498504992945,-0.0006067099156302316,olie
2015-02,JPY,0.01366920087262713,-0.004621194104170615,-0.0005919197576809945,olie
2015-03,JPY,-0.007377984648462288,0.00027513003334156096,-0.0005490935696019912,olie
2015-04,JPY,0.010723862952542795,-0.001726817459328111,-0.0005695393512752256,olie
2015-05,JPY,0.023889902806021546,-0.001881390811542754,-0.0005358277026071121,olie
2015-06,JPY,-0.0033008233443565516,0.0003689056376554614,-0.0004631320760933364,olie
2015-07,JPY,-0.0024935593297907843,0.001127175811462299,-0.00047155252496058626,olie
2015-08,JPY,-0.023494262252377496,0.003152270254547424,-0.00047753479361393005,olie
2015-09,JPY,-0.0008284911486038382,-0.0008824890891851527,-0.0005454307448197222,olie
2015-10,JPY,0.021386831048824995,-0.0007762325471845174,-0.0005462632754190873,olie
2015-11,JPY,-0.008254569787354171,0.0010181878629115934,-0.0004819433507145592,olie
2015-12,JPY,-0.028428401799285297,0.0019567334328338425,-0.0005046703285994704,olie
2016-01,JPY,-0.031013307076474206,0.0024684952524014663,-0.0005860806244323736,olie
2016-02,JPY,-0.014799836993586446,-0.0012025508493341765,-0.0006745318641185417,olie
2016-03,JPY,-0.03038480162552304,-0.002722664069767132,-0.0007154747775372893,olie
2016-04,JPY,-0.006445077255145648,-0.0019112688463132693,-0.0008012242770979417,olie
2016-05,JPY,-0.03265664914884425,-0.0023765627976561126,-0.0008174889830865518,olie
2016-06,JPY,-0.011070929937656793,-0.0013409054076135218,-0.0009089808226433268,olie
2016-07,JPY,-0.028748609474079423,0.00015969976296161502,-0.0009380981553511018,olie
2016-08,JPY,0.005378724500082477,-0.0012596527386901492,-0.001017556759118897,olie
2016-09,JPY,0.020645212038937544,-0.0011862608453876325,-0.0009993337355884088,olie
2016-10,JPY,0.042723609022979225,-0.001763012301409777,-0.0009378435487289601,olie
2016-11,JPY,0.0673491223458429,0.0005562848666160976,-0.0008141567142482003,olie
2016-12,JPY,-0.009754476136021317,-0.003312290554109938,-0.0006216050784852311,olie
2017-01,JPY,-0.01721412385549037,-0.0009752650465308251,-0.0006473314758304032,olie
2017-02,JPY,4.339583958579141e-05,-0.0007303482329201608,-0.0006938674094811335,olie
2017-03,JPY,-0.025341310991739086,0.00034643363549034,-0.0006918022463184811,olie
2017-04,JPY,0.0193642128885001,-0.0009310450313077957,-0.0007606556227023374,olie
2017-05,JPY,-0.011915481563214314,-6.584913526969159e-05,-0.0007045974931446704,olie
2017-06,JPY,0.013459143731238576,0.0005547683839457601,-0.0007357388377837528,olie
2017-07,JPY,-0.023308771088815128,-0.0013514803450826876,-0.0006964178334374306,olie
2017-08,JPY,0.008603743866490987,-0.0017408806665296763,-0.0007588828976788054,olie
2017-09,JPY,0.019123407671430392,-0.001985762510398306,-0.0007330905374469327,olie
2017-10,JPY,-0.0008487874279490271,-0.0009946682473357465,-0.0006785397181917753,olie
2017-11,JPY,0.0010763667684461353,-0.0019417849743768487,-0.000679006150273302,olie
2017-12,JPY,-0.018493768048283954,-0.0010172377987329156,-0.0006742100494024838,olie
2018-01,JPY,-0.02651395255700706,-0.0017432963925667353,-0.0007227647033503897,olie
2018-02,JPY,-0.01797290464963197,0.00014471541365167846,-0.0007928494529527176,olie
2018-03,JPY,0.015062310097287757,-0.0009509502146904515,-0.0008394078681198701,olie
2018-04,JPY,0.018698979199498034,-0.0020974318255596483,-0.0007964302519971468,olie
2018-05,JPY,0.0034184022512224743,-0.0016533287604424151,-0.0007438819785429819,olie
2018-06,JPY,0.013152716316019664,-0.00017987088834389687,-0.0007326930424414619,olie
2018-07,JPY,-0.004714244689771441,-0.0006085249434536712,-0.0006954667438933087,olie
2018-08,JPY,0.009869466948302374,-0.00030459895660310077,-0.0007062121394705229,olie
2018-09,JPY,0.00555470000312841,-0.0018755565730635268,-0.0006780103285697952,olie
2018-10,JPY,0.005451668329853554,-0.0009980781226592778,-0.0006614339713046405,olie
2018-11,JPY,-0.010096859084243626,0.0026950926924501034,-0.0006452188458373773,olie
2018-12,JPY,-0.029292214250099313,0.0010310970129979542,-0.0006702231850924203,olie
2019-01,JPY,0.013486955831338854,-0.0011448115056069154,-0.0007457429504354464,olie
2019-02,JPY,0.00635696998199986,-0.0015755495576706487,-0.000708288479957093,olie
2019-03,JPY,0.004462591853672038,-0.001055269676493157,-0.0006897444944926391,olie
2019-04,JPY,-0.015071616911069619,-0.0015274571804150495,-0.000676256703005297,olie
2019-05,JPY,-0.01745504666047104,-0.0006861356735714223,-0.0007138424998931934,olie
2019-06,JPY,0.0020142836947494303,0.0005780271512257463,-0.0007574393857280315,olie
2019-07,JPY,-0.01956281060761178,-0.0006524315758366499,-0.0007502401049995186,olie
2019-08,JPY,0.01264611296830953,0.00021935731446205914,-0.0007989773342808975,olie
2019-09,JPY,0.005534220863920858,-0.0015142335641721606,-0.0007642354988736871,olie
2019-10,JPY,0.006646269742268451,-7.069613562975903e-05,-0.000748002363918031,olie
2019-11,JPY,0.0022306967121386023,-0.0014113192954341128,-0.0007289939523340041,olie
2019-12,JPY,0.0015176240057765966,-0.0014725366063238687,-0.0007214050019122795,olie
2020-01,JPY,0.006956828950645644,2.564570546795188e-05,-0.0007156785850128194,olie
2020-02,JPY,-0.021702594766095373,0.001041273409886142,-0.0006961058617075683,olie
2020-03,JPY,0.000662006032368545,0.005724435325044717,-0.0007495574874184787,olie
2020-04,JPY,-0.005011674285854362,0.005268653350434813,-0.0007459748388911005,olie
2020-05,JPY,0.0035217763338950547,-0.005105395968750009,-0.0007567740779973366,olie
2020-06,JPY,-0.008367452908239592,-0.0033341627772732487,-0.0007459696577652851,olie
2020-07,JPY,-0.006289787241696487,-0.001362610067435194,-0.0007651673485725252,olie
2020-08,JPY,-0.004006585640889959,-0.0010578118535025224,-0.0007790483030778617,olie
2020-09,JPY,-0.0036005987708289666,1.4313704137357969e-05,-0.0007871373690874158,olie
2020-10,JPY,-0.007665497548543954,-0.0006233488475563551,-0.0007941710225917698,olie
2020-11,JPY,-0.005868375972405637,-0.001315128506438809,-0.0008113065002125981,olie
2020-12,JPY,-6.647927222136474e-05,-0.0021776323949670396,-0.0008238862750190485,olie
2021-01,JPY,0.01519494424759582,-0.001587006927826096,-0.000822006853175878,olie
2021-02,JPY,0.03103532256070718,-0.0018194427050644679,-0.0007823609346096114,olie
2021-03,JPY,0.00317254137163836,-0.001036783206118226,-0.0007037987531396935,olie
2021-04,JPY,0.0006188218288620817,-0.000605780900640814,-0.0006942511173643781,olie
2021-05,JPY,0.009080467266670667,-0.0010701079855516737,-0.0006910248939092762,olie
2021-06,JPY,0.0009713074742769834,-0.001105848143612366,-0.0006670751582215803,olie
2021-07,JPY,-0.003286274865636152,-0.0008299338756627592,-0.0006630693327142488,olie
2021-08,JPY,0.0028025545844680977,-0.00021888440626377173,-0.0006694673949896681,olie
2021-09,JPY,0.026519530230589616,-0.001003011312449681,-0.0006610196529471918,olie
2021-10,JPY,0.007428921396157584,-0.001347692253759533,-0.0005950474444920053,olie
2021-11,JPY,-0.0011598001106039035,-0.0003544073654819503,-0.000575618948509803,olie
2021-12,JPY,0.008682001054307165,2.4437472984321614e-05,-0.0005770300141187259,olie
2022-01,JPY,0.003918270754553532,-0.0015653952961376294,-0.000554719095881555,olie
2022-02,JPY,0.02823405650366073,-0.0012740867633814984,-0.0005439667164333938,olie
2022-03,JPY,0.06368222634204912,-0.0015288401757059897,-0.00047495467034204097,olie
2022-04,JPY,0.01938993343697515,1.742836639732979e-05,-0.00032146859136502866,olie
2022-05,JPY,0.038917359471688506,-0.0005339147747172143,-0.0002744246724429757,olie
2022-06,JPY,0.02029914799955801,-0.0003828873457065931,-0.00018111090067123408,olie
2022-07,JPY,-0.010482002642713262,9.103718688181436e-05,-0.000132464204946224,olie
2022-08,JPY,0.057458191948500215,7.656259495434809e-05,-0.0001569891775475677,olie
2022-09,JPY,0.02595209709093904,0.00039841207997764035,-2.0783075594736065e-05,olie
2022-10,JPY,-0.03182690526721821,-0.00011117503871898381,4.0473717250862467e-05,olie
2022-11,JPY,-0.05431249219992651,7.710890870210745e-05,-3.4508350947888286e-05,olie
2022-12,JPY,-0.03367262112458924,0.00037220787636756364,-0.00016192145857459866,olie
2023-01,JPY,0.019726340974411727,-0.00029198390306078566,-0.00024040084889313413,olie
2023-02,JPY,0.00463424480335739,-0.00018616120734986504,-0.00019374958295083306,olie
2023-03,JPY,-0.0014209843866703764,-7.406960354233721e-06,-0.0001824955167822824,olie
2023-04,JPY,0.02645872325947707,-0.00041529385745059144,-0.00018537572345644077,olie
2023-05,JPY,0.03092721544203947,0.00019540781780388267,-0.00012355646827562057,olie
2023-06,JPY,-0.0029905004360575305,-1.0469239504010873e-05,-5.1679681446187494e-05,olie
2023-07,JPY,0.02691222504888291,-0.00028772177403802595,-5.846679635291115e-05,olie
2023-08,JPY,0.02094631599407748,-0.00021303252174489348,3.677654903392586e-06,olie
2023-09,JPY,0.011755850773393917,-0.00017294581174690313,5.182165108540198e-05,olie
2023-10,JPY,0.0005727225830289839,0.00017492157455661558,7.866575457693527e-05,olie
2023-11,JPY,-0.03880818192370672,0.00031573280306388047,7.979631940176833e-05,olie
2023-12,JPY,0.015935527127600935,0.00011158678526655775,-8.989019052817251e-06,olie
2024-01,JPY,0.022444981665501906,-2.894247583449291e-05,2.7331063285801773e-05,olie
2024-02,JPY,0.0013599010356681873,8.78746222108394e-06,7.828026919992928e-05,olie
2024-03,JPY,0.02681283254647404,4.562217457859073e-05,8.118643873840606e-05,olie
2024-04,JPY,0.012778490966057987,5.927581756570363e-05,0.00014166527608622424,olie
2024-05,JPY,0.012692011838438155,0.00032534890232097503,0.00017019084197780835,olie
2024-06,JPY,-0.0021675571350421308,0.00019328907976711668,0.00019839314151938572,olie
2024-07,JPY,-0.07412711542400796,0.00013514614458551391,0.00019307639932486544,olie
2024-08,JPY,-0.022890991532547034,0.00017271975395630575,2.6439197927258214e-05,olie
2024-09,JPY,0.04738479593904721,0.00015124956205985921,-2.4830222051431476e-05,olie
2024-10,JPY,0.025176928935826126,2.5922150542208934e-05,8.099483634387799e-05,olie
2024-11,JPY,0.0006614055792022455,0.00019507846599140224,0.0001368877853404977,olie
2024-12,JPY,0.01719431769684654,0.00016600540793572713,0.00013805338043796825,olie
2025-01,JPY,-0.03188222777306926,-2.169776210712607e-05,0.00017587214832357484,olie
1997-06,JPY,0.009494039830039824,0.00011851320106480716,-0.001957671298608695,momentum
1997-07,JPY,0.021891494846971504,0.00043364985814847495,-0.0018630290578760624,momentum
1997-08,JPY,0.024794052924283605,0.0016781564501301281,-0.0016683198455412463,momentum
1997-09,JPY,0.001409379424491597,0.0022451395025037497,-0.0014531786035101501,momentum
1997-10,JPY,0.03507226389681506,0.0015998218552070844,-0.0014300934581230392,momentum
1997-11,JPY,0.03412428664913936,0.003244711527886977,-0.0011380745992835345,momentum
1997-12,JPY,-0.001439361930934524,0.0045129992197806175,-0.0008582145893754162,momentum
1998-01,JPY,-0.02894417420502915,0.003166444085441988,-0.0008627905526947793,momentum
1998-02,JPY,0.025346750383821615,0.00037739175134839147,-0.0010821763624786415,momentum
1998-03,JPY,0.020483326094138832,0.0014820113183118234,-0.000877300961344531,momentum
1998-04,JPY,0.023570599653975677,0.0016012055108212992,-0.0007129884455331205,momentum
1998-05,JPY,0.03949624360637838,0.0044600310502256055,-0.0005276175440101527,momentum
1998-06,JPY,0.003250596296533459,0.008218457072511013,-0.00022440647468902736,momentum
1998-07,JPY,0.027273456000665774,0.0078060453286724184,-0.0001982786343038959,momentum
1998-08,JPY,-0.07310519996546372,0.008677140395916938,6.734310733191199e-06,momentum
1998-09,JPY,-0.10522708927006086,0.0030237910419539608,-0.0005348355727941934,momentum
1998-10,JPY,-0.00629078047252829,-0.0009975958016558628,-0.0013046315558623307,momentum
1998-11,JPY,-0.02712160320560475,-0.0019513683234661176,-0.0013410268034292354,momentum
1998-12,JPY,-0.03282883128484215,-0.00352154738061308,-0.0015278425744594927,momentum
1999-01,JPY,0.02938481996244313,-0.004606685918795787,-0.0017530295435989364,momentum
1999-02,JPY,0.02375468157252225,-0.002838211620357997,-0.001530616332841493,momentum
1999-03,JPY,0.002502035827992799,-0.0026313398214193014,-0.001351287978902743,momentum
1999-04,JPY,0.01842450611584745,-0.0029568130374480524,-0.0013241518957555914,momentum
1999-05,JPY,-0.01050585625740652,-0.002838358021632847,-0.0011860493921779477,momentum
1999-06,JPY,-0.011614135672835424,-0.003926093362671371,-0.0012507702731864795,momentum
1999-07,JPY,-0.05250406756892012,-0.004357484467852654,-0.0013222417587012997,momentum
1999-08,JPY,-0.057731088264838526,-0.007168617534674666,-0.0016728022094562231,momentum
1999-09,JPY,-0.008552947691664592,-0.00834918715743473,-0.002054151094186715,momentum
1999-10,JPY,-0.012501735611849085,-0.005437740909630378,-0.0020980618820075113,momentum
1999-11,JPY,-0.019922215711489777,-0.0057174633935402515,-0.0021678851956306094,momentum
1999-12,JPY,0.02609053212856427,-0.005679782306256583,-0.0022862473990696705,momentum
2000-01,JPY,0.038130333918764414,-0.0035394776209054903,-0.0020983217068336842,momentum
2000-02,JPY,-0.028570868408435146,-0.0029667040285306064,-0.0018336594987705386,momentum
2000-03,JPY,-0.0064208768147748785,-0.004681287321717651,-0.002008412498180111,momentum
2000-04,JPY,0.025180404696726555,-0.004960855470188998,-0.0020370648638722852,momentum
2000-05,JPY,-0.020472069060425646,-0.004434113014090701,-0.00186146828606197,momentum
2000-06,JPY,0.019465289376989325,-0.004886887447629696,-0.0019807670089745577,momentum
2000-07,JPY,-0.00121225081526255,-0.0037616116784035974,-0.0018441679237136412,momentum
2000-08,JPY,-0.011566406115208316,-0.002341118882178585,-0.0018401684483436976,momentum
2000-09,JPY,0.014914778680042318,-0.0011382563102805086,-0.0019013397544246071,momentum
2000-10,JPY,0.005211267222406946,-0.0003852526947992796,-0.0017962390142091888,momentum
2000-11,JPY,0.028928169380789903,0.00014702999412269531,-0.0017527141307519458,momentum
2000-12,JPY,0.0390025181767788,0.0017875690188339768,-0.0015633259609276135,momentum
2001-01,JPY,-0.0037629023695018304,0.0026517016407521113,-0.0013144557514938318,momentum
2001-02,JPY,0.044352594614593066,0.001293059327066788,-0.001329385304042661,momentum
2001-03,JPY,0.01847766982434873,0.004040872983761935,-0.0010525248196872929,momentum
2001-04,JPY,-0.01631384657793422,0.005119674309587114,-0.0009348730447232205,momentum
2001-05,JPY,0.0047747256850154685,0.003367315064799729,-0.0010269627065987354,momentum
2001-06,JPY,0.01739649161545831,0.004181188469402957,-0.0009924288471248415,momentum
2001-07,JPY,-0.025471441736413247,0.0043511878002447475,-0.00088361866687287,momentum
2001-08,JPY,-0.022963880382291357,0.003100417159389534,-0.0010282529202231077,momentum
2001-09,JPY,0.023677164211354018,0.0024100470328320208,-0.0011565314433930973,momentum
2001-10,JPY,0.007807006872433853,0.002936938298518254,-0.0010121494919120096,momentum
2001-11,JPY,0.041517962824215715,0.0030797989841556644,-0.0009611717094591433,momentum
2001-12,JPY,0.039107819108291864,0.004001646292947804,-0.0007170387523690578,momentum
2002-01,JPY,0.007203986910497839,0.004520820331764959,-0.000489468136022424,momentum
2002-02,JPY,-0.01950620887689425,0.004939881162952619,-0.0004457553232581043,momentum
2002-03,JPY,-0.0022090442267357346,0.0024448909571416493,-0.0005534415015272351,momentum
2002-04,JPY,-0.03420014210795763,0.0017221187185685472,-0.0005627426404329008,momentum
2002-05,JPY,-0.02471031798944523,0.0008799898834988312,-0.0007506610732123686,momentum
2002-06,JPY,-0.044714185424787445,-0.00021380497701848982,-0.0008837702783025511,momentum
2002-07,JPY,0.009232972765658154,-0.0023903103109850603,-0.0011259272680621362,momentum
2002-08,JPY,0.017372819320407906,-0.001251199939125887,-0.0010690102349098268,momentum
2002-09,JPY,0.02310196758424521,8.949897315515328e-05,-0.0009682352100173802,momentum
2002-10,JPY,-0.018734999069654812,0.00020791758665509262,-0.0008374188904833444,momentum
2002-11,JPY,0.0023408558012176783,-0.0007200387286756013,-0.0009341625671275145,momentum
2002-12,JPY,-0.025589436804033028,-0.0019094202222252235,-0.0009165549414912501,momentum
2003-01,JPY,0.004405611632564366,-0.004057948272178221,-0.0010484954862107249,momentum
2003-02,JPY,-0.005468346784821776,-0.004066627317168387,-0.0010194842781321338,momentum
2003-03,JPY,0.010125741374105601,-0.003647049369767214,-0.0010430232331939838,momentum
2003-04,JPY,-0.021301209888118677,-0.003160412187652533,-0.0009842402615766177,momentum
2003-05,JPY,0.008153730560504613,-0.002894966711770817,-0.0010906118303019687,momentum
2003-06,JPY,0.0030958797412861117,-0.0018162449133172626,-0.0010424642136831845,momentum
2003-07,JPY,-0.00028227367842159623,-0.0003285458226987873,-0.0010210220170253125,momentum
2003-08,JPY,-0.03309100259587616,-0.000619068422537657,-0.0010172140358984893,momentum
2003-09,JPY,-0.04730803136378103,-0.0023212398569297733,-0.0011816950028727337,momentum
2003-10,JPY,-0.0029057065817532646,-0.004764062764115661,-0.0014170334536936944,momentum
2003-11,JPY,-0.013278176604289982,-0.004255400716633051,-0.0014245901700797835,momentum
2003-12,JPY,-0.013730659040775528,-0.00482036549421134,-0.0014844567682323604,momentum
2004-01,JPY,0.004126284634762278,-0.004529499034325391,-0.001545995473119512,momentum
2004-02,JPY,0.016799668043613103,-0.004464511177037685,-0.0015176340725801029,momentum
2004-03,JPY,-0.007950189002522201,-0.0036034078047075735,-0.0014265032162806342,momentum
2004-04,JPY,0.041302667858492015,-0.004188663067540564,-0.0014587986904699489,momentum
2004-05,JPY,-0.024929369197129958,-0.0020008574329156317,-0.001248151072002156,momentum
2004-06,JPY,0.000488761465362586,-0.0030898957611538848,-0.001364235474576312,momentum
2004-07,JPY,0.006795016330244152,-0.003143837548240506,-0.0013551964651131953,momentum
2004-08,JPY,-0.0012908205582187193,-0.0028756427515411174,-0.0013156323253299073,momentum
2004-09,JPY,-0.011951261360085397,-0.0019445738696042972,-0.0013155124617206745,momentum
2004-10,JPY,-0.03827010177688184,-0.0009668153234127603,-0.0013666458698858895,momentum
2004-11,JPY,-0.008523408341438277,-0.002168853479167468,-0.0015432174292495065,momentum
2004-12,JPY,-0.004531958783799972,-0.002062781543375446,-0.0015764564335932626,momentum
2005-01,JPY,0.015394580720618833,-0.0018085897632725313,-0.0015904635537364222,momentum
2005-02,JPY,0.0029505465069492587,-0.0014015826282294777,-0.001510345420366822,momentum
2005-03,JPY,0.018259084308418494,-0.0017812370919836468,-0.0014894022657784836,momentum
2005-04,JPY,-0.005599928567892931,-0.0009316751501225914,-0.0013971196182355071,momentum
2005-05,JPY,0.01998835949901867,-0.0023037781833897177,-0.001416667566838565,momentum
2005-06,JPY,0.029056764438803562,-0.000911644016633255,-0.001317570219311448,momentum
2005-07,JPY,-0.012104748808273946,4.813091018541723e-05,-0.0011775963268777384,momentum
2005-08,JPY,0.005702182048355375,-0.0005544703768638289,-0.0012277208795446934,momentum
2005-09,JPY,0.032115661647995175,-0.00032500427806394697,-0.001196077487179853,momentum
2005-10,JPY,0.030727998156365288,0.0011088056147055467,-0.0010446604911108755,momentum
2005-11,JPY,7.091108934265122e-05,0.0033623572454691314,-0.0009008928049232005,momentum
2005-12,JPY,-0.02552856459002495,0.003575813667418482,-0.000896515309903985,momentum
2006-01,JPY,0.02043467566522761,0.0026039935389110145,-0.0010069729299942134,momentum
2006-02,JPY,-0.004956242286372259,0.0029427517876909745,-0.0009112512844798304,momentum
2006-03,JPY,-0.0017777039023396668,0.0026294805161426733,-0.000929229022266019,momentum
2006-04,JPY,-0.04667805391038282,0.002019228060699866,-0.0009329833358946634,momentum
2006-05,JPY,0.025576208953556723,0.0005254396109578731,-0.0011345034705840386,momentum
2006-06,JPY,0.009913619856168232,0.0008229116124666915,-0.001017351223109737,momentum
2006-07,JPY,0.0013578414396073768,0.0003600871398271565,-0.0009696177249469511,momentum
2006-08,JPY,0.011068197754321218,0.0007302188847142302,-0.0009594983372749758,momentum
2006-09,JPY,0.011826779386589159,0.0009367207307330191,-0.0009074303888265074,momentum
2006-10,JPY,-0.010922863065209398,0.00044172809467461153,-0.0008525415535876467,momentum
2006-11,JPY,1.278540758864466e-05,-0.0007584905639147586,-0.0008957618175860233,momentum
2006-12,JPY,0.026288361035104124,-0.0007567813096662326,-0.000891879137136559,momentum
2007-01,JPY,0.000478103928646334,0.000782125266295807,-0.000776218540658939,momentum
2007-02,JPY,-0.027295064783375622,0.00023233088900492474,-0.0007709036149415438,momentum
2007-03,JPY,0.014161572937251066,-0.000502664848437677,-0.0008828199067914766,momentum
2007-04,JPY,0.01535914210945144,-6.938631136110341e-06,-0.0008196081721526424,momentum
2007-05,JPY,0.01573503128228282,0.0017585421925657874,-0.0007519146563300312,momentum
2007-06,JPY,-0.01043665563231233,0.0015867165558722052,-0.0006832190482524776,momentum
2007-07,JPY,-0.03931922329455162,0.0009485368355714906,-0.0007236897394726431,momentum
2007-08,JPY,-0.01458324122798249,-0.0003527496604588987,-0.0008831754153200768,momentum
2007-09,JPY,0.007124896322018515,-0.001091578418797594,-0.0009395542869771238,momentum
2007-10,JPY,-0.04224847153347522,-0.0011820291579360243,-0.0009065032598910761,momentum
2007-11,JPY,0.012313043025768522,-0.0021839041566847923,-0.0010752459875383582,momentum
2007-12,JPY,-0.04205423761879601,-0.001791489855663421,-0.001020822048459875,momentum
2008-01,JPY,-0.007336378909440278,-0.003798184355207802,-0.0011869492370037461,momentum
2008-02,JPY,-0.060405431601366466,-0.004035166034736421,-0.001211745324392603,momentum
2008-03,JPY,0.018891218668793286,-0.005451961406219225,-0.0014494709720912933,momentum
2008-04,JPY,0.016246713085635633,-0.005055181999636064,-0.001368108213527755,momentum
2008-05,JPY,0.024194327735407306,-0.004811728236369924,-0.0012979296426147533,momentum
2008-06,JPY,-0.0005931692156311286,-0.004302612744704051,-0.0011967698911146659,momentum
2008-07,JPY,0.023224310372626178,-0.004019059643058701,-0.0011943841176937822,momentum
2008-08,JPY,-0.02582005200494919,-0.0022757127702690743,-0.0010982475252122076,momentum
2008-09,JPY,-0.06401795820242828,-0.002664662853108254,-0.0011951957780739213,momentum
2008-10,JPY,-0.030472851405590085,-0.004827424052643483,-0.0014405971937940555,momentum
2008-11,JPY,-0.060479348887080064,-0.004761995016686893,-0.00155356316348976,momentum
2008-12,JPY,-0.012729263835036697,-0.00739545491468044,-0.0017819576817982494,momentum
2009-01,JPY,0.03054604300179431,-0.006609192991441999,-0.0018242252731234944,momentum
2009-02,JPY,0.05179308444847397,-0.005086064399319463,-0.0016997242412968875,momentum
2009-03,JPY,0.010824651496283089,-0.0017325649283476594,-0.0014947709512977655,momentum
2009-04,JPY,-0.02327214498127006,-0.0018885429738736072,-0.001447750254932953,momentum
2009-05,JPY,-0.0003104641982103473,-0.00297791648310028,-0.0015307327443867063,momentum
2009-06,JPY,-0.02353739770949481,-0.003587300830657212,-0.0015261105150451292,momentum
2009-07,JPY,0.005601710902108259,-0.004302846686297747,-0.00160917197615626,momentum
2009-08,JPY,-0.038918410307547724,-0.004680598150035697,-0.0015820633939071453,momentum
2009-09,JPY,-0.009994473255293457,-0.0053319963172016255,-0.0017218998992016793,momentum
2009-10,JPY,-0.012243903462404226,-0.003906903215597997,-0.0017527677102318726,momentum
2009-11,JPY,0.007627606264027698,-0.0034551756671329587,-0.0017917682148867883,momentum
2009-12,JPY,0.012705912931132879,-0.0015469550339460493,-0.0017568816427426606,momentum
2010-01,JPY,-0.010611408516147947,-0.0008009152584179139,-0.0017035133970826032,momentum
2010-02,JPY,0.006376379317265091,-0.001957720517658086,-0.0017362630114909317,momentum
2010-03,JPY,0.029720576302670665,-0.003158715449410916,-0.0017065463729240599,momentum
2010-04,JPY,-0.015960370225053033,-0.002505906588671122,-0.0015918488449109403,momentum
2010-05,JPY,-0.012770794245160033,-0.002365054463021589,-0.0016440980135660026,momentum
2010-06,JPY,-0.03707975383688211,-0.0027389719386154486,-0.0016844121303471403,momentum
2010-07,JPY,-0.024618130075607425,-0.003249519466559286,-0.0018121931473382414,momentum
2010-08,JPY,-0.011967399019404468,-0.004180614863831764,-0.0018942288916845333,momentum
2010-09,JPY,-0.0316562002922387,-0.0034763742820608625,-0.0019303334441136371,momentum
2010-10,JPY,0.009613673114920118,-0.004220009769081614,-0.0020364972542855123,momentum
2010-11,JPY,0.009883376522835441,-0.003531681030139877,-0.0019950375732563108,momentum
2010-12,JPY,-0.00858752971161092,-0.0034081142692191347,-0.001952915537454567,momentum
2011-01,JPY,-0.0010680436806120852,-0.004023908784445845,-0.001976359403794342,momentum
2011-02,JPY,-0.01083917794205913,-0.0037432303241597396,-0.0019731611089944044,momentum
2011-03,JPY,0.01856699300778164,-0.004258242620534377,-0.002004269939987614,momentum
2011-04,JPY,-0.024972265910457203,-0.004433968040829286,-0.0019323424471632462,momentum
2011-05,JPY,-0.008663540033825079,-0.004813852418928819,-0.002012620926129427,momentum
2011-06,JPY,-0.01482349255764781,-0.004724680531617432,-0.0020357143952533705,momentum
2011-07,JPY,-0.02915290299115103,-0.00415848416175844,-0.002079962762597296,momentum
2011-08,JPY,-0.0022112190610616977,-0.0044197785838241774,-0.0021733177289026536,momentum
2011-09,JPY,-0.0019903720562171046,-0.004125774278995454,-0.002173447974030348,momentum
2011-10,JPY,0.01188710678510052,-0.003258923828196705,-0.0021728210017090696,momentum
2011-11,JPY,0.003053630100598781,-0.0031350623701360443,-0.002124834900047603,momentum
2011-12,JPY,-0.010761233773530776,-0.0033069237034249613,-0.0021072210735147926,momentum
2012-01,JPY,0.019378606080612037,-0.003398857356525472,-0.0021365567097860333,momentum
2012-02,JPY,0.0496684884221521,-0.00272722002406944,-0.002063870349007661,momentum
2012-03,JPY,-0.014824515326400167,-0.0008480179526802765,-0.0018896873228421403,momentum
2012-04,JPY,-0.019707422332965407,-0.001830118079868639,-0.0019330927859413283,momentum
2012-05,JPY,-0.004423149453804953,-0.0017436372754749741,-0.0019925387041588,momentum
2012-06,JPY,-0.004807592198167399,-0.0016347986108604202,-0.002000640739990954,momentum
2012-07,JPY,-0.003094675483158227,-0.0013673128832521456,-0.002009966160117786,momentum
2012-08,JPY,-0.007085580400601366,-0.0006498693632422043,-0.0020135579128430854,momentum
2012-09,JPY,0.011172987750433627,-0.0008109642242004036,-0.0020302972609875024,momentum
2012-10,JPY,0.02521069989084168,-0.0003976441105459507,-0.0019868654023973012,momentum
2012-11,JPY,0.03349400889887999,9.04471202607933e-05,-0.0018976930571735667,momentum
2012-12,JPY,0.060969329827212704,0.0011375666108480605,-0.0017820339004544375,momentum
2013-01,JPY,0.04332773157253467,0.0037506890936124214,-0.0015776320642079647,momentum
2013-02,JPY,0.018836206175764758,0.005046247274191047,-0.0014318354290237354,momentum
2013-03,JPY,0.03104417933304493,0.004207135485415397,-0.001366243061370698,momentum
2013-04,JPY,0.031817168487328296,0.006142484332651826,-0.001261693311711293,momentum
2013-05,JPY,-0.03718352234563138,0.008480593004731167,-0.0011553304120359245,momentum
2013-06,JPY,0.02476108905061203,0.006306641042518892,-0.0012708053861820638,momentum
2013-07,JPY,-0.0188414820035101,0.007673105136364674,-0.00118763639437122,momentum
2013-08,JPY,0.014188479657863518,0.006569809095621728,-0.0012438588326168852,momentum
2013-09,JPY,-0.014621034144231437,0.007426013211277078,-0.0011948672818534554,momentum
2013-10,JPY,0.023289133019376962,0.006123369480307922,-0.0012373551516711072,momentum
2013-11,JPY,0.033278150038412946,0.006371749782378299,-0.0011599845265258452,momentum
2013-12,JPY,0.002908968017198532,0.006837191079873973,-0.0010516885058813835,momentum
2014-01,JPY,-0.015893541840216407,0.0047831560619567715,-0.0010392726547118541,momentum
2014-02,JPY,0.002095226937458783,0.002588419447690377,-0.0010856922459165559,momentum
2014-03,JPY,0.0011591928355807468,0.002028584866767778,-0.0010757828403608694,momentum
2014-04,JPY,-0.006702206920671472,0.0010307370907120571,-0.0010688419221126036,momentum
2014-05,JPY,0.002836586285461351,-0.0002764576961742326,-0.0010862826806220737,momentum
2014-06,JPY,-0.0031687504955622003,0.0010591974659480074,-0.001074175060356384,momentum
2014-07,JPY,0.011762668856254876,0.00011846548898474419,-0.0010806199078493251,momentum
2014-08,JPY,0.042616237563030346,0.0011731400312746192,-0.0010412233165483919,momentum
2014-09,JPY,0.005576195883084445,0.002312368654870914,-0.0009077142618707811,momentum
2014-10,JPY,0.07379225874295514,0.0030163667369965666,-0.0008879462431361615,momentum
2014-11,JPY,0.02566871554558592,0.005301681028731495,-0.0006609547386191666,momentum
2014-12,JPY,-0.009035588613486745,0.00522673185027927,-0.0005811678589700604,momentum
2015-01,JPY,0.004303622523516459,0.0046574273290197,-0.0006067099156302316,momentum
2015-02,JPY,0.01366920087262713,0.005389813307458008,-0.0005919197576809945,momentum
2015-03,JPY,-0.007377984648462288,0.005897400989346065,-0.0005490935696019912,momentum
2015-04,JPY,0.010723862952542795,0.0054450764164091815,-0.0005695393512752256,momentum
2015-05,JPY,0.023889902806021546,0.006131791984251316,-0.0005358277026071121,momentum
2015-06,JPY,-0.0033008233443565516,0.007117229053172627,-0.0004631320760933364,momentum
2015-07,JPY,-0.0024935593297907843,0.006974289402914704,-0.00047155252496058626,momentum
2015-08,JPY,-0.023494262252377496,0.006334422190493314,-0.00047753479361393005,momentum
2015-09,JPY,-0.0008284911486038382,0.0036866518604974446,-0.0005454307448197222,momentum
2015-10,JPY,0.021386831048824995,0.003434969143889288,-0.0005462632754190873,momentum
2015-11,JPY,-0.008254569787354171,0.0016999883923700739,-0.0004819433507145592,momentum
2015-12,JPY,-0.028428401799285297,0.00047259586014186694,-0.0005046703285994704,momentum
2016-01,JPY,-0.031013307076474206,-0.00029304609156621987,-0.0005860806244323736,momentum
2016-02,JPY,-0.014799836993586446,-0.0016116824814876194,-0.0006745318641185417,momentum
2016-03,JPY,-0.03038480162552304,-0.002645209609471112,-0.0007154747775372893,momentum
2016-04,JPY,-0.006445077255145648,-0.0035568611310655214,-0.0008012242770979417,momentum
2016-05,JPY,-0.03265664914884425,-0.004175588281000304,-0.0008174889830865518,momentum
2016-06,JPY,-0.011070929937656793,-0.0063526248037552,-0.0009089808226433268,momentum
2016-07,JPY,-0.028748609474079423,-0.0066727054312449505,-0.0009380981553511018,momentum
2016-08,JPY,0.005378724500082477,-0.007838336834343896,-0.001017556759118897,momentum
2016-09,JPY,0.020645212038937544,-0.006644052777927976,-0.0009993337355884088,momentum
2016-10,JPY,0.042723609022979225,-0.005652680975945332,-0.0009378435487289601,momentum
2016-11,JPY,0.0673491223458429,-0.004592373314396707,-0.0008141567142482003,momentum
2016-12,JPY,-0.009754476136021317,-0.0017607123595601362,-0.0006216050784852311,momentum
2017-01,JPY,-0.01721412385549037,-0.0011865111859642296,-0.0006473314758304032,momentum
2017-02,JPY,4.339583958579141e-05,-0.0007890314427655737,-0.0006938674094811335,momentum
2017-03,JPY,-0.025341310991739086,-0.0003095933097857647,-0.0006918022463184811,momentum
2017-04,JPY,0.0193642128885001,-0.0002185748442768345,-0.0007606556227023374,momentum
2017-05,JPY,-0.011915481563214314,0.0006670600497965956,-0.0007045974931446704,momentum
2017-06,JPY,0.013459143731238576,0.00129103335999881,-0.0007357388377837528,momentum
2017-07,JPY,-0.023308771088815128,0.0021260441913792953,-0.0006964178334374306,momentum
2017-08,JPY,0.008603743866490987,0.002182870104999797,-0.0007588828976788054,momentum
2017-09,JPY,0.019123407671430392,0.002315996925983224,-0.0007330905374469327,momentum
2017-10,JPY,-0.0008487874279490271,0.002348786078491513,-0.0006785397181917753,momentum
2017-11,JPY,0.0010763667684461353,0.0009336054486453117,-0.000679006150273302,momentum
2017-12,JPY,-0.018493768048283954,-0.0011952638937190426,-0.0006742100494024838,momentum
2018-01,JPY,-0.02651395255700706,-0.0015248054492451543,-0.0007227647033503897,momentum
2018-02,JPY,-0.01797290464963197,-0.0018970228476800786,-0.0007928494529527176,momentum
2018-03,JPY,0.015062310097287757,-0.002529803438789843,-0.0008394078681198701,momentum
2018-04,JPY,0.018698979199498034,-0.0011681147317355225,-0.0007964302519971468,momentum
2018-05,JPY,0.0034184022512224743,-0.0011353790404292888,-0.0007438819785429819,momentum
2018-06,JPY,0.013152716316019664,-0.0006294113405508337,-0.0007326930424414619,momentum
2018-07,JPY,-0.004714244689771441,-0.0006022958013964491,-0.0006954667438933087,momentum
2018-08,JPY,0.009869466948302374,-1.4633568507671502e-05,-0.0007062121394705229,momentum
2018-09,JPY,0.00555470000312841,5.358575112814214e-05,-0.0006780103285697952,momentum
2018-10,JPY,0.005451668329853554,-0.0003690418853558069,-0.0006614339713046405,momentum
2018-11,JPY,-0.010096859084243626,-0.00015007820665212057,-0.0006452188458373773,momentum
2018-12,JPY,-0.029292214250099313,-0.0005372722093381806,-0.0006702231850924203,momentum
2019-01,JPY,0.013486955831338854,-0.0009612150058824994,-0.0007457429504354464,momentum
2019-02,JPY,0.00635696998199986,0.000365018999713973,-0.000708288479957093,momentum
2019-03,JPY,0.004462591853672038,0.0011668394173911982,-0.0006897444944926391,momentum
2019-04,JPY,-0.015071616911069619,0.0008357053288929556,-0.000676256703005297,momentum
2019-05,JPY,-0.01745504666047104,-0.00029851839989966655,-0.0007138424998931934,momentum
2019-06,JPY,0.0020142836947494303,-0.0010132267010930372,-0.0007574393857280315,momentum
2019-07,JPY,-0.01956281060761178,-0.0013624449173081248,-0.0007502401049995186,momentum
2019-08,JPY,0.01264611296830953,-0.0018883896271861698,-0.0007989773342808975,momentum
2019-09,JPY,0.005534220863920858,-0.0017580668731310793,-0.0007642354988736871,momentum
2019-10,JPY,0.006646269742268451,-0.001738315998910753,-0.000748002363918031,momentum
2019-11,JPY,0.0022306967121386023,-0.001676788244343674,-0.0007289939523340041,momentum
2019-12,JPY,0.0015176240057765966,-0.0012728447006975245,-0.0007214050019122795,momentum
2020-01,JPY,0.006956828950645644,-0.0002833122070019712,-0.0007156785850128194,momentum
2020-02,JPY,-0.021702594766095373,-0.00047286207724574203,-0.0006961058617075683,momentum
2020-03,JPY,0.000662006032368545,-0.0014213220532266555,-0.0007495574874184787,momentum
2020-04,JPY,-0.005011674285854362,-0.00153690074614114,-0.0007459748388911005,momentum
2020-05,JPY,0.0035217763338950547,-0.0012255007239236788,-0.0007567740779973366,momentum
2020-06,JPY,-0.008367452908239592,-0.0005449205687339327,-0.0007459696577652851,momentum
2020-07,JPY,-0.006289787241696487,-0.0008953578154898307,-0.0007651673485725252,momentum
2020-08,JPY,-0.004006585640889959,-0.0004861149019642179,-0.0007790483030778617,momentum
2020-09,JPY,-0.0036005987708289666,-0.0010253607889105685,-0.0007871373690874158,momentum
2020-10,JPY,-0.007665497548543954,-0.0013227976959008778,-0.0007941710225917698,momentum
2020-11,JPY,-0.005868375972405637,-0.0017952256878094642,-0.0008113065002125981,momentum
2020-12,JPY,-6.647927222136474e-05,-0.0020646523207740516,-0.0008238862750190485,momentum
2021-01,JPY,0.01519494424759582,-0.0021095148070597136,-0.000822006853175878,momentum
2021-02,JPY,0.03103532256070718,-0.0017988470914778515,-0.0007823609346096114,momentum
2021-03,JPY,0.00317254137163836,-4.956966122039957e-05,-0.0007037987531396935,momentum
2021-04,JPY,0.0006188218288620817,3.7769530347218395e-05,-0.0006942511173643781,momentum
2021-05,JPY,0.009080467266670667,0.0002166526890432986,-0.0006910248939092762,momentum
2021-06,JPY,0.0009713074742769834,0.00041550967158055717,-0.0006670751582215803,momentum
2021-07,JPY,-0.003286274865636152,0.0007118156483580857,-0.0006630693327142488,momentum
2021-08,JPY,0.0028025545844680977,0.0007950210641678747,-0.0006694673949896681,momentum
2021-09,JPY,0.026519530230589616,0.0010157144899597447,-0.0006610196529471918,momentum
2021-10,JPY,0.007428921396157584,0.00205368034714771,-0.0005950474444920053,momentum
2021-11,JPY,-0.0011598001106039035,0.002557610468689362,-0.000575618948509803,momentum
2021-12,JPY,0.008682001054307165,0.0026905974303721865,-0.0005770300141187259,momentum
2022-01,JPY,0.003918270754553532,0.0029994421689212487,-0.000554719095881555,momentum
2022-02,JPY,0.02823405650366073,0.0026428984528432415,-0.0005439667164333938,momentum
2022-03,JPY,0.06368222634204912,0.0026701144311378567,-0.00047495467034204097,momentum
2022-04,JPY,0.01938993343697515,0.0049981771299126366,-0.00032146859136502866,momentum
2022-05,JPY,0.038917359471688506,0.005758543172172235,-0.0002744246724429757,momentum
2022-06,JPY,0.02029914799955801,0.00713066278104652,-0.00018111090067123408,momentum
2022-07,JPY,-0.010482002642713262,0.007986015556588904,-0.000132464204946224,momentum
2022-08,JPY,0.057458191948500215,0.007486074730663358,-0.0001569891775475677,momentum
2022-09,JPY,0.02595209709093904,0.010171156908448907,-2.0783075594736065e-05,momentum
2022-10,JPY,-0.03182690526721821,0.010430777975525317,4.0473717250862467e-05,momentum
2022-11,JPY,-0.05431249219992651,0.00826757080733131,-3.4508350947888286e-05,momentum
2022-12,JPY,-0.03367262112458924,0.0056707920190524974,-0.00016192145857459866,momentum
2023-01,JPY,0.019726340974411727,0.003979039243191208,-0.00024040084889313413,momentum
2023-02,JPY,0.00463424480335739,0.004583520492158511,-0.00019374958295083306,momentum
2023-03,JPY,-0.0014209843866703764,0.0038206857347982855,-0.0001824955167822824,momentum
2023-04,JPY,0.02645872325947707,0.0016954296920456825,-0.00018537572345644077,momentum
2023-05,JPY,0.03092721544203947,0.0019998150117004655,-0.00012355646827562057,momentum
2023-06,JPY,-0.0029905004360575305,0.0018291188795663623,-5.1679681446187494e-05,momentum
2023-07,JPY,0.02691222504888291,0.0010501867863755678,-5.846679635291115e-05,momentum
2023-08,JPY,0.02094631599407748,0.0023500692689131,3.677654903392586e-06,momentum
2023-09,JPY,0.011755850773393917,0.001196896391303596,5.182165108540198e-05,momentum
2023-10,JPY,0.0005727225830289839,0.0007501978589898082,7.866575457693527e-05,momentum
2023-11,JPY,-0.03880818192370672,0.0018303004125047454,7.979631940176833e-05,momentum
2023-12,JPY,0.015935527127600935,0.002225159315171142,-8.989019052817251e-06,momentum
2024-01,JPY,0.022444981665501906,0.003911478286161532,2.7331063285801773e-05,momentum
2024-02,JPY,0.0013599010356681873,0.004096341813646032,7.828026919992928e-05,momentum
2024-03,JPY,0.02681283254647404,0.003972604760743916,8.118643873840606e-05,momentum
2024-04,JPY,0.012778490966057987,0.005046617649994035,0.00014166527608622424,momentum
2024-05,JPY,0.012692011838438155,0.004627860619456239,0.00017019084197780835,momentum
2024-06,JPY,-0.0021675571350421308,0.004045124922249298,0.00019839314151938572,momentum
2024-07,JPY,-0.07412711542400796,0.004043989066795397,0.00019307639932486544,momentum
2024-08,JPY,-0.022890991532547034,0.0003830447758615591,2.6439197927258214e-05,momentum
2024-09,JPY,0.04738479593904721,-0.0010948893912141875,-2.4830222051431476e-05,momentum
2024-10,JPY,0.025176928935826126,0.0001708677632798567,8.099483634387799e-05,momentum
2024-11,JPY,0.0006614055792022455,0.0010191102679641482,0.0001368877853404977,momentum
2024-12,JPY,0.01719431769684654,0.002289516068369143,0.00013805338043796825,momentum
2025-01,JPY,-0.03188222777306926,0.002376535500479215,0.00017587214832357484,momentum
1997-06,JPY,0.009494039830039824,-0.003305327791330692,-0.001957671298608695,afvigelse
1997-07,JPY,0.021891494846971504,-0.003018433332504301,-0.0018630290578760624,afvigelse
1997-08,JPY,0.024794052924283605,-0.0023896164367117143,-0.0016683198455412463,afvigelse
1997-09,JPY,0.001409379424491597,-0.001549380260286309,-0.0014531786035101501,afvigelse
1997-10,JPY,0.03507226389681506,-0.001446035037833275,-0.0014300934581230392,afvigelse
1997-11,JPY,0.03412428664913936,-8.020059364794547e-05,-0.0011380745992835345,afvigelse
1997-12,JPY,-0.001439361930934524,0.0015156798329128696,-0.0008582145893754162,afvigelse
1998-01,JPY,-0.02894417420502915,0.0013686839142125137,-0.0008627905526947793,afvigelse
1998-02,JPY,0.025346750383821615,-3.080903688283177e-05,-0.0010821763624786415,afvigelse
1998-03,JPY,0.020483326094138832,0.0010066160830054485,-0.000877300961344531,afvigelse
1998-04,JPY,0.023570599653975677,0.0018952237431792737,-0.0007129884455331205,afvigelse
1998-05,JPY,0.03949624360637838,0.0029716464767938324,-0.0005276175440101527,afvigelse
1998-06,JPY,0.003250596296533459,0.005006192790804701,-0.00022440647468902736,afvigelse
1998-07,JPY,0.027273456000665774,0.004906185106385741,-0.0001982786343038959,afvigelse
1998-08,JPY,-0.07310519996546372,0.006259961464336675,6.734310733191199e-06,afvigelse
1998-09,JPY,-0.10522708927006086,0.0019066287615729922,-0.0005348355727941934,afvigelse
1998-10,JPY,-0.00629078047252829,-0.0014599880555213527,-0.0013046315558623307,afvigelse
1998-11,JPY,-0.02712160320560475,-0.001537918258852023,-0.0013410268034292354,afvigelse
1998-12,JPY,-0.03282883128484215,-0.0019025309026097057,-0.0015278425744594927,afvigelse
1999-01,JPY,0.02938481996244313,-0.0022195304754764307,-0.0017530295435989364,afvigelse
1999-02,JPY,0.02375468157252225,-0.0019272130425407158,-0.001530616332841493,afvigelse
1999-03,JPY,0.002502035827992799,-0.0016193805945364243,-0.001351287978902743,afvigelse
1999-04,JPY,0.01842450611584745,-0.001558509795352274,-0.0013241518957555914,afvigelse
1999-05,JPY,-0.01050585625740652,-0.001274298058183494,-0.0011860493921779477,afvigelse
1999-06,JPY,-0.011614135672835424,-0.0014078899437948683,-0.0012507702731864795,afvigelse
1999-07,JPY,-0.05250406756892012,-0.0015350928735027637,-0.0013222417587012997,afvigelse
1999-08,JPY,-0.057731088264838526,-0.002021168609625635,-0.0016728022094562231,afvigelse
1999-09,JPY,-0.008552947691664592,-0.002276215046815516,-0.002054151094186715,afvigelse
1999-10,JPY,-0.012501735611849085,-0.0022760717864934834,-0.0020980618820075113,afvigelse
1999-11,JPY,-0.019922215711489777,-0.002283217242123361,-0.0021678851956306094,afvigelse
1999-12,JPY,0.02609053212856427,-0.0023041899088338176,-0.0022862473990696705,afvigelse
2000-01,JPY,0.038130333918764414,-0.0022381726949541533,-0.0020983217068336842,afvigelse
2000-02,JPY,-0.028570868408435146,-0.002131305810354444,-0.0018336594987705386,afvigelse
2000-03,JPY,-0.0064208768147748785,-0.0021741865064431984,-0.002008412498180111,afvigelse
2000-04,JPY,0.025180404696726555,-0.002151260991298757,-0.0020370648638722852,afvigelse
2000-05,JPY,-0.020472069060425646,-0.002074606953194884,-0.00186146828606197,afvigelse
2000-06,JPY,0.019465289376989325,-0.0020782005022359244,-0.0019807670089745577,afvigelse
2000-07,JPY,-0.00121225081526255,-0.002017935392144482,-0.0018441679237136412,afvigelse
2000-08,JPY,-0.011566406115208316,-0.001995748719023324,-0.0018401684483436976,afvigelse
2000-09,JPY,0.014914778680042318,-0.001995007447798966,-0.0019013397544246071,afvigelse
2000-10,JPY,0.005211267222406946,-0.0019557200458961924,-0.0017962390142091888,afvigelse
2000-11,JPY,0.028928169380789903,-0.0019295226792194597,-0.0017527141307519458,afvigelse
2000-12,JPY,0.0390025181767788,-0.0018564182046081452,-0.0015633259609276135,afvigelse
2001-01,JPY,-0.0037629023695018304,-0.0017194751320231373,-0.0013144557514938318,afvigelse
2001-02,JPY,0.044352594614593066,-0.001714806525385084,-0.001329385304042661,afvigelse
2001-03,JPY,0.01847766982434873,-0.0014728324904933617,-0.0010525248196872929,afvigelse
2001-04,JPY,-0.01631384657793422,-0.0013093239350672491,-0.0009348730447232205,afvigelse
2001-05,JPY,0.0047747256850154685,-0.001420635027255165,-0.0010269627065987354,afvigelse
2001-06,JPY,0.01739649161545831,-0.0013677008023800126,-0.0009924288471248415,afvigelse
2001-07,JPY,-0.025471441736413247,-0.0012160035094380276,-0.00088361866687287,afvigelse
2001-08,JPY,-0.022963880382291357,-0.0013931923788152107,-0.0010282529202231077,afvigelse
2001-09,JPY,0.023677164211354018,-0.001500045310279226,-0.0011565314433930973,afvigelse
2001-10,JPY,0.007807006872433853,-0.0013728712997610505,-0.0010121494919120096,afvigelse
2001-11,JPY,0.041517962824215715,-0.0013104640733762204,-0.0009611717094591433,afvigelse
2001-12,JPY,0.039107819108291864,-0.0009907486288850697,-0.0007170387523690578,afvigelse
2002-01,JPY,0.007203986910497839,-0.0005439946018031577,-0.000489468136022424,afvigelse
2002-02,JPY,-0.01950620887689425,-0.00043416637680729125,-0.0004457553232581043,afvigelse
2002-03,JPY,-0.0022090442267357346,-0.0006933806124321675,-0.0005534415015272351,afvigelse
2002-04,JPY,-0.03420014210795763,-0.0007100213781067561,-0.0005627426404329008,afvigelse
2002-05,JPY,-0.02471031798944523,-0.0010446437817110729,-0.0007506610732123686,afvigelse
2002-06,JPY,-0.044714185424787445,-0.0012018406828755155,-0.0008837702783025511,afvigelse
2002-07,JPY,0.009232972765658154,-0.0013871601327798567,-0.0011259272680621362,afvigelse
2002-08,JPY,0.017372819320407906,-0.0013520456373901618,-0.0010690102349098268,afvigelse
2002-09,JPY,0.02310196758424521,-0.0012854256875406492,-0.0009682352100173802,afvigelse
2002-10,JPY,-0.018734999069654812,-0.0011741942692919081,-0.0008374188904833444,afvigelse
2002-11,JPY,0.0023408558012176783,-0.0012575245310228601,-0.0009341625671275145,afvigelse
2002-12,JPY,-0.025589436804033028,-0.0012421531849809502,-0.0009165549414912501,afvigelse
2003-01,JPY,0.004405611632564366,-0.0013317587233944636,-0.0010484954862107249,afvigelse
2003-02,JPY,-0.005468346784821776,-0.0013139893204898172,-0.0010194842781321338,afvigelse
2003-03,JPY,0.010125741374105601,-0.0013262303486500353,-0.0010430232331939838,afvigelse
2003-04,JPY,-0.021301209888118677,-0.00129417678375669,-0.0009842402615766177,afvigelse
2003-05,JPY,0.008153730560504613,-0.0013555201886227795,-0.0010906118303019687,afvigelse
2003-06,JPY,0.0030958797412861117,-0.0013388315318564091,-0.0010424642136831845,afvigelse
2003-07,JPY,-0.00028227367842159623,-0.0013324143856701675,-0.0010210220170253125,afvigelse
2003-08,JPY,-0.03309100259587616,-0.0013366948586320676,-0.0010172140358984893,afvigelse
2003-09,JPY,-0.04730803136378103,-0.0014179039984983095,-0.0011816950028727337,afvigelse
2003-10,JPY,-0.0029057065817532646,-0.0014618142895686187,-0.0014170334536936944,afvigelse
2003-11,JPY,-0.013278176604289982,-0.0014629717468281236,-0.0014245901700797835,afvigelse
2003-12,JPY,-0.013730659040775528,-0.0014654386831762923,-0.0014844567682323604,afvigelse
2004-01,JPY,0.004126284634762278,-0.0014661604244529496,-0.001545995473119512,afvigelse
2004-02,JPY,0.016799668043613103,-0.0014650067360553703,-0.0015176340725801029,afvigelse
2004-03,JPY,-0.007950189002522201,-0.0014633741414140707,-0.0014265032162806342,afvigelse
2004-04,JPY,0.041302667858492015,-0.0014654193626844575,-0.0014587986904699489,afvigelse
2004-05,JPY,-0.024929369197129958,-0.001462728084096518,-0.001248151072002156,afvigelse
2004-06,JPY,0.000488761465362586,-0.00146868584347847,-0.001364235474576312,afvigelse
2004-07,JPY,0.006795016330244152,-0.0014687335358904551,-0.0013551964651131953,afvigelse
2004-08,JPY,-0.0012908205582187193,-0.0014642560815475575,-0.0013156323253299073,afvigelse
2004-09,JPY,-0.011951261360085397,-0.0014543948217371054,-0.0013155124617206745,afvigelse
2004-10,JPY,-0.03827010177688184,-0.0014433493694376322,-0.0013666458698858895,afvigelse
2004-11,JPY,-0.008523408341438277,-0.0014217523969921645,-0.0015432174292495065,afvigelse
2004-12,JPY,-0.004531958783799972,-0.0014112035359381812,-0.0015764564335932626,afvigelse
2005-01,JPY,0.015394580720618833,-0.001404885649772358,-0.0015904635537364222,afvigelse
2005-02,JPY,0.0029505465069492587,-0.0014061395223351238,-0.001510345420366822,afvigelse
2005-03,JPY,0.018259084308418494,-0.0014018548188797252,-0.0014894022657784836,afvigelse
2005-04,JPY,-0.005599928567892931,-0.001405564433508645,-0.0013971196182355071,afvigelse
2005-05,JPY,0.01998835949901867,-0.0013964470395671183,-0.001416667566838565,afvigelse
2005-06,JPY,0.029056764438803562,-0.0014028367723018986,-0.001317570219311448,afvigelse
2005-07,JPY,-0.012104748808273946,-0.0014114894726336836,-0.0011775963268777384,afvigelse
2005-08,JPY,0.005702182048355375,-0.0013976100920785942,-0.0012277208795446934,afvigelse
2005-09,JPY,0.032115661647995175,-0.0013905789742694663,-0.001196077487179853,afvigelse
2005-10,JPY,0.030727998156365288,-0.0013875522284174057,-0.0010446604911108755,afvigelse
2005-11,JPY,7.091108934265122e-05,-0.0013483127529680897,-0.0009008928049232005,afvigelse
2005-12,JPY,-0.02552856459002495,-0.0013353709931306374,-0.000896515309903985,afvigelse
2006-01,JPY,0.02043467566522761,-0.0013598574806213042,-0.0010069729299942134,afvigelse
2006-02,JPY,-0.004956242286372259,-0.0013374962031287737,-0.0009112512844798304,afvigelse
2006-03,JPY,-0.0017777039023396668,-0.0013383478834912794,-0.000929229022266019,afvigelse
2006-04,JPY,-0.04667805391038282,-0.0013368132319804913,-0.0009329833358946634,afvigelse
2006-05,JPY,0.025576208953556723,-0.0013464277381472413,-0.0011345034705840386,afvigelse
2006-06,JPY,0.009913619856168232,-0.0013648401837392475,-0.001017351223109737,afvigelse
2006-07,JPY,0.0013578414396073768,-0.0013646890275665177,-0.0009696177249469511,afvigelse
2006-08,JPY,0.011068197754321218,-0.0013608189097794464,-0.0009594983372749758,afvigelse
2006-09,JPY,0.011826779386589159,-0.0013487480528244975,-0.0009074303888265074,afvigelse
2006-10,JPY,-0.010922863065209398,-0.0013299436598351868,-0.0008525415535876467,afvigelse
2006-11,JPY,1.278540758864466e-05,-0.001339439456961834,-0.0008957618175860233,afvigelse
2006-12,JPY,0.026288361035104124,-0.0013385025596011838,-0.000891879137136559,afvigelse
2007-01,JPY,0.000478103928646334,-0.001300187584107141,-0.000776218540658939,afvigelse
2007-02,JPY,-0.027295064783375622,-0.001297440020712668,-0.0007709036149415438,afvigelse
2007-03,JPY,0.014161572937251066,-0.0013530267565601331,-0.0008828199067914766,afvigelse
2007-04,JPY,0.01535914210945144,-0.001335574724421409,-0.0008196081721526424,afvigelse
2007-05,JPY,0.01573503128228282,-0.0012970385271066868,-0.0007519146563300312,afvigelse
2007-06,JPY,-0.01043665563231233,-0.0012363438782704134,-0.0006832190482524776,afvigelse
2007-07,JPY,-0.03931922329455162,-0.0012639934169077413,-0.0007236897394726431,afvigelse
2007-08,JPY,-0.01458324122798249,-0.0013424568417144851,-0.0008831754153200768,afvigelse
2007-09,JPY,0.007124896322018515,-0.001343054044932304,-0.0009395542869771238,afvigelse
2007-10,JPY,-0.04224847153347522,-0.0013427202474949685,-0.0009065032598910761,afvigelse
2007-11,JPY,0.012313043025768522,-0.0013216100747528866,-0.0010752459875383582,afvigelse
2007-12,JPY,-0.04205423761879601,-0.001341465624857449,-0.001020822048459875,afvigelse
2008-01,JPY,-0.007336378909440278,-0.0012760720812158006,-0.0011869492370037461,afvigelse
2008-02,JPY,-0.060405431601366466,-0.0012659253760041584,-0.001211745324392603,afvigelse
2008-03,JPY,0.018891218668793286,-0.001134803522366505,-0.0014494709720912933,afvigelse
2008-04,JPY,0.016246713085635633,-0.001186944358422448,-0.001368108213527755,afvigelse
2008-05,JPY,0.024194327735407306,-0.001236784803442082,-0.0012979296426147533,afvigelse
2008-06,JPY,-0.0005931692156311286,-0.0013099362108130684,-0.0011967698911146659,afvigelse
2008-07,JPY,0.023224310372626178,-0.001314872367982708,-0.0011943841176937822,afvigelse
2008-08,JPY,-0.02582005200494919,-0.0013802516519057578,-0.0010982475252122076,afvigelse
2008-09,JPY,-0.06401795820242828,-0.001316193124987564,-0.0011951957780739213,afvigelse
2008-10,JPY,-0.030472851405590085,-0.0011227928565375003,-0.0014405971937940555,afvigelse
2008-11,JPY,-0.060479348887080064,-0.0010544445892038648,-0.00155356316348976,afvigelse
2008-12,JPY,-0.012729263835036697,-0.0010035277382434281,-0.0017819576817982494,afvigelse
2009-01,JPY,0.03054604300179431,-0.0010315073973298453,-0.0018242252731234944,afvigelse
2009-02,JPY,0.05179308444847397,-0.0010034459659235167,-0.0016997242412968875,afvigelse
2009-03,JPY,0.010824651496283089,-0.0010920599354466744,-0.0014947709512977655,afvigelse
2009-04,JPY,-0.02327214498127006,-0.0011348719255605917,-0.001447750254932953,afvigelse
2009-05,JPY,-0.0003104641982103473,-0.001068707852228924,-0.0015307327443867063,afvigelse
2009-06,JPY,-0.02353739770949481,-0.0010786729871177232,-0.0015261105150451292,afvigelse
2009-07,JPY,0.005601710902108259,-0.0010244180010387583,-0.00160917197615626,afvigelse
2009-08,JPY,-0.038918410307547724,-0.001051441799993463,-0.0015820633939071453,afvigelse
2009-09,JPY,-0.009994473255293457,-0.0009837925262966042,-0.0017218998992016793,afvigelse
2009-10,JPY,-0.012243903462404226,-0.00099101297523598,-0.0017527677102318726,afvigelse
2009-11,JPY,0.007627606264027698,-0.000998811421675973,-0.0017917682148867883,afvigelse
2009-12,JPY,0.012705912931132879,-0.0010087112196632054,-0.0017568816427426606,afvigelse
2010-01,JPY,-0.010611408516147947,-0.001028133596388119,-0.0017035133970826032,afvigelse
2010-02,JPY,0.006376379317265091,-0.001025801232135012,-0.0017362630114909317,afvigelse
2010-03,JPY,0.029720576302670665,-0.0010445906461736545,-0.0017065463729240599,afvigelse
2010-04,JPY,-0.015960370225053033,-0.0011188058688975655,-0.0015918488449109403,afvigelse
2010-05,JPY,-0.012770794245160033,-0.001085239002709724,-0.0016440980135660026,afvigelse
2010-06,JPY,-0.03707975383688211,-0.0010707529513257162,-0.0016844121303471403,afvigelse
2010-07,JPY,-0.024618130075607425,-0.0010349846163315273,-0.0018121931473382414,afvigelse
2010-08,JPY,-0.011967399019404468,-0.0010602678389343091,-0.0018942288916845333,afvigelse
2010-09,JPY,-0.0316562002922387,-0.001096586366595422,-0.0019303334441136371,afvigelse
2010-10,JPY,0.009613673114920118,-0.0011996508987681916,-0.0020364972542855123,afvigelse
2010-11,JPY,0.009883376522835441,-0.0011842884500049666,-0.0019950375732563108,afvigelse
2010-12,JPY,-0.00858752971161092,-0.0011835191672086311,-0.001952915537454567,afvigelse
2011-01,JPY,-0.0010680436806120852,-0.001219742331730114,-0.001976359403794342,afvigelse
2011-02,JPY,-0.01083917794205913,-0.0012448569056161156,-0.0019731611089944044,afvigelse
2011-03,JPY,0.01856699300778164,-0.0012862106738005539,-0.002004269939987614,afvigelse
2011-04,JPY,-0.024972265910457203,-0.0012828186283747782,-0.0019323424471632462,afvigelse
2011-05,JPY,-0.008663540033825079,-0.0013215022395689907,-0.002012620926129427,afvigelse
2011-06,JPY,-0.01482349255764781,-0.0013574100659672985,-0.0020357143952533705,afvigelse
2011-07,JPY,-0.02915290299115103,-0.0014101948658244285,-0.002079962762597296,afvigelse
2011-08,JPY,-0.0022112190610616977,-0.001523617797160735,-0.0021733177289026536,afvigelse
2011-09,JPY,-0.0019903720562171046,-0.0015482044161957342,-0.002173447974030348,afvigelse
2011-10,JPY,0.01188710678510052,-0.0015722525680356577,-0.0021728210017090696,afvigelse
2011-11,JPY,0.003053630100598781,-0.0015482513659590617,-0.002124834900047603,afvigelse
2011-12,JPY,-0.010761233773530776,-0.0015606466573511552,-0.0021072210735147926,afvigelse
2012-01,JPY,0.019378606080612037,-0.0016038441582506599,-0.0021365567097860333,afvigelse
2012-02,JPY,0.0496684884221521,-0.0015946788909585903,-0.002063870349007661,afvigelse
2012-03,JPY,-0.014824515326400167,-0.0016374503697466351,-0.0018896873228421403,afvigelse
2012-04,JPY,-0.019707422332965407,-0.0016403511250943923,-0.0019330927859413283,afvigelse
2012-05,JPY,-0.004423149453804953,-0.001642621472890291,-0.0019925387041588,afvigelse
2012-06,JPY,-0.004807592198167399,-0.0016689756291908765,-0.002000640739990954,afvigelse
2012-07,JPY,-0.003094675483158227,-0.0016939546056582897,-0.002009966160117786,afvigelse
2012-08,JPY,-0.007085580400601366,-0.0017175605395385752,-0.0020135579128430854,afvigelse
2012-09,JPY,0.011172987750433627,-0.0017350747807788288,-0.0020302972609875024,afvigelse
2012-10,JPY,0.02521069989084168,-0.001777594264683107,-0.0019868654023973012,afvigelse
2012-11,JPY,0.03349400889887999,-0.0018479069111754349,-0.0018976930571735667,afvigelse
2012-12,JPY,0.060969329827212704,-0.0019436609216129512,-0.0017820339004544375,afvigelse
2013-01,JPY,0.04332773157253467,-0.0020621568077615108,-0.0015776320642079647,afvigelse
2013-02,JPY,0.018836206175764758,-0.0020480972695482605,-0.0014318354290237354,afvigelse
2013-03,JPY,0.03104417933304493,-0.0019881805391936394,-0.001366243061370698,afvigelse
2013-04,JPY,0.031817168487328296,-0.0018337008687244055,-0.001261693311711293,afvigelse
2013-05,JPY,-0.03718352234563138,-0.0015778538957230302,-0.0011553304120359245,afvigelse
2013-06,JPY,0.02476108905061203,-0.001875255322306761,-0.0012708053861820638,afvigelse
2013-07,JPY,-0.0188414820035101,-0.0016972724255399161,-0.00118763639437122,afvigelse
2013-08,JPY,0.014188479657863518,-0.0018288745225289267,-0.0012438588326168852,afvigelse
2013-09,JPY,-0.014621034144231437,-0.001716543092463585,-0.0011948672818534554,afvigelse
2013-10,JPY,0.023289133019376962,-0.0018080150310833217,-0.0012373551516711072,afvigelse
2013-11,JPY,0.033278150038412946,-0.0016233333391264212,-0.0011599845265258452,afvigelse
2013-12,JPY,0.002908968017198532,-0.001276836468325199,-0.0010516885058813835,afvigelse
2014-01,JPY,-0.015893541840216407,-0.0012230217165067484,-0.0010392726547118541,afvigelse
2014-02,JPY,0.002095226937458783,-0.0013880231086783833,-0.0010856922459165559,afvigelse
2014-03,JPY,0.0011591928355807468,-0.0013500634455331278,-0.0010757828403608694,afvigelse
2014-04,JPY,-0.006702206920671472,-0.001322264165897529,-0.0010688419221126036,afvigelse
2014-05,JPY,0.002836586285461351,-0.00137287367263836,-0.0010862826806220737,afvigelse
2014-06,JPY,-0.0031687504955622003,-0.0013304972103728766,-0.001074175060356384,afvigelse
2014-07,JPY,0.011762668856254876,-0.0013445876062258477,-0.0010806199078493251,afvigelse
2014-08,JPY,0.042616237563030346,-0.0012189710607374783,-0.0010412233165483919,afvigelse
2014-09,JPY,0.005576195883084445,-0.000716505252769007,-0.0009077142618707811,afvigelse
2014-10,JPY,0.07379225874295514,-0.0006282691311569538,-0.0008879462431361615,afvigelse
2014-11,JPY,0.02566871554558592,0.0006610602948031711,-0.0006609547386191666,afvigelse
2014-12,JPY,-0.009035588613486745,0.0012581561104411379,-0.0005811678589700604,afvigelse
2015-01,JPY,0.004303622523516459,0.0009774957494107866,-0.0006067099156302316,afvigelse
2015-02,JPY,0.01366920087262713,0.0010408405229635261,-0.0005919197576809945,afvigelse
2015-03,JPY,-0.007377984648462288,0.0013301967208493757,-0.0005490935696019912,afvigelse
2015-04,JPY,0.010723862952542795,0.0011025624510837733,-0.0005695393512752256,afvigelse
2015-05,JPY,0.023889902806021546,0.0013106080945204988,-0.0005358277026071121,afvigelse
2015-06,JPY,-0.0033008233443565516,0.0018461755147752563,-0.0004631320760933364,afvigelse
2015-07,JPY,-0.0024935593297907843,0.0016885863839226998,-0.00047155252496058626,afvigelse
2015-08,JPY,-0.023494262252377496,0.0015593199407468766,-0.00047753479361393005,afvigelse
2015-09,JPY,-0.0008284911486038382,0.0009764764946753506,-0.0005454307448197222,afvigelse
2015-10,JPY,0.021386831048824995,0.0009143784763568565,-0.0005462632754190873,afvigelse
2015-11,JPY,-0.008254569787354171,0.001285511215893048,-0.0004819433507145592,afvigelse
2015-12,JPY,-0.028428401799285297,0.0010659518289159575,-0.0005046703285994704,afvigelse
2016-01,JPY,-0.031013307076474206,0.0005179408234241639,-0.0005860806244323736,afvigelse
2016-02,JPY,-0.014799836993586446,4.789385881400453e-05,-0.0006745318641185417,afvigelse
2016-03,JPY,-0.03038480162552304,-0.00014191359575016108,-0.0007154747775372893,afvigelse
2016-04,JPY,-0.006445077255145648,-0.0004518956503942519,-0.0008012242770979417,afvigelse
2016-05,JPY,-0.03265664914884425,-0.0005115392332009233,-0.0008174889830865518,afvigelse
2016-06,JPY,-0.011070929937656793,-0.000747654041972825,-0.0009089808226433268,afvigelse
2016-07,JPY,-0.028748609474079423,-0.0008134409497598252,-0.0009380981553511018,afvigelse
2016-08,JPY,0.005378724500082477,-0.0009572319608275972,-0.001017556759118897,afvigelse
2016-09,JPY,0.020645212038937544,-0.0009349607501832298,-0.0009993337355884088,afvigelse
2016-10,JPY,0.042723609022979225,-0.0008441072928080888,-0.0009378435487289601,afvigelse
2016-11,JPY,0.0673491223458429,-0.0006262420620473511,-0.0008141567142482003,afvigelse
2016-12,JPY,-0.009754476136021317,-0.00016206300001811875,-0.0006216050784852311,afvigelse
2017-01,JPY,-0.01721412385549037,-0.000264542879067109,-0.0006473314758304032,afvigelse
2017-02,JPY,4.339583958579141e-05,-0.0004126244373821831,-0.0006938674094811335,afvigelse
2017-03,JPY,-0.025341310991739086,-0.0004206326798839011,-0.0006918022463184811,afvigelse
2017-04,JPY,0.0193642128885001,-0.0005925345129638698,-0.0007606556227023374,afvigelse
2017-05,JPY,-0.011915481563214314,-0.0004860710360785313,-0.0007045974931446704,afvigelse
2017-06,JPY,0.013459143731238576,-0.0005659822472753734,-0.0007357388377837528,afvigelse
2017-07,JPY,-0.023308771088815128,-0.0004966154216579594,-0.0006964178334374306,afvigelse
2017-08,JPY,0.008603743866490987,-0.0006356002351740204,-0.0007588828976788054,afvigelse
2017-09,JPY,0.019123407671430392,-0.00059889835451514,-0.0007330905374469327,afvigelse
2017-10,JPY,-0.0008487874279490271,-0.000505417041453745,-0.0006785397181917753,afvigelse
2017-11,JPY,0.0010763667684461353,-0.0005183571417512388,-0.000679006150273302,afvigelse
2017-12,JPY,-0.018493768048283954,-0.0005197780763322231,-0.0006742100494024838,afvigelse
2018-01,JPY,-0.02651395255700706,-0.0006202942654131177,-0.0007227647033503897,afvigelse
2018-02,JPY,-0.01797290464963197,-0.0007450405082652803,-0.0007928494529527176,afvigelse
2018-03,JPY,0.015062310097287757,-0.0008220477892137312,-0.0008394078681198701,afvigelse
2018-04,JPY,0.018698979199498034,-0.0007593788331132902,-0.0007964302519971468,afvigelse
2018-05,JPY,0.0034184022512224743,-0.0006794174603823635,-0.0007438819785429819,afvigelse
2018-06,JPY,0.013152716316019664,-0.0006654715311675332,-0.0007326930424414619,afvigelse
2018-07,JPY,-0.004714244689771441,-0.0006073354432274307,-0.0006954667438933087,afvigelse
2018-08,JPY,0.009869466948302374,-0.0006304636445832034,-0.0007062121394705229,afvigelse
2018-09,JPY,0.00555470000312841,-0.0005868947408145097,-0.0006780103285697952,afvigelse
2018-10,JPY,0.005451668329853554,-0.0005630373060081404,-0.0006614339713046405,afvigelse
2018-11,JPY,-0.010096859084243626,-0.0005389025809025036,-0.0006452188458373773,afvigelse
2018-12,JPY,-0.029292214250099313,-0.0005872183285302515,-0.0006702231850924203,afvigelse
2019-01,JPY,0.013486955831338854,-0.0007157347101913304,-0.0007457429504354464,afvigelse
2019-02,JPY,0.00635696998199986,-0.0006593423432545108,-0.000708288479957093,afvigelse
2019-03,JPY,0.004462591853672038,-0.0006324441597471374,-0.0006897444944926391,afvigelse
2019-04,JPY,-0.015071616911069619,-0.0006135759009848222,-0.000676256703005297,afvigelse
2019-05,JPY,-0.01745504666047104,-0.000678351541221446,-0.0007138424998931934,afvigelse
2019-06,JPY,0.0020142836947494303,-0.0007496505124784894,-0.0007574393857280315,afvigelse
2019-07,JPY,-0.01956281060761178,-0.0007410564111337537,-0.0007502401049995186,afvigelse
2019-08,JPY,0.01264611296830953,-0.0008185801363972373,-0.0007989773342808975,afvigelse
2019-09,JPY,0.005534220863920858,-0.0007657312643194571,-0.0007642354988736871,afvigelse
2019-10,JPY,0.006646269742268451,-0.0007417365393947968,-0.000748002363918031,afvigelse
2019-11,JPY,0.0022306967121386023,-0.0007118041500137151,-0.0007289939523340041,afvigelse
2019-12,JPY,0.0015176240057765966,-0.0006989445099096337,-0.0007214050019122795,afvigelse
2020-01,JPY,0.006956828950645644,-0.0006891921409567917,-0.0007156785850128194,afvigelse
2020-02,JPY,-0.021702594766095373,-0.00065757590981444,-0.0006961058617075683,afvigelse
2020-03,JPY,0.000662006032368545,-0.0007400378329329129,-0.0007495574874184787,afvigelse
2020-04,JPY,-0.005011674285854362,-0.0007331961708005137,-0.0007459748388911005,afvigelse
2020-05,JPY,0.0035217763338950547,-0.0007481969272132139,-0.0007567740779973366,afvigelse
2020-06,JPY,-0.008367452908239592,-0.0007293846965061596,-0.0007459696577652851,afvigelse
2020-07,JPY,-0.006289787241696487,-0.0007568386351418669,-0.0007651673485725252,afvigelse
2020-08,JPY,-0.004006585640889959,-0.0007759272772979412,-0.0007790483030778617,afvigelse
2020-09,JPY,-0.0036005987708289666,-0.0007865351377872051,-0.0007871373690874158,afvigelse
2020-10,JPY,-0.007665497548543954,-0.000795467151879572,-0.0007941710225917698,afvigelse
2020-11,JPY,-0.005868375972405637,-0.0008193463986207062,-0.0008113065002125981,afvigelse
2020-12,JPY,-6.647927222136474e-05,-0.0008363045255265524,-0.0008238862750190485,afvigelse
2021-01,JPY,0.01519494424759582,-0.0008315320830152247,-0.000822006853175878,afvigelse
2021-02,JPY,0.03103532256070718,-0.0007694720095717058,-0.0007823609346096114,afvigelse
2021-03,JPY,0.00317254137163836,-0.0006469332676634763,-0.0007037987531396935,afvigelse
2021-04,JPY,0.0006188218288620817,-0.0006322387198606334,-0.0006942511173643781,afvigelse
2021-05,JPY,0.009080467266670667,-0.0006280697272946948,-0.0006910248939092762,afvigelse
2021-06,JPY,0.0009713074742769834,-0.0005899000465433164,-0.0006670751582215803,afvigelse
2021-07,JPY,-0.003286274865636152,-0.0005855267490928704,-0.0006630693327142488,afvigelse
2021-08,JPY,0.0028025545844680977,-0.0005997081317489899,-0.0006694673949896681,afvigelse
2021-09,JPY,0.026519530230589616,-0.000588346405389307,-0.0006610196529471918,afvigelse
2021-10,JPY,0.007428921396157584,-0.0004742276781818842,-0.0005950474444920053,afvigelse
2021-11,JPY,-0.0011598001106039035,-0.0004389084794163416,-0.000575618948509803,afvigelse
2021-12,JPY,0.008682001054307165,-0.000442613686076721,-0.0005770300141187259,afvigelse
2022-01,JPY,0.003918270754553532,-0.0003986109688489516,-0.000554719095881555,afvigelse
2022-02,JPY,0.02823405650366073,-0.0003779070550253243,-0.0005439667164333938,afvigelse
2022-03,JPY,0.06368222634204912,-0.00022387595989710837,-0.00047495467034204097,afvigelse
2022-04,JPY,0.01938993343697515,0.00021522569476513102,-0.00032146859136502866,afvigelse
2022-05,JPY,0.038917359471688506,0.00038937296865272164,-0.0002744246724429757,afvigelse
2022-06,JPY,0.02029914799955801,0.000801437205494274,-0.00018111090067123408,afvigelse
2022-07,JPY,-0.010482002642713262,0.0010467480888631418,-0.000132464204946224,afvigelse
2022-08,JPY,0.057458191948500215,0.0008781007729815362,-0.0001569891775475677,afvigelse
2022-09,JPY,0.02595209709093904,0.0016695627068293252,-2.0783075594736065e-05,afvigelse
2022-10,JPY,-0.03182690526721821,0.0020900410952764126,4.0473717250862467e-05,afvigelse
2022-11,JPY,-0.05431249219992651,0.001463518858242902,-3.4508350947888286e-05,afvigelse
2022-12,JPY,-0.03367262112458924,0.0006669849121472321,-0.00016192145857459866,afvigelse
2023-01,JPY,0.019726340974411727,0.00030600688697365283,-0.00024040084889313413,afvigelse
2023-02,JPY,0.00463424480335739,0.0004723878409089137,-0.00019374958295083306,afvigelse
2023-03,JPY,-0.0014209843866703764,0.0005012455663840972,-0.0001824955167822824,afvigelse
2023-04,JPY,0.02645872325947707,0.000471624109626254,-0.00018537572345644077,afvigelse
2023-05,JPY,0.03092721544203947,0.0007198373603260073,-0.00012355646827562057,afvigelse
2023-06,JPY,-0.0029905004360575305,0.0010550008837324392,-5.1679681446187494e-05,afvigelse
2023-07,JPY,0.02691222504888291,0.0009904336906949585,-5.846679635291115e-05,afvigelse
2023-08,JPY,0.02094631599407748,0.001308100403883737,3.677654903392586e-06,afvigelse
2023-09,JPY,0.011755850773393917,0.0015740070578012242,5.182165108540198e-05,afvigelse
2023-10,JPY,0.0005727225830289839,0.0017136335074042696,7.866575457693527e-05,afvigelse
2023-11,JPY,-0.03880818192370672,0.0016781240574031255,7.979631940176833e-05,afvigelse
2023-12,JPY,0.015935527127600935,0.001082595762214559,-8.989019052817251e-06,afvigelse
2024-01,JPY,0.022444981665501906,0.0012489970417071548,2.7331063285801773e-05,afvigelse
2024-02,JPY,0.0013599010356681873,0.0015132939002860447,7.828026919992928e-05,afvigelse
2024-03,JPY,0.02681283254647404,0.0014913481904294155,8.118643873840606e-05,afvigelse
2024-04,JPY,0.012778490966057987,0.0018376214900301944,0.00014166527608622424,afvigelse
2024-05,JPY,0.012692011838438155,0.0019857099211527474,0.00017019084197780835,afvigelse
2024-06,JPY,-0.0021675571350421308,0.0021325425960576055,0.00019839314151938572,afvigelse
2024-07,JPY,-0.07412711542400796,0.0020330879311983947,0.00019307639932486544,afvigelse
2024-08,JPY,-0.022890991532547034,0.0009427357306493568,2.6439197927258214e-05,afvigelse
2024-09,JPY,0.04738479593904721,0.000685588068882788,-2.4830222051431476e-05,afvigelse
2024-10,JPY,0.025176928935826126,0.001121837858508076,8.099483634387799e-05,afvigelse
2024-11,JPY,0.0006614055792022455,0.0013792399718843584,0.0001368877853404977,afvigelse
2024-12,JPY,0.01719431769684654,0.0013461885084812193,0.00013805338043796825,afvigelse
2025-01,JPY,-0.03188222777306926,0.0015181631087032672,0.00017587214832357484,afvigelse
1997-06,JPY,0.009494039830039824,-0.006064028842879629,-0.001957671298608695,usrente
1997-07,JPY,0.021891494846971504,-0.006833631686123583,-0.0018630290578760624,usrente
1997-08,JPY,0.024794052924283605,0.00019636453418793876,-0.0016683198455412463,usrente
1997-09,JPY,0.001409379424491597,-0.002809813818947126,-0.0014531786035101501,usrente
1997-10,JPY,0.03507226389681506,-0.004483764471895346,-0.0014300934581230392,usrente
1997-11,JPY,0.03412428664913936,-0.0034884045332285707,-0.0011380745992835345,usrente
1997-12,JPY,-0.001439361930934524,-0.001705362159940816,-0.0008582145893754162,usrente
1998-01,JPY,-0.02894417420502915,-0.005208285553401345,-0.0008627905526947793,usrente
1998-02,JPY,0.025346750383821615,-9.451439741210005e-05,-0.0010821763624786415,usrente
1998-03,JPY,0.020483326094138832,0.0010360709774772437,-0.000877300961344531,usrente
1998-04,JPY,0.023570599653975677,-0.00047371941580954884,-0.0007129884455331205,usrente
1998-05,JPY,0.03949624360637838,8.589371380371859e-05,-0.0005276175440101527,usrente
1998-06,JPY,0.003250596296533459,-0.00264147836455326,-0.00022440647468902736,usrente
1998-07,JPY,0.027273456000665774,-0.0005114707837742016,-0.0001982786343038959,usrente
1998-08,JPY,-0.07310519996546372,-0.001806172335047494,6.734310733191199e-06,usrente
1998-09,JPY,-0.10522708927006086,-0.010490341492897055,-0.0005348355727941934,usrente
1998-10,JPY,-0.00629078047252829,-0.007787537313159924,-0.0013046315558623307,usrente
1998-11,JPY,-0.02712160320560475,0.007125329383885052,-0.0013410268034292354,usrente
1998-12,JPY,-0.03282883128484215,-0.005475975419165577,-0.0015278425744594927,usrente
1999-01,JPY,0.02938481996244313,0.0009421836158870296,-0.0017530295435989364,usrente
1999-02,JPY,0.02375468157252225,0.006227337229549868,-0.001530616332841493,usrente
1999-03,JPY,0.002502035827992799,0.005258678257725477,-0.001351287978902743,usrente
1999-04,JPY,0.01842450611584745,-0.001999396609201956,-0.0013241518957555914,usrente
1999-05,JPY,-0.01050585625740652,0.008686636342200469,-0.0011860493921779477,usrente
1999-06,JPY,-0.011614135672835424,0.008220920154619822,-0.0012507702731864795,usrente
1999-07,JPY,-0.05250406756892012,-0.003510001925692772,-0.0013222417587012997,usrente
1999-08,JPY,-0.057731088264838526,0.0024719330039080253,-0.0016728022094562231,usrente
1999-09,JPY,-0.008552947691664592,-0.0020969449919139107,-0.002054151094186715,usrente
1999-10,JPY,-0.012501735611849085,0.002752488246015471,-0.0020980618820075113,usrente
1999-11,JPY,-0.019922215711489777,-0.003617825680713267,-0.0021678851956306094,usrente
1999-12,JPY,0.02609053212856427,0.0038735269225099907,-0.0022862473990696705,usrente
2000-01,JPY,0.038130333918764414,0.0072857806917117325,-0.0020983217068336842,usrente
2000-02,JPY,-0.028570868408435146,-0.005025730771340035,-0.0018336594987705386,usrente
2000-03,JPY,-0.0064208768147748785,-0.008274353042697033,-0.002008412498180111,usrente
2000-04,JPY,0.025180404696726555,-0.008503732352049289,-0.0020370648638722852,usrente
2000-05,JPY,-0.020472069060425646,0.009548252408298695,-0.00186146828606197,usrente
2000-06,JPY,0.019465289376989325,-0.009456149280174712,-0.0019807670089745577,usrente
2000-07,JPY,-0.00121225081526255,-0.002589659186541003,-0.0018441679237136412,usrente
2000-08,JPY,-0.011566406115208316,-0.006305982987388249,-0.0018401684483436976,usrente
2000-09,JPY,0.014914778680042318,-0.002177022149880267,-0.0019013397544246071,usrente
2000-10,JPY,0.005211267222406946,-0.002730040581997285,-0.0017962390142091888,usrente
2000-11,JPY,0.028928169380789903,-0.001800471447693331,-0.0017527141307519458,usrente
2000-12,JPY,0.0390025181767788,-0.011712957500330055,-0.0015633259609276135,usrente
2001-01,JPY,-0.0037629023695018304,-0.0024728869546303362,-0.0013144557514938318,usrente
2001-02,JPY,0.044352594614593066,-0.0020905262447308047,-0.001329385304042661,usrente
2001-03,JPY,0.01847766982434873,-0.004703810947349486,-0.0010525248196872929,usrente
2001-04,JPY,-0.01631384657793422,0.004212128841296294,-0.0009348730447232205,usrente
2001-05,JPY,0.0047747256850154685,0.003933793370791583,-0.0010269627065987354,usrente
2001-06,JPY,0.01739649161545831,-0.0026586348495508403,-0.0009924288471248415,usrente
2001-07,JPY,-0.025471441736413247,-0.001252152630980817,-0.00088361866687287,usrente
2001-08,JPY,-0.022963880382291357,-0.005583499119371604,-0.0010282529202231077,usrente
2001-09,JPY,0.023677164211354018,-0.00523510601254157,-0.0011565314433930973,usrente
2001-10,JPY,0.007807006872433853,-0.0034876628973715094,-0.0010121494919120096,usrente
2001-11,JPY,0.041517962824215715,0.0008842243840426185,-0.0009611717094591433,usrente
2001-12,JPY,0.039107819108291864,0.007740777562433942,-0.0007170387523690578,usrente
2002-01,JPY,0.007203986910497839,-0.0010783230638548701,-0.000489468136022424,usrente
2002-02,JPY,-0.01950620887689425,-0.002604880254138916,-0.0004457553232581043,usrente
2002-03,JPY,-0.0022090442267357346,0.007210404853612579,-0.0005534415015272351,usrente
2002-04,JPY,-0.03420014210795763,-0.001563203074492819,-0.0005627426404329008,usrente
2002-05,JPY,-0.02471031798944523,-0.0013604483295513484,-0.0007506610732123686,usrente
2002-06,JPY,-0.044714185424787445,-0.005044990519410321,-0.0008837702783025511,usrente
2002-07,JPY,0.009232972765658154,-0.006460101247715442,-0.0011259272680621362,usrente
2002-08,JPY,0.017372819320407906,-0.008489976376982317,-0.0010690102349098268,usrente
2002-09,JPY,0.02310196758424521,-0.008019261097945336,-0.0009682352100173802,usrente
2002-10,JPY,-0.018734999069654812,0.0009044807932117758,-0.0008374188904833444,usrente
2002-11,JPY,0.0023408558012176783,0.0015022243111277994,-0.0009341625671275145,usrente
2002-12,JPY,-0.025589436804033028,-0.000835149900028901,-0.0009165549414912501,usrente
2003-01,JPY,0.004405611632564366,-0.0002469724039140746,-0.0010484954862107249,usrente
2003-02,JPY,-0.005468346784821776,-0.003287196077645883,-0.0010194842781321338,usrente
2003-03,JPY,0.010125741374105601,-0.002218339028317473,-0.0010430232331939838,usrente
2003-04,JPY,-0.021301209888118677,0.002167892600494867,-0.0009842402615766177,usrente
2003-05,JPY,0.008153730560504613,-0.007527707554698324,-0.0010906118303019687,usrente
2003-06,JPY,0.0030958797412861117,-0.004693294495086493,-0.0010424642136831845,usrente
2003-07,JPY,-0.00028227367842159623,0.01044546836492257,-0.0010210220170253125,usrente
2003-08,JPY,-0.03309100259587616,0.007029335520410532,-0.0010172140358984893,usrente
2003-09,JPY,-0.04730803136378103,-0.003497724971668087,-0.0011816950028727337,usrente
2003-10,JPY,-0.0029057065817532646,-0.0007768575844604823,-0.0014170334536936944,usrente
2003-11,JPY,-0.013278176604289982,-0.0009398147252051495,-0.0014245901700797835,usrente
2003-12,JPY,-0.013730659040775528,-0.0016091707477372936,-0.0014844567682323604,usrente
2004-01,JPY,0.004126284634762278,-0.0030343570886571143,-0.001545995473119512,usrente
2004-02,JPY,0.016799668043613103,-0.002237800334150124,-0.0015176340725801029,usrente
2004-03,JPY,-0.007950189002522201,-0.004843070737049925,-0.0014265032162806342,usrente
2004-04,JPY,0.041302667858492015,0.006739853012641668,-0.0014587986904699489,usrente
2004-05,JPY,-0.024929369197129958,0.00525690952427372,-0.001248151072002156,usrente
2004-06,JPY,0.000488761465362586,-0.0009086799303589285,-0.001364235474576312,usrente
2004-07,JPY,0.006795016330244152,-0.004663778876849362,-0.0013551964651131953,usrente
2004-08,JPY,-0.0012908205582187193,-0.004411950705072793,-0.0013156323253299073,usrente
2004-09,JPY,-0.011951261360085397,-0.0033068738075720683,-0.0013155124617206745,usrente
2004-10,JPY,-0.03827010177688184,-0.0014979491328068625,-0.0013666458698858895,usrente
2004-11,JPY,-0.008523408341438277,0.00019104456465638482,-0.0015432174292495065,usrente
2004-12,JPY,-0.004531958783799972,-0.0006324119609454388,-0.0015764564335932626,usrente
2005-01,JPY,0.015394580720618833,-0.0014243041962086098,-0.0015904635537364222,usrente
2005-02,JPY,0.0029505465069492587,-0.001963190251090788,-0.001510345420366822,usrente
2005-03,JPY,0.018259084308418494,0.0039303713738369685,-0.0014894022657784836,usrente
2005-04,JPY,-0.005599928567892931,-0.003628889864826933,-0.0013971196182355071,usrente
2005-05,JPY,0.01998835949901867,-0.004276114579258998,-0.001416667566838565,usrente
2005-06,JPY,0.029056764438803562,-0.0031696847322400037,-0.001317570219311448,usrente
2005-07,JPY,-0.012104748808273946,0.0018847662378533672,-0.0011775963268777384,usrente
2005-08,JPY,0.005702182048355375,0.00027640133366375864,-0.0012277208795446934,usrente
2005-09,JPY,0.032115661647995175,-0.0017995919354174337,-0.001196077487179853,usrente
2005-10,JPY,0.030727998156365288,0.003135892568333794,-0.0010446604911108755,usrente
2005-11,JPY,7.091108934265122e-05,0.000633999416296816,-0.0009008928049232005,usrente
2005-12,JPY,-0.02552856459002495,-0.0016991244308152134,-0.000896515309903985,usrente
2006-01,JPY,0.02043467566522761,-0.0014983511302218066,-0.0010069729299942134,usrente
2006-02,JPY,-0.004956242286372259,0.0017166962459019353,-0.0009112512844798304,usrente
2006-03,JPY,-0.0017777039023396668,0.0016721447282997779,-0.000929229022266019,usrente
2006-04,JPY,-0.04667805391038282,0.0035024155418385988,-0.0009329833358946634,usrente
2006-05,JPY,0.025576208953556723,0.0008119056799065527,-0.0011345034705840386,usrente
2006-06,JPY,0.009913619856168232,-0.0007935363941499119,-0.001017351223109737,usrente
2006-07,JPY,0.0013578414396073768,-0.0010384394518207813,-0.0009696177249469511,usrente
2006-08,JPY,0.011068197754321218,-0.0038004727096040735,-0.0009594983372749758,usrente
2006-09,JPY,0.011826779386589159,-0.0029741322030686053,-0.0009074303888265074,usrente
2006-10,JPY,-0.010922863065209398,-0.0004724068676584725,-0.0008525415535876467,usrente
2006-11,JPY,1.278540758864466e-05,-0.0025030056991166318,-0.0008957618175860233,usrente
2006-12,JPY,0.026288361035104124,-0.0012155691947051549,-0.000891879137136559,usrente
2007-01,JPY,0.000478103928646334,0.002288713023559247,-0.000776218540658939,usrente
2007-02,JPY,-0.027295064783375622,-0.0011043731484680973,-0.0007709036149415438,usrente
2007-03,JPY,0.014161572937251066,-0.0029111850641338225,-0.0008828199067914766,usrente
2007-04,JPY,0.01535914210945144,0.0012294112231084693,-0.0008196081721526424,usrente
2007-05,JPY,0.01573503128228282,0.00032514329625286725,-0.0007519146563300312,usrente
2007-06,JPY,-0.01043665563231233,0.004510752282281821,-0.0006832190482524776,usrente
2007-07,JPY,-0.03931922329455162,-0.001900222118496366,-0.0007236897394726431,usrente
2007-08,JPY,-0.01458324122798249,-0.005298885859971056,-0.0008831754153200768,usrente
2007-09,JPY,0.007124896322018515,-0.002844075664896913,-0.0009395542869771238,usrente
2007-10,JPY,-0.04224847153347522,-0.0005282209402684963,-0.0009065032598910761,usrente
2007-11,JPY,0.012313043025768522,-0.006180493905363416,-0.0010752459875383582,usrente
2007-12,JPY,-0.04205423761879601,-0.0014526075661744262,-0.001020822048459875,usrente
2008-01,JPY,-0.007336378909440278,-0.005850031712523504,-0.0011869492370037461,usrente
2008-02,JPY,-0.060405431601366466,-0.0009430564789093453,-0.001211745324392603,usrente
2008-03,JPY,0.018891218668793286,-0.004310679745081392,-0.0014494709720912933,usrente
2008-04,JPY,0.016246713085635633,0.0010195962003558651,-0.001368108213527755,usrente
2008-05,JPY,0.024194327735407306,0.0017885264841684112,-0.0012979296426147533,usrente
2008-06,JPY,-0.0005931692156311286,0.0021019983658137243,-0.0011967698911146659,usrente
2008-07,JPY,0.023224310372626178,-0.0021881214051679746,-0.0011943841176937822,usrente
2008-08,JPY,-0.02582005200494919,-0.0024874786653748524,-0.0010982475252122076,usrente
2008-09,JPY,-0.06401795820242828,-0.0037012503399718316,-0.0011951957780739213,usrente
2008-10,JPY,-0.030472851405590085,0.0005927608861113918,-0.0014405971937940555,usrente
2008-11,JPY,-0.060479348887080064,-0.005288113402819406,-0.00155356316348976,usrente
2008-12,JPY,-0.012729263835036697,-0.018501577110158863,-0.0017819576817982494,usrente
2009-01,JPY,0.03054604300179431,2.3778914481221124e-05,-0.0018242252731234944,usrente
2009-02,JPY,0.05179308444847397,0.003964017680232923,-0.0016997242412968875,usrente
2009-03,JPY,0.010824651496283089,-0.0019525614694532335,-0.0014947709512977655,usrente
2009-04,JPY,-0.02327214498127006,0.0007083185552428301,-0.001447750254932953,usrente
2009-05,JPY,-0.0003104641982103473,0.004617892279879865,-0.0015307327443867063,usrente
2009-06,JPY,-0.02353739770949481,0.005671879301795192,-0.0015261105150451292,usrente
2009-07,JPY,0.005601710902108259,-0.0037526598053058374,-0.00160917197615626,usrente
2009-08,JPY,-0.038918410307547724,-0.0008444427836767781,-0.0015820633939071453,usrente
2009-09,JPY,-0.009994473255293457,-0.004279288618430388,-0.0017218998992016793,usrente
2009-10,JPY,-0.012243903462404226,-0.0016111541612144102,-0.0017527677102318726,usrente
2009-11,JPY,0.007627606264027698,-0.0013508513752976156,-0.0017917682148867883,usrente
2009-12,JPY,0.012705912931132879,0.0013849624364821143,-0.0017568816427426606,usrente
2010-01,JPY,-0.010611408516147947,0.0007002088314035579,-0.0017035133970826032,usrente
2010-02,JPY,0.006376379317265091,-0.0020682160602260276,-0.0017362630114909317,usrente
2010-03,JPY,0.029720576302670665,-0.000834091196964564,-0.0017065463729240599,usrente
2010-04,JPY,-0.015960370225053033,0.0004959644388578452,-0.0015918488449109403,usrente
2010-05,JPY,-0.012770794245160033,-0.007836597625451197,-0.0016440980135660026,usrente
2010-06,JPY,-0.03707975383688211,-0.004729255251051452,-0.0016844121303471403,usrente
2010-07,JPY,-0.024618130075607425,-0.004461907963943886,-0.0018121931473382414,usrente
2010-08,JPY,-0.011967399019404468,-0.006462258398506757,-0.0018942288916845333,usrente
2010-09,JPY,-0.0316562002922387,-0.0023873578711592234,-0.0019303334441136371,usrente
2010-10,JPY,0.009613673114920118,-0.0034481341682900063,-0.0020364972542855123,usrente
2010-11,JPY,0.009883376522835441,0.0018318678495789465,-0.0019950375732563108,usrente
2010-12,JPY,-0.00858752971161092,0.006837458202441746,-0.001952915537454567,usrente
2011-01,JPY,-0.0010680436806120852,-0.00014191311959885601,-0.001976359403794342,usrente
2011-02,JPY,-0.01083917794205913,0.0012431743187550034,-0.0019731611089944044,usrente
2011-03,JPY,0.01856699300778164,-0.004332432294599867,-0.002004269939987614,usrente
2011-04,JPY,-0.024972265910457203,-0.0010555782079634444,-0.0019323424471632462,usrente
2011-05,JPY,-0.008663540033825079,-0.005938942759705814,-0.002012620926129427,usrente
2011-06,JPY,-0.01482349255764781,-0.004306611987974447,-0.0020357143952533705,usrente
2011-07,JPY,-0.02915290299115103,-0.0017863771232143706,-0.002079962762597296,usrente
2011-08,JPY,-0.0022112190610616977,-0.012445753399199646,-0.0021733177289026536,usrente
2011-09,JPY,-0.0019903720562171046,-0.006553377819637442,-0.002173447974030348,usrente
2011-10,JPY,0.01188710678510052,0.0006411632601481005,-0.0021728210017090696,usrente
2011-11,JPY,0.003053630100598781,-0.0038621609655441315,-0.002124834900047603,usrente
2011-12,JPY,-0.010761233773530776,-0.002218081144986863,-0.0021072210735147926,usrente
2012-01,JPY,0.019378606080612037,-0.001953364650055568,-0.0021365567097860333,usrente
2012-02,JPY,0.0496684884221521,-0.0017340965341366742,-0.002063870349007661,usrente
2012-03,JPY,-0.014824515326400167,0.0013940887007329247,-0.0018896873228421403,usrente
2012-04,JPY,-0.019707422332965407,-0.003365465269078,-0.0019330927859413283,usrente
2012-05,JPY,-0.004423149453804953,-0.005334012223435643,-0.0019925387041588,usrente
2012-06,JPY,-0.004807592198167399,-0.004303461422524529,-0.002000640739990954,usrente
2012-07,JPY,-0.003094675483158227,-0.0029878722036213133,-0.002009966160117786,usrente
2012-08,JPY,-0.007085580400601366,0.0005264692506777302,-0.0020135579128430854,usrente
2012-09,JPY,0.011172987750433627,-0.0011143635245799478,-0.0020302972609875024,usrente
2012-10,JPY,0.02521069989084168,-0.001217278385920812,-0.0019868654023973012,usrente
2012-11,JPY,0.03349400889887999,-0.0030365525745613075,-0.0018976930571735667,usrente
2012-12,JPY,0.060969329827212704,-0.0004344543213913776,-0.0017820339004544375,usrente
2013-01,JPY,0.04332773157253467,0.001578968932073707,-0.0015776320642079647,usrente
2013-02,JPY,0.018836206175764758,-2.1671046681308358e-05,-0.0014318354290237354,usrente
2013-03,JPY,0.03104417933304493,-0.0013437159112500618,-0.001366243061370698,usrente
2013-04,JPY,0.031817168487328296,-0.004024079108468228,-0.001261693311711293,usrente
2013-05,JPY,-0.03718352234563138,0.0017449965377596254,-0.0011553304120359245,usrente
2013-06,JPY,0.02476108905061203,0.004473316747140374,-0.0012708053861820638,usrente
2013-07,JPY,-0.0188414820035101,0.003352751171691969,-0.00118763639437122,usrente
2013-08,JPY,0.014188479657863518,0.0013994040175319472,-0.0012438588326168852,usrente
2013-09,JPY,-0.014621034144231437,0.0001239619421102285,-0.0011948672818534554,usrente
2013-10,JPY,0.023289133019376962,-0.003778677197901195,-0.0012373551516711072,usrente
2013-11,JPY,0.033278150038412946,0.0005692438553336687,-0.0011599845265258452,usrente
2013-12,JPY,0.002908968017198532,0.0018790598484088792,-0.0010516885058813835,usrente
2014-01,JPY,-0.015893541840216407,-0.0013657896549353946,-0.0010392726547118541,usrente
2014-02,JPY,0.002095226937458783,-0.0030387430978876763,-0.0010856922459165559,usrente
2014-03,JPY,0.0011591928355807468,-0.0006570541709498548,-0.0010757828403608694,usrente
2014-04,JPY,-0.006702206920671472,-0.0009464761893203215,-0.0010688419221126036,usrente
2014-05,JPY,0.002836586285461351,-0.003029953425755734,-0.0010862826806220737,usrente
2014-06,JPY,-0.0031687504955622003,-0.00021102462334166797,-0.001074175060356384,usrente
2014-07,JPY,0.011762668856254876,-0.0016908462133546215,-0.0010806199078493251,usrente
2014-08,JPY,0.042616237563030346,-0.0025284983740616667,-0.0010412233165483919,usrente
2014-09,JPY,0.005576195883084445,0.0009506851518417188,-0.0009077142618707811,usrente
2014-10,JPY,0.07379225874295514,-0.003943044405412844,-0.0008879462431361615,usrente
2014-11,JPY,0.02566871554558592,4.4609860489381605e-06,-0.0006609547386191666,usrente
2014-12,JPY,-0.009035588613486745,-0.0019544360023857964,-0.0005811678589700604,usrente
2015-01,JPY,0.004303622523516459,-0.004844378745094359,-0.0006067099156302316,usrente
2015-02,JPY,0.01366920087262713,0.0010297034224026602,-0.0005919197576809945,usrente
2015-03,JPY,-0.007377984648462288,0.0005350676370723189,-0.0005490935696019912,usrente
2015-04,JPY,0.010723862952542795,-0.001656577759972392,-0.0005695393512752256,usrente
2015-05,JPY,0.023889902806021546,0.0032365834713933886,-0.0005358277026071121,usrente
2015-06,JPY,-0.0033008233443565516,0.002007403422366533,-0.0004631320760933364,usrente
2015-07,JPY,-0.0024935593297907843,-0.0007664077592152781,-0.00047155252496058626,usrente
2015-08,JPY,-0.023494262252377496,-0.0022835813839707586,-0.00047753479361393005,usrente
2015-09,JPY,-0.0008284911486038382,-0.0002813934494132977,-0.0005454307448197222,usrente
2015-10,JPY,0.021386831048824995,-0.0016728420059401493,-0.0005462632754190873,usrente
2015-11,JPY,-0.008254569787354171,0.0024037959130009975,-0.0004819433507145592,usrente
2015-12,JPY,-0.028428401799285297,-0.0005242607553943221,-0.0005046703285994704,usrente
2016-01,JPY,-0.031013307076474206,-0.002383433407485534,-0.0005860806244323736,usrente
2016-02,JPY,-0.014799836993586446,-0.004714730007951163,-0.0006745318641185417,usrente
2016-03,JPY,-0.03038480162552304,0.0011070926792442087,-0.0007154747775372893,usrente
2016-04,JPY,-0.006445077255145648,-0.0016383519456762757,-0.0008012242770979417,usrente
2016-05,JPY,-0.03265664914884425,-0.0005463736525642323,-0.0008174889830865518,usrente
2016-06,JPY,-0.011070929937656793,-0.0029854136088000656,-0.0009089808226433268,usrente
2016-07,JPY,-0.028748609474079423,-0.002602506799711531,-0.0009380981553511018,usrente
2016-08,JPY,0.005378724500082477,0.00010984231396172302,-0.001017556759118897,usrente
2016-09,JPY,0.020645212038937544,0.0002672981508558437,-0.0009993337355884088,usrente
2016-10,JPY,0.042723609022979225,0.001183748771525077,-0.0009378435487289601,usrente
2016-11,JPY,0.0673491223458429,0.004976285658085564,-0.0008141567142482003,usrente
2016-12,JPY,-0.009754476136021317,0.005210974514967793,-0.0006216050784852311,usrente
2017-01,JPY,-0.01721412385549037,-0.0013119681204512524,-0.0006473314758304032,usrente
2017-02,JPY,4.339583958579141e-05,-0.0005792091552193159,-0.0006938674094811335,usrente
2017-03,JPY,-0.025341310991739086,0.0005131200521171498,-0.0006918022463184811,usrente
2017-04,JPY,0.0193642128885001,-0.003280859960590059,-0.0007606556227023374,usrente
2017-05,JPY,-0.011915481563214314,-0.0004360891472452775,-0.0007045974931446704,usrente
2017-06,JPY,0.013459143731238576,-0.002147393130848286,-0.0007357388377837528,usrente
2017-07,JPY,-0.023308771088815128,0.0015482472855557568,-0.0006964178334374306,usrente
2017-08,JPY,0.008603743866490987,-0.002147632676785896,-0.0007588828976788054,usrente
2017-09,JPY,0.019123407671430392,-0.0006190825569193125,-0.0007330905374469327,usrente
2017-10,JPY,-0.0008487874279490271,0.0019764455232199954,-0.0006785397181917753,usrente
2017-11,JPY,0.0010763667684461353,-0.0005727141294840708,-0.000679006150273302,usrente
2017-12,JPY,-0.018493768048283954,0.0003271392791990087,-0.0006742100494024838,usrente
2018-01,JPY,-0.02651395255700706,0.0022025638610990487,-0.0007227647033503897,usrente
2018-02,JPY,-0.01797290464963197,0.0035212715910860463,-0.0007928494529527176,usrente
2018-03,JPY,0.015062310097287757,-0.0009022217049441431,-0.0008394078681198701,usrente
2018-04,JPY,0.018698979199498034,-0.0001482529034047885,-0.0007964302519971468,usrente
2018-05,JPY,0.0034184022512224743,0.0010455215308834505,-0.0007438819785429819,usrente
2018-06,JPY,0.013152716316019664,-0.0015160144209970857,-0.0007326930424414619,usrente
2018-07,JPY,-0.004714244689771441,-0.0007626331691923166,-0.0006954667438933087,usrente
2018-08,JPY,0.009869466948302374,-0.000488489900901844,-0.0007062121394705229,usrente
2018-09,JPY,0.00555470000312841,0.001106101862692564,-0.0006780103285697952,usrente
2018-10,JPY,0.005451668329853554,0.0016925311144542748,-0.0006614339713046405,usrente
2018-11,JPY,-0.010096859084243626,-0.0008672075880911678,-0.0006452188458373773,usrente
2018-12,JPY,-0.029292214250099313,-0.004613242959186523,-0.0006702231850924203,usrente
2019-01,JPY,0.013486955831338854,-0.0022823494990404153,-0.0007457429504354464,usrente
2019-02,JPY,0.00635696998199986,-0.0009193574003935323,-0.000708288479957093,usrente
2019-03,JPY,0.004462591853672038,-0.0020663745666779387,-0.0006897444944926391,usrente
2019-04,JPY,-0.015071616911069619,-0.0010280827538965362,-0.000676256703005297,usrente
2019-05,JPY,-0.01745504666047104,-0.0023758443343191403,-0.0007138424998931934,usrente
2019-06,JPY,0.0020142836947494303,-0.005355927705141021,-0.0007574393857280315,usrente
2019-07,JPY,-0.01956281060761178,-0.0006487004234605204,-0.0007502401049995186,usrente
2019-08,JPY,0.01264611296830953,-0.006798567809993177,-0.0007989773342808975,usrente
2019-09,JPY,0.005534220863920858,0.0004781190428771663,-0.0007642354988736871,usrente
2019-10,JPY,0.006646269742268451,-0.00035492392739623564,-0.000748002363918031,usrente
2019-11,JPY,0.0022306967121386023,0.0009363863761927766,-0.0007289939523340041,usrente
2019-12,JPY,0.0015176240057765966,0.00023299291777113292,-0.0007214050019122795,usrente
2020-01,JPY,0.006956828950645644,-0.0018869907753239772,-0.0007156785850128194,usrente
2020-02,JPY,-0.021702594766095373,-0.004120440565530691,-0.0006961058617075683,usrente
2020-03,JPY,0.000662006032368545,-0.009523223471427443,-0.0007495574874184787,usrente
2020-04,JPY,-0.005011674285854362,-0.0034156216074461053,-0.0007459748388911005,usrente
2020-05,JPY,0.0035217763338950547,-0.0003338026854768571,-0.0007567740779973366,usrente
2020-06,JPY,-0.008367452908239592,0.00037839104682685663,-0.0007459696577652851,usrente
2020-07,JPY,-0.006289787241696487,-0.002028228346561546,-0.0007651673485725252,usrente
2020-08,JPY,-0.004006585640889959,-7.650233864431582e-05,-0.0007790483030778617,usrente
2020-09,JPY,-0.0036005987708289666,-8.684556071604564e-05,-0.0007871373690874158,usrente
2020-10,JPY,-0.007665497548543954,0.001024817837605248,-0.0007941710225917698,usrente
2020-11,JPY,-0.005868375972405637,0.0005771846802977066,-0.0008113065002125981,usrente
2020-12,JPY,-6.647927222136474e-05,0.0002795132691804696,-0.0008238862750190485,usrente
2021-01,JPY,0.01519494424759582,0.0015314355023739955,-0.000822006853175878,usrente
2021-02,JPY,0.03103532256070718,0.0020058424233562215,-0.0007823609346096114,usrente
2021-03,JPY,0.00317254137163836,0.00456973906848581,-0.0007037987531396935,usrente
2021-04,JPY,0.0006188218288620817,-1.8747251735689262e-05,-0.0006942511173643781,usrente
2021-05,JPY,0.009080467266670667,-0.0007321343837795557,-0.0006910248939092762,usrente
2021-06,JPY,0.0009713074742769834,-0.0018520064156623442,-0.0006670751582215803,usrente
2021-07,JPY,-0.003286274865636152,-0.0032728928765405367,-0.0006630693327142488,usrente
2021-08,JPY,0.0028025545844680977,-0.000986930978438189,-0.0006694673949896681,usrente
2021-09,JPY,0.026519530230589616,0.0008792282600654578,-0.0006610196529471918,usrente
2021-10,JPY,0.007428921396157584,0.002686599366984767,-0.0005950474444920053,usrente
2021-11,JPY,-0.0011598001106039035,-0.000618723910284367,-0.000575618948509803,usrente
2021-12,JPY,0.008682001054307165,-0.0017779138261279238,-0.0005770300141187259,usrente
2022-01,JPY,0.003918270754553532,0.004023124932996134,-0.000554719095881555,usrente
2022-02,JPY,0.02823405650366073,0.002146573891588555,-0.0005439667164333938,usrente
2022-03,JPY,0.06368222634204912,0.00269349347313956,-0.00047495467034204097,usrente
2022-04,JPY,0.01938993343697515,0.00940902299188962,-0.00032146859136502866,usrente
2022-05,JPY,0.038917359471688506,0.002286305172663549,-0.0002744246724429757,usrente
2022-06,JPY,0.02029914799955801,0.0038518577262240117,-0.00018111090067123408,usrente
2022-07,JPY,-0.010482002642713262,-0.0037877912924645612,-0.000132464204946224,usrente
2022-08,JPY,0.057458191948500215,6.186637638747e-05,-0.0001569891775475677,usrente
2022-09,JPY,0.02595209709093904,0.010249241169870088,-2.0783075594736065e-05,usrente
2022-10,JPY,-0.03182690526721821,0.007911798246165282,4.0473717250862467e-05,usrente
2022-11,JPY,-0.05431249219992651,-0.0012850961890281617,-3.4508350947888286e-05,usrente
2022-12,JPY,-0.03367262112458924,-0.004305408774965008,-0.00016192145857459866,usrente
2023-01,JPY,0.019726340974411727,-0.0015210958280257975,-0.00024040084889313413,usrente
2023-02,JPY,0.00463424480335739,0.003580317258520072,-0.00019374958295083306,usrente
2023-03,JPY,-0.0014209843866703764,-0.0014638894098009943,-0.0001824955167822824,usrente
2023-04,JPY,0.02645872325947707,-0.0032554338154968947,-0.00018537572345644077,usrente
2023-05,JPY,0.03092721544203947,0.0018313914585805719,-0.00012355646827562057,usrente
2023-06,JPY,-0.0029905004360575305,0.0030520785332579735,-5.1679681446187494e-05,usrente
2023-07,JPY,0.02691222504888291,0.002543772653270886,-5.846679635291115e-05,usrente
2023-08,JPY,0.02094631599407748,0.0045872195075035965,3.677654903392586e-06,usrente
2023-09,JPY,0.011755850773393917,0.0036917005199036857,5.182165108540198e-05,usrente
2023-10,JPY,0.0005727225830289839,0.007216038936413315,7.866575457693527e-05,usrente
2023-11,JPY,-0.03880818192370672,-0.004720932570131133,7.979631940176833e-05,usrente
2023-12,JPY,0.015935527127600935,-0.007975197567724638,-8.989019052817251e-06,usrente
2024-01,JPY,0.022444981665501906,0.0008561622322870179,2.7331063285801773e-05,usrente
2024-02,JPY,0.0013599010356681873,0.002719955241420664,7.828026919992928e-05,usrente
2024-03,JPY,0.02681283254647404,0.00024546989409176217,8.118643873840606e-05,usrente
2024-04,JPY,0.012778490966057987,0.005743253204787103,0.00014166527608622424,usrente
2024-05,JPY,0.012692011838438155,-0.000672440103841176,0.00017019084197780835,usrente
2024-06,JPY,-0.0021675571350421308,-0.002461660748088569,0.00019839314151938572,usrente
2024-07,JPY,-0.07412711542400796,-0.0006400535115025788,0.00019307639932486544,usrente
2024-08,JPY,-0.022890991532547034,-0.006161561154774737,2.6439197927258214e-05,usrente
2024-09,JPY,0.04738479593904721,-0.0023925787511691952,-2.4830222051431476e-05,usrente
2024-10,JPY,0.025176928935826126,0.006602156649681,8.099483634387799e-05,usrente
2024-11,JPY,0.0006614055792022455,0.00472704675106225,0.0001368877853404977,usrente
2024-12,JPY,0.01719431769684654,0.0008066428339034418,0.00013805338043796825,usrente
2025-01,JPY,-0.03188222777306926,0.0044095038318518655,0.00017587214832357484,usrente
1997-06,JPY,0.009494039830039824,-0.002714809044639188,-0.001957671298608695,alle fire
1997-07,JPY,0.021891494846971504,-0.014379152786787877,-0.0018630290578760624,alle fire
1997-08,JPY,0.024794052924283605,-0.0010307636750203557,-0.0016683198455412463,alle fire
1997-09,JPY,0.001409379424491597,-0.0028498818885704527,-0.0014531786035101501,alle fire
1997-10,JPY,0.03507226389681506,-0.012483962015336478,-0.0014300934581230392,alle fire
1997-11,JPY,0.03412428664913936,2.2217040493124635e-05,-0.0011380745992835345,alle fire
1997-12,JPY,-0.001439361930934524,0.009365091110090481,-0.0008582145893754162,alle fire
1998-01,JPY,-0.02894417420502915,0.004191783014694894,-0.0008627905526947793,alle fire
1998-02,JPY,0.025346750383821615,0.0018157123353166453,-0.0010821763624786415,alle fire
1998-03,JPY,0.020483326094138832,0.0045491617747375965,-0.000877300961344531,alle fire
1998-04,JPY,0.023570599653975677,-0.0049338657121712525,-0.0007129884455331205,alle fire
1998-05,JPY,0.03949624360637838,-0.0020569999512355885,-0.0005276175440101527,alle fire
1998-06,JPY,0.003250596296533459,0.01576857600523265,-0.00022440647468902736,alle fire
1998-07,JPY,0.027273456000665774,0.006288873229705505,-0.0001982786343038959,alle fire
1998-08,JPY,-0.07310519996546372,0.005915012740683822,6.734310733191199e-06,alle fire
1998-09,JPY,-0.10522708927006086,-0.019061618650646574,-0.0005348355727941934,alle fire
1998-10,JPY,-0.00629078047252829,-0.007718739900623095,-0.0013046315558623307,alle fire
1998-11,JPY,-0.02712160320560475,0.015092556120558239,-0.0013410268034292354,alle fire
1998-12,JPY,-0.03282883128484215,-0.004571574561391684,-0.0015278425744594927,alle fire
1999-01,JPY,0.02938481996244313,-0.018110552456849192,-0.0017530295435989364,alle fire
1999-02,JPY,0.02375468157252225,0.006371054692793204,-0.001530616332841493,alle fire
1999-03,JPY,0.002502035827992799,-0.014062682244425768,-0.001351287978902743,alle fire
1999-04,JPY,0.01842450611584745,-0.02133805660158267,-0.0013241518957555914,alle fire
1999-05,JPY,-0.01050585625740652,0.0050925838530967585,-0.0011860493921779477,alle fire
1999-06,JPY,-0.011614135672835424,0.00011750963759980717,-0.0012507702731864795,alle fire
1999-07,JPY,-0.05250406756892012,-0.02198673828754597,-0.0013222417587012997,alle fire
1999-08,JPY,-0.057731088264838526,-0.011496516104326813,-0.0016728022094562231,alle fire
1999-09,JPY,-0.008552947691664592,-0.020539705604483666,-0.002054151094186715,alle fire
1999-10,JPY,-0.012501735611849085,-0.0010365263330435574,-0.0020980618820075113,alle fire
1999-11,JPY,-0.019922215711489777,-0.016994735824525885,-0.0021678851956306094,alle fire
1999-12,JPY,0.02609053212856427,-0.002919345602456773,-0.0022862473990696705,alle fire
2000-01,JPY,0.038130333918764414,0.005557811797800094,-0.0020983217068336842,alle fire
2000-02,JPY,-0.028570868408435146,-0.013956630224550574,-0.0018336594987705386,alle fire
2000-03,JPY,-0.0064208768147748785,-0.01287035780489656,-0.002008412498180111,alle fire
2000-04,JPY,0.025180404696726555,-0.0012634534960731855,-0.0020370648638722852,alle fire
2000-05,JPY,-0.020472069060425646,-0.00770686124659792,-0.00186146828606197,alle fire
2000-06,JPY,0.019465289376989325,-0.020620198955053442,-0.0019807670089745577,alle fire
2000-07,JPY,-0.00121225081526255,-0.003332053551623061,-0.0018441679237136412,alle fire
2000-08,JPY,-0.011566406115208316,-0.011827565401806574,-0.0018401684483436976,alle fire
2000-09,JPY,0.014914778680042318,-0.00776173744660286,-0.0019013397544246071,alle fire
2000-10,JPY,0.005211267222406946,0.0034396749327465395,-0.0017962390142091888,alle fire
2000-11,JPY,0.028928169380789903,-0.0029563288411349133,-0.0017527141307519458,alle fire
2000-12,JPY,0.0390025181767788,0.006515374071931751,-0.0015633259609276135,alle fire
2001-01,JPY,-0.0037629023695018304,0.0011002856175329103,-0.0013144557514938318,alle fire
2001-02,JPY,0.044352594614593066,-0.005430025586102205,-0.001329385304042661,alle fire
2001-03,JPY,0.01847766982434873,0.007097724257111478,-0.0010525248196872929,alle fire
2001-04,JPY,-0.01631384657793422,0.0077224490543513526,-0.0009348730447232205,alle fire
2001-05,JPY,0.0047747256850154685,0.0018858318840858184,-0.0010269627065987354,alle fire
2001-06,JPY,0.01739649161545831,0.002841382862832591,-0.0009924288471248415,alle fire
2001-07,JPY,-0.025471441736413247,0.011902227553379828,-0.00088361866687287,alle fire
2001-08,JPY,-0.022963880382291357,-0.006027951157812317,-0.0010282529202231077,alle fire
2001-09,JPY,0.023677164211354018,-0.002664060539371458,-0.0011565314433930973,alle fire
2001-10,JPY,0.007807006872433853,0.014330185110087518,-0.0010121494919120096,alle fire
2001-11,JPY,0.041517962824215715,0.010587069325718552,-0.0009611717094591433,alle fire
2001-12,JPY,0.039107819108291864,0.013523184719498127,-0.0007170387523690578,alle fire
2002-01,JPY,0.007203986910497839,-0.0010813639202054157,-0.000489468136022424,alle fire
2002-02,JPY,-0.01950620887689425,-0.0028978336623795595,-0.0004457553232581043,alle fire
2002-03,JPY,-0.0022090442267357346,-0.0013642514993021295,-0.0005534415015272351,alle fire
2002-04,JPY,-0.03420014210795763,-0.00787351081849792,-0.0005627426404329008,alle fire
2002-05,JPY,-0.02471031798944523,-0.0009621772389837074,-0.0007506610732123686,alle fire
2002-06,JPY,-0.044714185424787445,-0.0038154877945956985,-0.0008837702783025511,alle fire
2002-07,JPY,0.009232972765658154,-0.015767179148626524,-0.0011259272680621362,alle fire
2002-08,JPY,0.017372819320407906,-0.014417119366134948,-0.0010690102349098268,alle fire
2002-09,JPY,0.02310196758424521,-0.014220901030725167,-0.0009682352100173802,alle fire
2002-10,JPY,-0.018734999069654812,0.0024907097564865694,-0.0008374188904833444,alle fire
2002-11,JPY,0.0023408558012176783,0.008293084969502736,-0.0009341625671275145,alle fire
2002-12,JPY,-0.025589436804033028,-0.014039651316164657,-0.0009165549414912501,alle fire
2003-01,JPY,0.004405611632564366,-0.012265589732061686,-0.0010484954862107249,alle fire
2003-02,JPY,-0.005468346784821776,-0.012900744026747178,-0.0010194842781321338,alle fire
2003-03,JPY,0.010125741374105601,-0.0032412373417795093,-0.0010430232331939838,alle fire
2003-04,JPY,-0.021301209888118677,0.01115293100196246,-0.0009842402615766177,alle fire
2003-05,JPY,0.008153730560504613,-0.014759929266998827,-0.0010906118303019687,alle fire
2003-06,JPY,0.0030958797412861117,-0.011935563610590587,-0.0010424642136831845,alle fire
2003-07,JPY,-0.00028227367842159623,0.010195459789237402,-0.0010210220170253125,alle fire
2003-08,JPY,-0.03309100259587616,0.004180301824528895,-0.0010172140358984893,alle fire
2003-09,JPY,-0.04730803136378103,-0.0010633226570209541,-0.0011816950028727337,alle fire
2003-10,JPY,-0.0029057065817532646,-0.010678056111308244,-0.0014170334536936944,alle fire
2003-11,JPY,-0.013278176604289982,-0.0035231898640556373,-0.0014245901700797835,alle fire
2003-12,JPY,-0.013730659040775528,-0.008375526726160749,-0.0014844567682323604,alle fire
2004-01,JPY,0.004126284634762278,-0.00983070798666182,-0.001545995473119512,alle fire
2004-02,JPY,0.016799668043613103,-0.005593985872273103,-0.0015176340725801029,alle fire
2004-03,JPY,-0.007950189002522201,-0.013370058918238387,-0.0014265032162806342,alle fire
2004-04,JPY,0.041302667858492015,0.004231683058321995,-0.0014587986904699489,alle fire
2004-05,JPY,-0.024929369197129958,-0.0018176371092752345,-0.001248151072002156,alle fire
2004-06,JPY,0.000488761465362586,6.411399088939763e-05,-0.001364235474576312,alle fire
2004-07,JPY,0.006795016330244152,-0.01294177467091746,-0.0013551964651131953,alle fire
2004-08,JPY,-0.0012908205582187193,-0.013896657010724244,-0.0013156323253299073,alle fire
2004-09,JPY,-0.011951261360085397,-0.00551897685835416,-0.0013155124617206745,alle fire
2004-10,JPY,-0.03827010177688184,-0.008761646096908575,-0.0013666458698858895,alle fire
2004-11,JPY,-0.008523408341438277,0.008565134398762612,-0.0015432174292495065,alle fire
2004-12,JPY,-0.004531958783799972,0.0044329934688335645,-0.0015764564335932626,alle fire
2005-01,JPY,0.015394580720618833,-0.007140110920612578,-0.0015904635537364222,alle fire
2005-02,JPY,0.0029505465069492587,-0.0023598839764323518,-0.001510345420366822,alle fire
2005-03,JPY,0.018259084308418494,-0.0033346174642761637,-0.0014894022657784836,alle fire
2005-04,JPY,-0.005599928567892931,-0.0018643932947543648,-0.0013971196182355071,alle fire
2005-05,JPY,0.01998835949901867,-0.002393410792057282,-0.001416667566838565,alle fire
2005-06,JPY,0.029056764438803562,-0.008775385008608949,-0.001317570219311448,alle fire
2005-07,JPY,-0.012104748808273946,0.0006185293685396134,-0.0011775963268777384,alle fire
2005-08,JPY,0.005702182048355375,-0.004242252739998293,-0.0012277208795446934,alle fire
2005-09,JPY,0.032115661647995175,-0.00029393381238746385,-0.001196077487179853,alle fire
2005-10,JPY,0.030727998156365288,0.009347685353391944,-0.0010446604911108755,alle fire
2005-11,JPY,7.091108934265122e-05,0.00815067421724347,-0.0009008928049232005,alle fire
2005-12,JPY,-0.02552856459002495,0.0013531549452691781,-0.000896515309903985,alle fire
2006-01,JPY,0.02043467566522761,-0.0027502935258777784,-0.0010069729299942134,alle fire
2006-02,JPY,-0.004956242286372259,0.008320244866786442,-0.0009112512844798304,alle fire
2006-03,JPY,-0.0017777039023396668,0.004171905994488333,-0.000929229022266019,alle fire
2006-04,JPY,-0.04667805391038282,0.0007515781104698244,-0.0009329833358946634,alle fire
2006-05,JPY,0.025576208953556723,0.0034720861363695846,-0.0011345034705840386,alle fire
2006-06,JPY,0.009913619856168232,0.001811173674603644,-0.001017351223109737,alle fire
2006-07,JPY,0.0013578414396073768,-0.00420640982612547,-0.0009696177249469511,alle fire
2006-08,JPY,0.011068197754321218,-0.002788098080949334,-0.0009594983372749758,alle fire
2006-09,JPY,0.011826779386589159,0.006587002358510981,-0.0009074303888265074,alle fire
2006-10,JPY,-0.010922863065209398,0.003271077671233141,-0.0008525415535876467,alle fire
2006-11,JPY,1.278540758864466e-05,-0.005136022377044909,-0.0008957618175860233,alle fire
2006-12,JPY,0.026288361035104124,-0.005989516526455015,-0.000891879137136559,alle fire
2007-01,JPY,0.000478103928646334,0.010607244204650146,-0.000776218540658939,alle fire
2007-02,JPY,-0.027295064783375622,-0.005520309019211776,-0.0007709036149415438,alle fire
2007-03,JPY,0.014161572937251066,-0.008296734932773882,-0.0008828199067914766,alle fire
2007-04,JPY,0.01535914210945144,-0.0035602123245345005,-0.0008196081721526424,alle fire
2007-05,JPY,0.01573503128228282,0.002011556489259778,-0.0007519146563300312,alle fire
2007-06,JPY,-0.01043665563231233,0.0031597418849935444,-0.0006832190482524776,alle fire
2007-07,JPY,-0.03931922329455162,-0.006009858338791219,-0.0007236897394726431,alle fire
2007-08,JPY,-0.01458324122798249,-0.0025474839032071945,-0.0008831754153200768,alle fire
2007-09,JPY,0.007124896322018515,-0.009127255741133876,-0.0009395542869771238,alle fire
2007-10,JPY,-0.04224847153347522,-0.0056234989630988995,-0.0009065032598910761,alle fire
2007-11,JPY,0.012313043025768522,-0.015160210441222143,-0.0010752459875383582,alle fire
2007-12,JPY,-0.04205423761879601,-0.002791100541365628,-0.001020822048459875,alle fire
2008-01,JPY,-0.007336378909440278,-0.011136464214649585,-0.0011869492370037461,alle fire
2008-02,JPY,-0.060405431601366466,-0.006551543451432586,-0.001211745324392603,alle fire
2008-03,JPY,0.018891218668793286,-0.01344443936591968,-0.0014494709720912933,alle fire
2008-04,JPY,0.016246713085635633,-0.005770283052281888,-0.001368108213527755,alle fire
2008-05,JPY,0.024194327735407306,-0.008256061841051645,-0.0012979296426147533,alle fire
2008-06,JPY,-0.0005931692156311286,-0.005672944721145262,-0.0011967698911146659,alle fire
2008-07,JPY,0.023224310372626178,-0.006784857809321201,-0.0011943841176937822,alle fire
2008-08,JPY,-0.02582005200494919,0.0022369929318415576,-0.0010982475252122076,alle fire
2008-09,JPY,-0.06401795820242828,0.00023594687267782812,-0.0011951957780739213,alle fire
2008-10,JPY,-0.030472851405590085,0.008414814116892853,-0.0014405971937940555,alle fire
2008-11,JPY,-0.060479348887080064,0.0011431928894271005,-0.00155356316348976,alle fire
2008-12,JPY,-0.012729263835036697,-0.0180893591664744,-0.0017819576817982494,alle fire
2009-01,JPY,0.03054604300179431,-0.00563700792457581,-0.0018242252731234944,alle fire
2009-02,JPY,0.05179308444847397,0.0015457880497682817,-0.0016997242412968875,alle fire
2009-03,JPY,0.010824651496283089,-0.002569661588915996,-0.0014947709512977655,alle fire
2009-04,JPY,-0.02327214498127006,-0.0005172473246481644,-0.001447750254932953,alle fire
2009-05,JPY,-0.0003104641982103473,0.0010505208572586342,-0.0015307327443867063,alle fire
2009-06,JPY,-0.02353739770949481,3.0919504039210455e-05,-0.0015261105150451292,alle fire
2009-07,JPY,0.005601710902108259,-0.004628037629815087,-0.00160917197615626,alle fire
2009-08,JPY,-0.038918410307547724,-0.006889092180173714,-0.0015820633939071453,alle fire
2009-09,JPY,-0.009994473255293457,-0.005611354430082309,-0.0017218998992016793,alle fire
2009-10,JPY,-0.012243903462404226,-0.00394724063993509,-0.0017527677102318726,alle fire
2009-11,JPY,0.007627606264027698,-0.0021044004241652786,-0.0017917682148867883,alle fire
2009-12,JPY,0.012705912931132879,0.005711312123803831,-0.0017568816427426606,alle fire
2010-01,JPY,-0.010611408516147947,0.0043607992455380815,-0.0017035133970826032,alle fire
2010-02,JPY,0.006376379317265091,0.0011940799976612,-0.0017362630114909317,alle fire
2010-03,JPY,0.029720576302670665,-0.002307756617049449,-0.0017065463729240599,alle fire
2010-04,JPY,-0.015960370225053033,-0.000974591304349256,-0.0015918488449109403,alle fire
2010-05,JPY,-0.012770794245160033,-0.004422942683668364,-0.0016440980135660026,alle fire
2010-06,JPY,-0.03707975383688211,-0.0039041049646696404,-0.0016844121303471403,alle fire
2010-07,JPY,-0.024618130075607425,-0.004102452934026142,-0.0018121931473382414,alle fire
2010-08,JPY,-0.011967399019404468,-0.0073138729484105314,-0.0018942288916845333,alle fire
2010-09,JPY,-0.0316562002922387,-0.0014021230867818464,-0.0019303334441136371,alle fire
2010-10,JPY,0.009613673114920118,-0.00427479996814936,-0.0020364972542855123,alle fire
2010-11,JPY,0.009883376522835441,0.002762891502899957,-0.0019950375732563108,alle fire
2010-12,JPY,-0.00858752971161092,0.006826392416592235,-0.001952915537454567,alle fire
2011-01,JPY,-0.0010680436806120852,-0.0010861127704611994,-0.001976359403794342,alle fire
2011-02,JPY,-0.01083917794205913,0.00022937202593898472,-0.0019731611089944044,alle fire
2011-03,JPY,0.01856699300778164,-0.007133431557213117,-0.002004269939987614,alle fire
2011-04,JPY,-0.024972265910457203,-0.003811562635369904,-0.0019323424471632462,alle fire
2011-05,JPY,-0.008663540033825079,-0.005428952245410606,-0.002012620926129427,alle fire
2011-06,JPY,-0.01482349255764781,-0.004960427301348031,-0.0020357143952533705,alle fire
2011-07,JPY,-0.02915290299115103,-0.0020738065824672026,-0.002079962762597296,alle fire
2011-08,JPY,-0.0022112190610616977,-0.011003904389962897,-0.0021733177289026536,alle fire
2011-09,JPY,-0.0019903720562171046,-0.006508560167924929,-0.002173447974030348,alle fire
2011-10,JPY,0.01188710678510052,0.003738838836687883,-0.0021728210017090696,alle fire
2011-11,JPY,0.003053630100598781,-0.0024294209234817497,-0.002124834900047603,alle fire
2011-12,JPY,-0.010761233773530776,-0.00024173540802434204,-0.0021072210735147926,alle fire
2012-01,JPY,0.019378606080612037,-0.0013424520481169588,-0.0021365567097860333,alle fire
2012-02,JPY,0.0496684884221521,-0.002028271538802769,-0.002063870349007661,alle fire
2012-03,JPY,-0.014824515326400167,0.0033794279961185626,-0.0018896873228421403,alle fire
2012-04,JPY,-0.019707422332965407,-0.0006729555507897379,-0.0019330927859413283,alle fire
2012-05,JPY,-0.004423149453804953,-0.0014139099616358795,-0.0019925387041588,alle fire
2012-06,JPY,-0.004807592198167399,0.0013041400765748568,-0.002000640739990954,alle fire
2012-07,JPY,-0.003094675483158227,-0.002140657509982262,-0.002009966160117786,alle fire
2012-08,JPY,-0.007085580400601366,0.002090510364455423,-0.0020135579128430854,alle fire
2012-09,JPY,0.011172987750433627,0.0025159731037576157,-0.0020302972609875024,alle fire
2012-10,JPY,0.02521069989084168,0.0027000490216717013,-0.0019868654023973012,alle fire
2012-11,JPY,0.03349400889887999,0.000976729492096283,-0.0018976930571735667,alle fire
2012-12,JPY,0.060969329827212704,0.003564680894446378,-0.0017820339004544375,alle fire
2013-01,JPY,0.04332773157253467,0.007000131224454818,-0.0015776320642079647,alle fire
2013-02,JPY,0.018836206175764758,0.005712028447865252,-0.0014318354290237354,alle fire
2013-03,JPY,0.03104417933304493,0.004581968364749018,-0.001366243061370698,alle fire
2013-04,JPY,0.031817168487328296,0.0034148031466357054,-0.001261693311711293,alle fire
2013-05,JPY,-0.03718352234563138,0.010225676573747155,-0.0011553304120359245,alle fire
2013-06,JPY,0.02476108905061203,0.011387327928527908,-0.0012708053861820638,alle fire
2013-07,JPY,-0.0188414820035101,0.010067087328266885,-0.00118763639437122,alle fire
2013-08,JPY,0.014188479657863518,0.0075866643120946625,-0.0012438588326168852,alle fire
2013-09,JPY,-0.014621034144231437,0.007696058297696083,-0.0011948672818534554,alle fire
2013-10,JPY,0.023289133019376962,0.003004514367079292,-0.0012373551516711072,alle fire
2013-11,JPY,0.033278150038412946,0.006806524896393577,-0.0011599845265258452,alle fire
2013-12,JPY,0.002908968017198532,0.006673056611899026,-0.0010516885058813835,alle fire
2014-01,JPY,-0.015893541840216407,0.0015870429454125365,-0.0010392726547118541,alle fire
2014-02,JPY,0.002095226937458783,-0.0036556688393264464,-0.0010856922459165559,alle fire
2014-03,JPY,0.0011591928355807468,-0.0015432702185148514,-0.0010757828403608694,alle fire
2014-04,JPY,-0.006702206920671472,-0.0037437378231847,-0.0010688419221126036,alle fire
2014-05,JPY,0.002836586285461351,-0.007997447245488211,-0.0010862826806220737,alle fire
2014-06,JPY,-0.0031687504955622003,-0.0031172057523738295,-0.001074175060356384,alle fire
2014-07,JPY,0.011762668856254876,-0.004247631125891224,-0.0010806199078493251,alle fire
2014-08,JPY,0.042616237563030346,-0.003582143229444605,-0.0010412233165483919,alle fire
2014-09,JPY,0.005576195883084445,0.0007854885954578759,-0.0009077142618707811,alle fire
2014-10,JPY,0.07379225874295514,-0.001699367013673561,-0.0008879462431361615,alle fire
2014-11,JPY,0.02566871554558592,0.0042841665827056865,-0.0006609547386191666,alle fire
2014-12,JPY,-0.009035588613486745,0.006290024114580336,-0.0005811678589700604,alle fire
2015-01,JPY,0.004303622523516459,0.0029891811585468844,-0.0006067099156302316,alle fire
2015-02,JPY,0.01366920087262713,-0.003149500393347174,-0.0005919197576809945,alle fire
2015-03,JPY,-0.007377984648462288,0.0037281414566398296,-0.0005490935696019912,alle fire
2015-04,JPY,0.010723862952542795,-0.0017503467571278399,-0.0005695393512752256,alle fire
2015-05,JPY,0.023889902806021546,0.004038146045277621,-0.0005358277026071121,alle fire
2015-06,JPY,-0.0033008233443565516,0.00682217400750348,-0.0004631320760933364,alle fire
2015-07,JPY,-0.0024935593297907843,0.005013093828859212,-0.00047155252496058626,alle fire
2015-08,JPY,-0.023494262252377496,0.0056767464803397115,-0.00047753479361393005,alle fire
2015-09,JPY,-0.0008284911486038382,-0.0009876255715781518,-0.0005454307448197222,alle fire
2015-10,JPY,0.021386831048824995,-0.002424769552759421,-0.0005462632754190873,alle fire
2015-11,JPY,-0.008254569787354171,0.0017607457728611904,-0.0004819433507145592,alle fire
2015-12,JPY,-0.028428401799285297,-0.0013387576906570323,-0.0005046703285994704,alle fire
2016-01,JPY,-0.031013307076474206,-0.002791370086213787,-0.0005860806244323736,alle fire
2016-02,JPY,-0.014799836993586446,-0.012039937324391733,-0.0006745318641185417,alle fire
2016-03,JPY,-0.03038480162552304,-0.00980537967031441,-0.0007154747775372893,alle fire
2016-04,JPY,-0.006445077255145648,-0.011546499231000052,-0.0008012242770979417,alle fire
2016-05,JPY,-0.03265664914884425,-0.011672598000426143,-0.0008174889830865518,alle fire
2016-06,JPY,-0.011070929937656793,-0.014760534913792074,-0.0009089808226433268,alle fire
2016-07,JPY,-0.028748609474079423,-0.01207480935708876,-0.0009380981553511018,alle fire
2016-08,JPY,0.005378724500082477,-0.012255410115359834,-0.001017556759118897,alle fire
2016-09,JPY,0.020645212038937544,-0.010095806969945179,-0.0009993337355884088,alle fire
2016-10,JPY,0.042723609022979225,-0.008926663276026892,-0.0009378435487289601,alle fire
2016-11,JPY,0.0673491223458429,-0.0007638992221246656,-0.0008141567142482003,alle fire
2016-12,JPY,-0.009754476136021317,-0.0036060240060438054,-0.0006216050784852311,alle fire
2017-01,JPY,-0.01721412385549037,-0.005644016309627682,-0.0006473314758304032,alle fire
2017-02,JPY,4.339583958579141e-05,-0.0034271763218546485,-0.0006938674094811335,alle fire
2017-03,JPY,-0.025341310991739086,0.00016912318958406413,-0.0006918022463184811,alle fire
2017-04,JPY,0.0193642128885001,-0.004978815934540615,-0.0007606556227023374,alle fire
2017-05,JPY,-0.011915481563214314,0.00020555330328828416,-0.0007045974931446704,alle fire
2017-06,JPY,0.013459143731238576,0.0006591473836156756,-0.0007357388377837528,alle fire
2017-07,JPY,-0.023308771088815128,0.002475291093306463,-0.0006964178334374306,alle fire
2017-08,JPY,0.008603743866490987,-0.0011888359687777699,-0.0007588828976788054,alle fire
2017-09,JPY,0.019123407671430392,0.00011334172142489908,-0.0007330905374469327,alle fire
2017-10,JPY,-0.0008487874279490271,0.003995456778024781,-0.0006785397181917753,alle fire
2017-11,JPY,0.0010763667684461353,-0.0019948976386044903,-0.000679006150273302,alle fire
2017-12,JPY,-0.018493768048283954,-0.0024845646301881246,-0.0006742100494024838,alle fire
2018-01,JPY,-0.02651395255700706,-0.0015435492771601724,-0.0007227647033503897,alle fire
2018-02,JPY,-0.01797290464963197,0.0030137493925813277,-0.0007928494529527176,alle fire
2018-03,JPY,0.015062310097287757,-0.0037054283290855403,-0.0008394078681198701,alle fire
2018-04,JPY,0.018698979199498034,-0.0031229933426726838,-0.0007964302519971468,alle fire
2018-05,JPY,0.0034184022512224743,-0.0016610110482088896,-0.0007438819785429819,alle fire
2018-06,JPY,0.013152716316019664,-0.0014282228272602072,-0.0007326930424414619,alle fire
2018-07,JPY,-0.004714244689771441,-0.0015864723801090092,-0.0006954667438933087,alle fire
2018-08,JPY,0.009869466948302374,0.0001600523233605632,-0.0007062121394705229,alle fire
2018-09,JPY,0.00555470000312841,-0.0007095004494859288,-0.0006780103285697952,alle fire
2018-10,JPY,0.005451668329853554,0.0005501464127130133,-0.0006614339713046405,alle fire
2018-11,JPY,-0.010096859084243626,0.003767030296840039,-0.0006452188458373773,alle fire
2018-12,JPY,-0.029292214250099313,-0.0029159966823875606,-0.0006702231850924203,alle fire
2019-01,JPY,0.013486955831338854,-0.003712885284914619,-0.0007457429504354464,alle fire
2019-02,JPY,0.00635696998199986,-0.0015003097266266226,-0.000708288479957093,alle fire
2019-03,JPY,0.004462591853672038,-0.000851321276189966,-0.0006897444944926391,alle fire
2019-04,JPY,-0.015071616911069619,-0.0011301528485652508,-0.000676256703005297,alle fire
2019-05,JPY,-0.01745504666047104,-0.002278898956212317,-0.0007138424998931934,alle fire
2019-06,JPY,0.0020142836947494303,-0.0037763015917413587,-0.0007574393857280315,alle fire
2019-07,JPY,-0.01956281060761178,-0.0014705262637087606,-0.0007502401049995186,alle fire
2019-08,JPY,0.01264611296830953,-0.0066061681495715,-0.0007989773342808975,alle fire
2019-09,JPY,0.005534220863920858,-0.0020873511977431074,-0.0007642354988736871,alle fire
2019-10,JPY,0.006646269742268451,-0.0007017131951069785,-0.000748002363918031,alle fire
2019-11,JPY,0.0022306967121386023,-0.0016947557650500119,-0.0007289939523340041,alle fire
2019-12,JPY,0.0015176240057765966,-0.002059381857952067,-0.0007214050019122795,alle fire
2020-01,JPY,0.006956828950645644,-0.00046821293082644345,-0.0007156785850128194,alle fire
2020-02,JPY,-0.021702594766095373,-0.0016270816769217585,-0.0006961058617075683,alle fire
2020-03,JPY,0.000662006032368545,0.00020608624163698057,-0.0007495574874184787,alle fire
2020-04,JPY,-0.005011674285854362,0.006349431319487973,-0.0007459748388911005,alle fire
2020-05,JPY,0.0035217763338950547,-0.009738701495129837,-0.0007567740779973366,alle fire
2020-06,JPY,-0.008367452908239592,-0.004772158609037515,-0.0007459696577652851,alle fire
2020-07,JPY,-0.006289787241696487,-0.0035690010058286644,-0.0007651673485725252,alle fire
2020-08,JPY,-0.004006585640889959,-0.00021864460990851805,-0.0007790483030778617,alle fire
2020-09,JPY,-0.0036005987708289666,0.0011654956663112693,-0.0007871373690874158,alle fire
2020-10,JPY,-0.007665497548543954,0.0007103260402823809,-0.0007941710225917698,alle fire
2020-11,JPY,-0.005868375972405637,-0.0016273693044931835,-0.0008113065002125981,alle fire
2020-12,JPY,-6.647927222136474e-05,-0.003888616186920724,-0.0008238862750190485,alle fire
2021-01,JPY,0.01519494424759582,-0.0015414897174228712,-0.000822006853175878,alle fire
2021-02,JPY,0.03103532256070718,-0.0015729300284791359,-0.0007823609346096114,alle fire
2021-03,JPY,0.00317254137163836,0.004191738962714224,-0.0007037987531396935,alle fire
2021-04,JPY,0.0006188218288620817,0.0003788435977728909,-0.0006942511173643781,alle fire
2021-05,JPY,0.009080467266670667,-0.0011411947342802138,-0.0006910248939092762,alle fire
2021-06,JPY,0.0009713074742769834,-0.0023548058990050824,-0.0006670751582215803,alle fire
2021-07,JPY,-0.003286274865636152,-0.0028163962893498163,-0.0006630693327142488,alle fire
2021-08,JPY,0.0028025545844680977,0.001131800191321045,-0.0006694673949896681,alle fire
2021-09,JPY,0.026519530230589616,0.0016122161308206634,-0.0006610196529471918,alle fire
2021-10,JPY,0.007428921396157584,0.0034135919810872857,-0.0005950474444920053,alle fire
2021-11,JPY,-0.0011598001106039035,0.00274553939471174,-0.000575618948509803,alle fire
2021-12,JPY,0.008682001054307165,0.002638278511470675,-0.0005770300141187259,alle fire
2022-01,JPY,0.003918270754553532,0.005201035478253374,-0.000554719095881555,alle fire
2022-02,JPY,0.02823405650366073,0.003246129021045865,-0.0005439667164333938,alle fire
2022-03,JPY,0.06368222634204912,0.002193853017979476,-0.00047495467034204097,alle fire
2022-04,JPY,0.01938993343697515,0.01474340519886005,-0.00032146859136502866,alle fire
2022-05,JPY,0.038917359471688506,0.00581710765011843,-0.0002744246724429757,alle fire
2022-06,JPY,0.02029914799955801,0.008377843626750585,-0.00018111090067123408,alle fire
2022-07,JPY,-0.010482002642713262,0.0036087140452125874,-0.000132464204946224,alle fire
2022-08,JPY,0.057458191948500215,0.0072561486949282,-0.0001569891775475677,alle fire
2022-09,JPY,0.02595209709093904,0.01969530648259828,-2.0783075594736065e-05,alle fire
2022-10,JPY,-0.03182690526721821,0.015016143143621704,4.0473717250862467e-05,alle fire
2022-11,JPY,-0.05431249219992651,0.004965471718744529,-3.4508350947888286e-05,alle fire
2022-12,JPY,-0.03367262112458924,0.0012549332248419304,-0.00016192145857459866,alle fire
2023-01,JPY,0.019726340974411727,0.000725895554216823,-0.00024040084889313413,alle fire
2023-02,JPY,0.00463424480335739,0.006423588492405762,-0.00019374958295083306,alle fire
2023-03,JPY,-0.0014209843866703764,0.00103099690734826,-0.0001824955167822824,alle fire
2023-04,JPY,0.02645872325947707,-0.005097029282668453,-0.00018537572345644077,alle fire
2023-05,JPY,0.03092721544203947,0.0020839852739301893,-0.00012355646827562057,alle fire
2023-06,JPY,-0.0029905004360575305,0.0014136019224825762,-5.1679681446187494e-05,alle fire
2023-07,JPY,0.02691222504888291,-0.0009355507607530526,-5.846679635291115e-05,alle fire
2023-08,JPY,0.02094631599407748,0.0024827861984494963,3.677654903392586e-06,alle fire
2023-09,JPY,0.011755850773393917,-0.00022094307905208468,5.182165108540198e-05,alle fire
2023-10,JPY,0.0005727225830289839,0.003983273922508266,7.866575457693527e-05,alle fire
2023-11,JPY,-0.03880818192370672,-0.005651467364715268,7.979631940176833e-05,alle fire
2023-12,JPY,0.015935527127600935,-0.007975104910375922,-8.989019052817251e-06,alle fire
2024-01,JPY,0.022444981665501906,0.0017150168044682158,2.7331063285801773e-05,alle fire
2024-02,JPY,0.0013599010356681873,0.0033815761213863197,7.828026919992928e-05,alle fire
2024-03,JPY,0.02681283254647404,0.0010701771787690168,8.118643873840606e-05,alle fire
2024-04,JPY,0.012778490966057987,0.007156375181439772,0.00014166527608622424,alle fire
2024-05,JPY,0.012692011838438155,0.0018075562830849065,0.00017019084197780835,alle fire
2024-06,JPY,-0.0021675571350421308,-0.0018100915071212374,0.00019839314151938572,alle fire
2024-07,JPY,-0.07412711542400796,-0.00019037495895233433,0.00019307639932486544,alle fire
2024-08,JPY,-0.022890991532547034,-0.008177647052410864,2.6439197927258214e-05,alle fire
2024-09,JPY,0.04738479593904721,-0.00571528124945749,-2.4830222051431476e-05,alle fire
2024-10,JPY,0.025176928935826126,0.003106040868834981,8.099483634387799e-05,alle fire
2024-11,JPY,0.0006614055792022455,0.0026438313310779577,0.0001368877853404977,alle fire
2024-12,JPY,0.01719431769684654,0.00032927651722603206,0.00013805338043796825,alle fire
2025-01,JPY,-0.03188222777306926,0.0028984078813370944,0.00017587214832357484,alle fire
1997-06,NOK,0.031409060771632635,0.004633000596648872,0.000609123088738021,olie
1997-07,NOK,0.022273403852472118,-0.0017779331757369048,0.0008636680282660756,olie
1997-08,NOK,-0.043107349547788054,0.0006425447683217944,0.001039157666169404,olie
1997-09,NOK,-0.03061115831619743,0.0010776277403325104,0.0006802429733730017,olie
1997-10,NOK,-0.0030977074878626443,-0.0034201007161627278,0.0004278929629732402,olie
1997-11,NOK,0.028517901237090193,0.0023003236350928637,0.0003996881593665531,olie
1997-12,NOK,0.03220338289628244,0.0064857820423933005,0.000622848580618328,olie
1998-01,NOK,0.0069484858109971626,0.007823682680955154,0.0008715142051511164,olie
1998-02,NOK,0.004003625783482789,0.005167301738138186,0.0009189905458217885,olie
1998-03,NOK,-0.006854235954060872,0.00485901155143941,0.0009429024468889281,olie
1998-04,NOK,-0.010356839809432916,-0.0010617338917571018,0.0008829244591893143,olie
1998-05,NOK,0.016577905538274873,-0.0026702022391689117,0.0007971247319479231,olie
1998-06,NOK,0.00606457121148507,0.00966316652623659,0.0009166761016928242,olie
1998-07,NOK,0.013056070379961149,0.0013624670268894863,0.0009553820799619389,olie
1998-08,NOK,-0.022041046180460544,0.001637909049181053,0.0010456857239917838,olie
1998-09,NOK,-0.016949784532859447,-0.005396366982299278,0.0008746728950699147,olie
1998-10,NOK,0.0036007992901661012,0.0033246714997349804,0.0007436107080998458,olie
1998-11,NOK,0.01976002465338933,0.008350142908198174,0.0007644660992098185,olie
1998-12,NOK,-0.020162455340135832,0.0073554377425243235,0.0009021150742401048,olie
1999-01,NOK,0.03568889419514765,-0.006113153544760185,0.0007505714021942347,olie
1999-02,NOK,0.011725395130615102,0.004598399133815708,0.0010001308507153305,olie
1999-03,NOK,-0.005144301631585524,-0.00871057899905273,0.001076196554828095,olie
1999-04,NOK,-0.00327222893525958,-0.008702998430127524,0.001032390229571661,olie
1999-05,NOK,0.016039257088334757,0.001122491015641179,0.0010022879976497642,olie
1999-06,NOK,0.003549294501659528,-0.0008559588939715083,0.0011067113941128544,olie
1999-07,NOK,-0.012644615039063112,-0.007550083486912407,0.0011235567948545556,olie
1999-08,NOK,0.004156095932964288,-0.0017202274029519205,0.0010292542480469004,olie
1999-09,NOK,-0.012313734552857891,-0.004050628131545934,0.0010505252799170868,olie
1999-10,NOK,0.02507004467676799,0.0021876202895756173,0.0009602262269929314,olie
1999-11,NOK,0.009355473302259387,-0.0042083075750988085,0.0011220370890719586,olie
1999-12,NOK,0.001596468154037467,-0.0004144635789952776,0.0011769266638265415,olie
2000-01,NOK,0.02623524695533641,0.0012042081831537014,0.0011797050842915146,olie
2000-02,NOK,0.02073671383537956,-0.00257806666019292,0.0013445441755483888,olie
2000-03,NOK,0.025498528870885107,0.002067444145183409,0.00147129038247539,olie
2000-04,NOK,0.04820932927474075,0.010373345558687042,0.0016273114116209077,olie
2000-05,NOK,-0.04202716154857944,-0.008293064541383626,0.0019278405591249066,olie
2000-06,NOK,0.004345034193508734,-0.002330320429460178,0.0016460777251011609,olie
2000-07,NOK,0.026496788116882275,0.004026191074785143,0.0016632685306324192,olie
2000-08,NOK,0.030850860555455384,-0.0010137775230512564,0.0018204427052289373,olie
2000-09,NOK,0.015720941639618236,-0.0030880150923192247,0.0020030239495699843,olie
2000-10,NOK,-0.0028828002326211077,0.006049043002001875,0.0020887609351327857,olie
2000-11,NOK,-0.03158728995037974,-0.0005097291457641304,0.002057881673221271,olie
2000-12,NOK,-0.03137569413175445,0.015348072418772452,0.0018501954286311412,olie
2001-01,NOK,0.015401695432672557,0.0018130061867848647,0.0016463556153772417,olie
2001-02,NOK,0.0075849759587725,-0.0015130984872852055,0.0017302296386534329,olie
2001-03,NOK,0.011738223826239569,0.007260959624003275,0.0017657129496844574,olie
2001-04,NOK,0.005046637150782907,-0.0002711546965826943,0.001825788316410693,olie
2001-05,NOK,0.017723383322886477,-0.0026678240612715955,0.0018450748363769936,olie
2001-06,NOK,-0.004828115855866955,0.0027958001669129333,0.0019395885773681215,olie
2001-07,NOK,-0.034499253596731005,0.007600436004703548,0.001899542989005784,olie
2001-08,NOK,-0.01960337847030047,5.901314496443207e-07,0.001685432420854391,olie
2001-09,NOK,0.007249207975910998,0.0017378063190118351,0.0015609364507306784,olie
2001-10,NOK,0.010888214535053287,0.010912912119300877,0.0015940077968073082,olie
2001-11,NOK,0.004658992053923505,0.005372853311151665,0.0016477315351786721,olie
2001-12,NOK,-0.00032330529777624406,0.0018682746527622172,0.0016650376301139873,olie
2002-01,NOK,-0.0021431449913955625,0.00010013317948301447,0.0016536756705260432,olie
2002-02,NOK,-0.01599457404272764,-0.00016936508594024894,0.001632102825856034,olie
2002-03,NOK,-0.02262202180048467,-0.00504024284571738,0.0015325170808357872,olie
2002-04,NOK,-0.04820382243151711,-0.0021798231086090315,0.0013968174241991555,olie
2002-05,NOK,-0.056625165355026486,0.0019027655061370835,0.0011197188775191763,olie
2002-06,NOK,-0.03730388455336975,0.003253325406643435,0.0007989139651161449,olie
2002-07,NOK,0.017886051592978625,-0.002325983616396695,0.0005884012661189853,olie
2002-08,NOK,-0.013557734479764605,-0.0007580973458662241,0.0006834433008819503,olie
2002-09,NOK,-0.0019347398473632538,-0.002108773185945334,0.0006056226572718599,olie
2002-10,NOK,-0.023185528225874608,0.0020474758202293805,0.0005918163393118864,olie
2002-11,NOK,-0.022113481767883414,0.005922648333208271,0.0004632901524730405,olie
2002-12,NOK,-0.0343898276398642,-0.005822633486124594,0.0003419096582775757,olie
2003-01,NOK,0.012447876013978565,-0.003956710044792548,0.0001561784427794913,olie
2003-02,NOK,0.03861397037601044,-0.0017938477058151423,0.00022155981283906084,olie
2003-03,NOK,-0.01005588892559972,0.003386645782694826,0.00042469426026324806,olie
2003-04,NOK,-0.05547267684484547,0.008769343711011757,0.0003695332961271272,olie
2003-05,NOK,0.028185143828343806,-0.000964631716957367,7.716570376601409e-05,olie
2003-06,NOK,0.03959487123339844,-0.00184135075097965,0.00022356142316485675,olie
2003-07,NOK,0.015943746797177916,-0.0002582722626423404,0.0004275578470520774,olie
2003-08,NOK,-0.017892877855008704,-0.0009963252549419718,0.0005075382024650972,olie
2003-09,NOK,-0.034256002981195355,0.003436179165062753,0.00041317709447805204,olie
2003-10,NOK,-0.003946295679487344,-0.0021587776325044388,0.0002362935226633918,olie
2003-11,NOK,-0.04266512865493666,0.001102077781849205,0.00021506210539359115,olie
2003-12,NOK,0.014625570327396975,-0.0009180764068525316,-1.5045146080767859e-06,olie
2004-01,NOK,0.02021503896484278,-0.001145898077355425,7.199837404521494e-05,olie
2004-02,NOK,0.0012939774353057931,0.0005916439249723513,0.00017271357699920277,olie
2004-03,NOK,-0.004824978214348574,-0.0019902644545161277,0.00017829200415495693,olie
2004-04,NOK,-0.01212875549091974,0.0002614282110006098,0.00015352333970691966,olie
2004-05,NOK,-0.0021798453480890156,-0.0027546149703606337,9.301950310284744e-05,olie
2004-06,NOK,0.012328674042014987,0.0018854348684063788,8.187800873425987e-05,olie
2004-07,NOK,-0.011011420763318291,-0.0019746052875915425,0.0001416184771892878,olie
2004-08,NOK,0.0006872098819268313,-0.0028344953160851687,8.747751000235781e-05,olie
2004-09,NOK,-0.038850108309080644,-8.831700338555277e-05,9.037476783774174e-05,olie
2004-10,NOK,-0.04839515945462436,-0.0038027386233259602,-9.683909310898127e-05,olie
2004-11,NOK,-0.021684780210363908,0.004237031902562111,-0.00032793153503010746,olie
2004-12,NOK,0.021238109494964297,0.002092948505386153,-0.0004296308144364589,olie
2005-01,NOK,0.02034311104227804,-0.0036582801739684606,-0.0003269401020696307,olie
2005-02,NOK,-0.029254283258810743,-0.0007134703056038937,-0.00022943986082270772,olie
2005-03,NOK,0.016461737022872347,-0.004594174839932701,-0.00036570673123579705,olie
2005-04,NOK,0.00802824434541849,0.0004494652416723174,-0.000287073816496974,olie
2005-05,NOK,0.019908583383640988,0.001567236654544704,-0.0002483979180694602,olie
2005-06,NOK,0.012959276829434208,-0.003030975826935729,-0.00015507856019117107,olie
2005-07,NOK,-0.021760366871454107,-0.0014420122944091833,-9.464374272745966e-05,olie
2005-08,NOK,-0.00837778014888868,-0.0028935304600405986,-0.00019402779377666445,olie
2005-09,NOK,0.01974733183407995,0.00037610664782772665,-0.0002313965259917878,olie
2005-10,NOK,0.019711365025971705,0.001971732317740122,-0.0001405841243550981,olie
2005-11,NOK,0.012616056169928225,0.0017221921442608873,-5.0756300145474555e-05,olie
2005-12,NOK,-0.014304252763390313,-0.0006763430341524518,6.3014136836862535e-06,olie
2006-01,NOK,0.018518909364344527,-0.002846308559801676,-5.787147500274423e-05,olie
2006-02,NOK,-0.01806643431816446,0.0014127999868015174,2.506058231577037e-05,olie
2006-03,NOK,-0.03678268450082123,-0.0007279034168393581,-5.5346061686363986e-05,olie
2006-04,NOK,-0.046134203103712856,-0.0034701286471606,-0.00021785640876218198,olie
2006-05,NOK,0.016733393449359868,-3.49714650645348e-05,-0.00042013106380601756,olie
2006-06,NOK,0.008774026308464578,0.0003680829934594559,-0.00034489630716932505,olie
2006-07,NOK,-0.0031030095275663694,-0.0023255534450393666,-0.00030507568439363115,olie
2006-08,NOK,0.040576542038911256,4.882416663293802e-05,-0.0003172406141465561,olie
2006-09,NOK,0.02405909403426243,0.005195897584282798,-0.00014021125201210672,olie
2006-10,NOK,-0.03982698480858393,0.002398743437167016,-3.5903901640233705e-05,olie
2006-11,NOK,-0.03441846050776287,-0.000559883740490723,-0.0002066810729146702,olie
2006-12,NOK,0.02916959811194708,-0.00210529927358716,-0.0003528852585336796,olie
2007-01,NOK,-0.028619818818309994,0.004498540291814818,-0.00022725766972312315,olie
2007-02,NOK,-0.007447645591501573,-0.0021280589771332336,-0.00034756513221713534,olie
2007-03,NOK,-0.02144955854819708,-0.0023091842381141228,-0.00037752327761495993,olie
2007-04,NOK,0.0020279599363628442,-0.0026931590179569862,-0.00046606124093673355,olie
2007-05,NOK,-0.003993349732724694,-0.00018813218571405406,-0.0004556260058852709,olie
2007-06,NOK,-0.0369012977089882,-0.0018749351261527461,-0.0004703665214137685,olie
2007-07,NOK,0.01178011713775784,-0.002761439109976599,-0.0006215322109887661,olie
2007-08,NOK,-0.038977290686920796,0.0019664813153697637,-0.00057028572607659,olie
2007-09,NOK,-0.040502820253210725,-0.002869419805542931,-0.0007283392444339737,olie
2007-10,NOK,0.0024588888233634254,-0.0025446360374354444,-0.0008913494125027308,olie
2007-11,NOK,0.015464414599606346,-0.003922532732166847,-0.0008776749707236853,olie
2007-12,NOK,-0.01847877670047282,-0.00020559208716880922,-0.0008112437123077096,olie
2008-01,NOK,-0.0026334349998871076,-0.0010741975453634756,-0.0008827721859440055,olie
2008-02,NOK,-0.04473625795434599,-0.0015145441809326606,-0.0008898313101937762,olie
2008-03,NOK,-0.018699827505588296,-0.0032461731148778314,-0.0010659213770377609,olie
2008-04,NOK,0.0005934013941037986,-0.0023612704417740847,-0.001136457001551963,olie
2008-05,NOK,0.015306120915356436,-0.004212589972252287,-0.0011295651354338125,olie
2008-06,NOK,-0.005722168939835015,-0.00284389098759719,-0.0010643441590417878,olie
2008-07,NOK,0.04355553416685609,-0.0009566691178470772,-0.001082754533669429,olie
2008-08,NOK,0.06579637851905851,0.003538848388813314,-0.0009070132395728719,olie
2008-09,NOK,0.13165764485644837,0.004476719702074003,-0.0006454313111076507,olie
2008-10,NOK,0.06432879665512492,0.013177941501712026,-0.00012862241982813504,olie
2008-11,NOK,0.012463499187371108,0.016054752389046738,0.00012218465828452277,olie
2008-12,NOK,-0.008488152591218823,0.013943137389100763,0.00017001921072284286,olie
2009-01,NOK,-0.012381193192457562,-0.0036658435807255967,0.00013658997596631132,olie
2009-02,NOK,-0.0125216735096505,0.0003742693369115627,8.844465608775797e-05,olie
2009-03,NOK,-0.019314352151543757,-0.0032007496620312455,4.013002710025507e-05,olie
2009-04,NOK,-0.03133148599906943,-0.0034685432721019115,-3.374204228388238e-05,olie
2009-05,NOK,-0.00917316176273597,-0.006434910749269074,-0.00015274487101690727,olie
2009-06,NOK,-0.0054753394136968225,-0.008785489871783986,-0.00018691311681887343,olie
2009-07,NOK,-0.04605266921034956,0.0030825454426124488,-0.00020686944246746947,olie
2009-08,NOK,-0.02838693334554221,-0.005725631689622229,-0.0003792220731737931,olie
2009-09,NOK,-0.04467364443814037,0.0031130581407259675,-0.0004841198682013902,olie
2009-10,NOK,3.5442768792748325e-05,-0.0038346030309934715,-0.0006490061539101178,olie
2009-11,NOK,0.022394880102477366,-0.002838606835879787,-0.0006464617341231182,olie
2009-12,NOK,-0.005316666159440819,0.0010241343492031927,-0.0005611234310245979,olie
2010-01,NOK,0.030538295678014693,-0.0013880744646567762,-0.0005786715591737352,olie
2010-02,NOK,0.0003716655728422946,0.0012516510851069095,-0.00046427094433113073,olie
2010-03,NOK,-0.0005913510854662629,-0.003279291862944944,-0.00046120890580668596,olie
2010-04,NOK,0.06070315747439792,-0.0035678967899597405,-0.0004616838772652976,olie
2010-05,NOK,0.029092960941664803,0.004843230886451593,-0.0002392662723501586,olie
2010-06,NOK,-0.032901578748167015,0.0008077959372946373,-0.00013299008679213336,olie
2010-07,NOK,-0.018564111767078062,-0.0005143981992562539,-0.00025128824080431704,olie
2010-08,NOK,-0.017225965681594735,-0.0009478064571514112,-0.00031716170672616505,olie
2010-09,NOK,-0.0355228376434944,-0.0006125702303804578,-0.00037776673889415276,olie
2010-10,NOK,0.022430942068704773,-0.002979226450286266,-0.000503284849267725,olie
2010-11,NOK,0.003147025480155774,-0.0015645834896816314,-0.00042166838336746705,olie
2010-12,NOK,-0.02148840220407844,-0.0032639144108497957,-0.00040901344058901586,olie
2011-01,NOK,-0.021436789119852584,-0.0026484460940987735,-0.00048349891325152265,olie
2011-02,NOK,-0.024835245626998015,-0.0035459853210928205,-0.0005572781041198363,olie
2011-03,NOK,-0.03453512549418769,-0.004949336258507219,-0.0006424639550773035,olie
2011-04,NOK,0.013807777677540267,-0.0038670282920087603,-0.0007609697646546125,olie
2011-05,NOK,-0.007330604978510014,0.0028235302078525922,-0.0007102075784448743,olie
2011-06,NOK,0.0024984397755987153,2.6705453714692034e-05,-0.0007331950694173228,olie
2011-07,NOK,-0.0027375884076126233,-0.0016885939944562692,-0.0007220129419259178,olie
2011-08,NOK,0.03443066795044181,0.002308273033083128,-0.0007289632021524236,olie
2011-09,NOK,0.0026273292704772633,-0.0014216106160807518,-0.0006081397274012407,olie
2011-10,NOK,0.01757360048889156,0.001080934565896195,-0.0005970593541208349,olie
2011-11,NOK,0.02591339750489219,-0.0007723485360153282,-0.0005350434502197687,olie
2011-12,NOK,0.008653380119627796,0.001094447886078963,-0.0004450827666989797,olie
2012-01,NOK,-0.0399466092931271,-0.0013533997077870038,-0.00041424051962668556,olie
2012-02,NOK,-0.0004029044207571886,-0.003841706763429881,-0.0005477958195371599,olie
2012-03,NOK,0.007801427062560373,-0.0026276633069617365,-0.000547307969709618,olie
2012-04,NOK,0.027943397933269054,0.0019863485146346315,-0.0005192920803395845,olie
2012-05,NOK,0.01668144334156918,0.00379737268171183,-0.00042409913715025783,olie
2012-06,NOK,0.009004000053954186,0.007084820977918089,-0.00036708066222119307,olie
2012-07,NOK,-0.02803812679244322,-0.0037351857874327017,-0.00033594750369569346,olie
2012-08,NOK,-0.02652994304662304,-0.005049340399630663,-0.0004276765741882349,olie
2012-09,NOK,-0.006792116556322503,6.258322811601404e-06,-0.0005138226681566666,olie
2012-10,NOK,0.001785433441790829,0.0002748470186189969,-0.000534474950683528,olie
2012-11,NOK,-0.019014899859473244,0.0009688391555449653,-0.0005268686936590218,olie
2012-12,NOK,-0.010806266282303856,-0.0004952310125290609,-0.0005872870961616827,olie
2013-01,NOK,0.0026631174194837737,-0.0018863283123299304,-0.0006205736733152403,olie
2013-02,NOK,0.03804643834733934,-0.0016607865832588779,-0.0006099123385983604,olie
2013-03,NOK,0.0022291159298137853,0.0031445991980247868,-0.00048481088006781763,olie
2013-04,NOK,0.004598025959097196,0.002720260315290388,-0.00047605627745529635,olie
2013-05,NOK,0.009524614372889095,-0.0003383607458155301,-0.0004597409004888896,olie
2013-06,NOK,0.024991847344342455,-0.0003302913923944373,-0.0004277397617921653,olie
2013-07,NOK,-0.009489493589846854,-0.0024264057547385685,-0.0003465270234339077,olie
2013-08,NOK,-0.0002513847121057289,-0.0016130814729231671,-0.0003756447513524203,olie
2013-09,NOK,-0.0028702612170432573,-0.00023595238375890992,-0.00037525027503735144,olie
2013-10,NOK,0.02268537708864149,0.0010297572235374887,-0.00038314587928420555,olie
2013-11,NOK,0.007954345611183022,0.0005602347955923699,-0.00031037451345478697,olie
2013-12,NOK,0.004554186330104404,-0.0013639229112384365,-0.000284384827528253,olie
2014-01,NOK,-0.007738148395860733,0.0012110338594836032,-0.0002692168928648277,olie
2014-02,NOK,-0.019686520409030184,-0.00037628184768054914,-0.00029255730381168993,olie
2014-03,NOK,-0.0027558579385835724,0.0005733344658488,-0.00035297463435754196,olie
2014-04,NOK,-0.006729398858292379,-0.00021887218920716014,-0.00036043700486756064,olie
2014-05,NOK,0.017492476135463786,-0.0009236804727686556,-0.00038015515302057865,olie
2014-06,NOK,0.025403844291664646,-0.0010662347287121584,-0.00032499271077217015,olie
2014-07,NOK,-0.0009198964554857358,0.0023027974517269866,-0.00024582705845697993,olie
2014-08,NOK,0.0253480812000646,0.0024622310409282734,-0.000247894755993878,olie
2014-09,NOK,0.032142166743815315,0.002359157464766942,-0.00016961960016495295,olie
2014-10,NOK,0.03725466354483209,0.00547504192786755,-7.110805643330581e-05,olie
2014-11,NOK,0.06650090633968175,0.005261214815088041,4.234413688361029e-05,olie
2014-12,NOK,0.05471937053000553,0.013667347796616573,0.00024373371931633194,olie
2015-01,NOK,-0.013147918012998083,0.016175008558095148,0.00040831268249061955,olie
2015-02,NOK,0.052523736250284614,-0.010322162567083897,0.0003674806623234849,olie
2015-03,NOK,-0.014843461421820692,0.00266671459273047,0.0005241060544795243,olie
2015-04,NOK,-0.04241060261512963,-0.0025325672204696537,0.0004780953734127572,olie
2015-05,NOK,0.03395850143342827,-0.0032645849690753773,0.0003500694092678545,olie
2015-06,NOK,0.03946146577964482,0.0027234169983062677,0.0004500945045778558,olie
2015-07,NOK,0.015496802347727545,0.005002859008141327,0.0005658552502011999,olie
2015-08,NOK,0.003882231895560917,0.01081691612451422,0.0006100296498980234,olie
2015-09,NOK,-0.0017517899916148494,-0.0004311681632459042,0.000619682163897029,olie
2015-10,NOK,0.04369862692454296,-0.00010443044693373782,0.0006127072457925822,olie
2015-11,NOK,0.006656500799157694,0.005429275137048377,0.0007390589164047535,olie
2015-12,NOK,0.013964203734559533,0.008611626898185228,0.0007563613780502299,olie
2016-01,NOK,-0.023715982362753074,0.01179049566818258,0.0007948682070779539,olie
2016-02,NOK,-0.016070008338248343,-0.0014770772120902588,0.0007236157344912357,olie
2016-03,NOK,-0.032034195189567516,-0.007573635986454295,0.0006749385632659036,olie
2016-04,NOK,0.0022756184105645616,-0.0035375044987989235,0.0005804034946160961,olie
2016-05,NOK,0.009617028993251342,-0.00512268815517495,0.0005852888401951982,olie
2016-06,NOK,0.0206251837942113,-0.0008222862527582196,0.0006112421164970837,olie
2016-07,NOK,-0.021287543142338716,0.0042715334035560385,0.0006685886542555771,olie
2016-08,NOK,-0.012754316173323677,-0.0002193102848728057,0.0006058568491224506,olie
2016-09,NOK,-0.002871476016739205,-7.212550717777117e-05,0.0005677936781183306,olie
2016-10,NOK,0.02924202591446834,-0.002288018062484478,0.0005580230255761217,olie
2016-11,NOK,0.017318592183108716,0.005628911386189699,0.0006392808241282243,olie
2016-12,NOK,-0.012304267766408472,-0.00764698978556206,0.0006863975228824065,olie
2017-01,NOK,-0.016151973755440974,-0.0003470130583434871,0.0006498040995322913,olie
2017-02,NOK,0.02196453838657897,0.0004922602809750284,0.0006026080943216923,olie
2017-03,NOK,0.009267668340497082,0.003801946392844524,0.0006624454340759143,olie
2017-04,NOK,-0.009314693416627495,0.00015080187390970447,0.0006864823695687109,olie
2017-05,NOK,-0.0054817912378593014,0.0026783115571354095,0.0006586239411949053,olie
2017-06,NOK,-0.03759166509612655,0.004757623805867341,0.0006415672323641992,olie
2017-07,NOK,-0.032280581305735634,-0.0014514242870546877,0.000535658001537355,olie
2017-08,NOK,-0.006396786550030065,-0.0025019526510445945,0.00044500540676588264,olie
2017-09,NOK,0.02005725518441137,-0.003392135818339594,0.00042615749503917207,olie
2017-10,NOK,0.024408929404628577,-0.0005068770879025354,0.00048008908209788687,olie
2017-11,NOK,0.014922396035867092,-0.0033821722434628537,0.0005456475487349572,olie
2017-12,NOK,-0.05104148824657884,-0.00047623931300798926,0.0005849282823063565,olie
2018-01,NOK,-0.008194007722214458,-0.002710956682792295,0.00044425684762274567,olie
2018-02,NOK,-0.008866396747427618,0.0032222955163191814,0.00042078330259601415,olie
2018-03,NOK,0.009848132713824231,5.612552143418757e-05,0.00039561479297535386,olie
2018-04,NOK,0.03126313040669437,-0.003546724875047261,0.0004211621387073779,olie
2018-05,NOK,0.0017400215414018483,-0.0023203495527566826,0.0005042941286480436,olie
2018-06,NOK,0.0024998319783136047,0.002233882207431132,0.0005076159765317904,olie
2018-07,NOK,0.025392214553501713,0.0007813282867990429,0.0005129570381987657,olie
2018-08,NOK,-0.0112624937918544,0.0018211938997651587,0.0005794791171166881,olie
2018-09,NOK,0.0009817647098775417,-0.0031216804140495945,0.0005479005226927652,olie
2018-10,NOK,0.02691656563374112,-0.0004941642676536775,0.0005490544168076184,olie
2018-11,NOK,0.017140604377760216,0.010957054749407367,0.0006189947648631448,olie
2018-12,NOK,-0.009165134407116415,0.006361064042140149,0.000662702726802026,olie
2019-01,NOK,0.004424191981549086,-0.00081387528630255,0.0006367717581109483,olie
2019-02,NOK,0.0025243285258422787,-0.002541920138168545,0.0006467386534357855,olie
2019-03,NOK,-0.005230216646246788,-0.000709316642446937,0.0006516667108436765,olie
2019-04,NOK,0.020392591534262205,-0.0025508161675856507,0.0006362691104324449,olie
2019-05,NOK,-0.01218095145810194,0.0007877279771060047,0.00068785219770093,olie
2019-06,NOK,-0.0015418058408567248,0.00547215546298403,0.00065433968818061,olie
2019-07,NOK,0.03938981253883611,0.0009980558925395883,0.0006486354140792143,olie
2019-08,NOK,0.004384800472634787,0.004409732044787149,0.0007490011579257348,olie
2019-09,NOK,0.016246550506506807,-0.0018659957594297592,0.0007583959881963009,olie
2019-10,NOK,-0.00030596411716699023,0.003175214638785425,0.0007983139122125651,olie
2019-11,NOK,-0.013866184531726944,-0.0015732102472580869,0.0007954751512115893,olie
2019-12,NOK,-0.006950071066188279,-0.0018759278545271347,0.0007578811520245674,olie
2020-01,NOK,0.0366143039543676,0.003355545301267562,0.0007381677192414143,olie
2020-02,NOK,0.09677898841333432,0.006987106754964061,0.0008296884749432669,olie
2020-03,NOK,0.017386523292970413,0.02823420314345881,0.0010738342763132187,olie
2020-04,NOK,-0.03191495730653271,0.027295127379202023,0.0011152370403148867,olie
2020-05,NOK,-0.057043018532213274,-0.01687779764421339,0.001031616295132994,olie
2020-06,NOK,-0.027145792259523294,-0.012617255478149271,0.0008849631768821196,olie
2020-07,NOK,-0.036832027329259276,-0.0022390084087648933,0.0008143567400145996,olie
2020-08,NOK,0.024293766129784178,-0.0007100889737095232,0.0007197678353179316,olie
2020-09,NOK,0.014465759871430617,0.004860503360130739,0.0007788505378103283,olie
2020-10,NOK,-0.021277745472437548,0.001695593075608259,0.000813067811144379,olie
2020-11,NOK,-0.044124639658850384,-0.0018487657103952286,0.0007579785012102595,olie
2020-12,NOK,-0.022943846837267134,-0.0064000384761082425,0.0006463301973295116,olie
2021-01,NOK,-0.00015278030809096066,-0.0034878849735581452,0.0005877937778888252,olie
2021-02,NOK,0.0005170084129026975,-0.005175624648096082,0.0005859606737156079,olie
2021-03,NOK,-0.014447134431204933,-0.00151476453262043,0.0005857904212197735,olie
2021-04,NOK,-0.009977385303468811,0.0011123322421230362,0.0005487635127162644,olie
2021-05,NOK,0.013843285191836863,-0.0018889162312666933,0.0005229007392121241,olie
2021-06,NOK,0.04302350857616366,-0.0022751694734120887,0.0005555487403214984,olie
2021-07,NOK,0.006212608409356335,-0.00040563494890586544,0.0006593823829519194,olie
2021-08,NOK,-0.02169565004867291,0.0035405112303478485,0.000672926836674857,olie
2021-09,NOK,-0.023713107938198696,-0.0015244989878777956,0.0006185020753966386,olie
2021-10,NOK,0.03286459568139399,-0.004411566574324214,0.0005594447695383975,olie
2021-11,NOK,0.027452483047013754,0.0021176721206154097,0.0006376654739254571,olie
2021-12,NOK,-0.014998738698603908,0.0047498681296656775,0.000702435564681709,olie
2022-01,NOK,0.0010167309589248497,-0.0058738333813569505,0.0006646014098304183,olie
2022-02,NOK,-0.0025324483303355017,-0.0041742671344449315,0.0006654478750926646,olie
2022-03,NOK,0.008633666108482707,-0.007291049468270461,0.0006577790592523093,olie
2022-04,NOK,0.0759475852086342,0.0057162383218197855,0.0006768601287480757,olie
2022-05,NOK,0.013852454031896944,-0.0025329894201007812,0.000856503864022267,olie
2022-06,NOK,0.026313178172786778,-0.002426911575402183,0.0008874466025172067,olie
2022-07,NOK,-0.030177917282675715,0.005152905970871863,0.0009478402642043078,olie
2022-08,NOK,0.05880195365643104,0.005687758424572317,0.000874082544898905,olie
2022-09,NOK,0.02332204209605937,0.00616173580305208,0.0010110278666755766,olie
2022-10,NOK,-0.03645864840263435,-0.0005129237720581986,0.001063648183254312,olie
2022-11,NOK,-0.028319593597271098,0.0020761528838519256,0.0009753604265816327,olie
2022-12,NOK,0.006999665485538653,0.006540064815867965,0.0009065929288730583,olie
2023-01,NOK,0.028964850623085958,0.0002086909851193307,0.0009208624196380831,olie
2023-02,NOK,0.02795957657202086,0.0010933564029518721,0.0009863857565620268,olie
2023-03,NOK,-0.002681068708724421,0.0035161529165574678,0.001049260327227432,olie
2023-04,NOK,0.028474680421683995,-0.0022117147718022177,0.0010405851434228928,olie
2023-05,NOK,-0.0010275923307134782,0.00631887604309978,0.0011042373366439162,olie
2023-06,NOK,-0.05351677773779828,0.0016099580304824875,0.0010993025457472555,olie
2023-07,NOK,0.022646122840636274,-0.0018644303999636057,0.0009731684111432243,olie
2023-08,NOK,0.024207402063110006,-0.00198547486203156,0.0010231060941604895,olie
2023-09,NOK,0.02738007346190985,-0.0023917289885072614,0.001076403326273017,olie
2023-10,NOK,-0.01069899613979075,0.002730441393956603,0.0011367328449327346,olie
2023-11,NOK,-0.033161583450118215,0.0050000164386215015,0.0011096487969127723,olie
2023-12,NOK,-0.012956342096771323,0.003918363847555585,0.0010314039744309664,olie
2024-01,NOK,0.013600720862150695,-0.0001675905676934554,0.0009995412271161547,olie
2024-02,NOK,0.005281494493213579,-0.0005249026499434095,0.0010281802717412333,olie
2024-03,NOK,0.027299898280988888,0.00023886683298328056,0.001037824975191284,olie
2024-04,NOK,-0.014919376413928376,-0.0008781016641327057,0.001097241430634265,olie
2024-05,NOK,-0.012069604422558555,0.0051329263945589865,0.0010610865370799475,olie
2024-06,NOK,0.017897548570012134,0.0009190925787768292,0.0010315129087924734,olie
2024-07,NOK,-0.010894600503038365,-0.00020516446133721244,0.0010694141125255512,olie
2024-08,NOK,-0.006324918094675613,0.003543357292817147,0.0010425889676476054,olie
2024-09,NOK,0.019945486733257578,0.004499853908221234,0.0010261068489399471,olie
2024-10,NOK,0.019835919870237806,0.0003134940714407203,0.001068337607610299,olie
2024-11,NOK,0.014968336537194205,0.0019355278202096045,0.0011101362318032334,olie
2024-12,NOK,0.010029391639306606,0.0015376996313657106,0.0011409322324818798,olie
2025-01,NOK,-0.012438622832579238,-0.001608660774698427,0.0011606405681954602,olie
1997-06,NOK,0.031409060771632635,0.0018096625463488174,0.000609123088738021,momentum
1997-07,NOK,0.022273403852472118,0.0030134296501423997,0.0008636680282660756,momentum
1997-08,NOK,-0.043107349547788054,0.004031839422237276,0.001039157666169404,momentum
1997-09,NOK,-0.03061115831619743,0.0018593672729013064,0.0006802429733730017,momentum
1997-10,NOK,-0.0030977074878626443,0.0009518962713846117,0.0004278929629732402,momentum
1997-11,NOK,0.028517901237090193,0.000976962858754503,0.0003996881593665531,momentum
1997-12,NOK,0.03220338289628244,0.001552995239967212,0.000622848580618328,momentum
1998-01,NOK,0.0069484858109971626,0.0025261388813896057,0.0008715142051511164,momentum
1998-02,NOK,0.004003625783482789,0.002419787856620964,0.0009189905458217885,momentum
1998-03,NOK,-0.006854235954060872,0.0022244602264873447,0.0009429024468889281,momentum
1998-04,NOK,-0.010356839809432916,0.0016751109220077129,0.0008829244591893143,momentum
1998-05,NOK,0.016577905538274873,0.0013025537147656643,0.0007971247319479231,momentum
1998-06,NOK,0.00606457121148507,0.0014099239957158067,0.0009166761016928242,momentum
1998-07,NOK,0.013056070379961149,0.001176210233261881,0.0009553820799619389,momentum
1998-08,NOK,-0.022041046180460544,0.0011663947263057175,0.0010456857239917838,momentum
1998-09,NOK,-0.016949784532859447,0.0012219495064265398,0.0008746728950699147,momentum
1998-10,NOK,0.0036007992901661012,0.0012162739659955903,0.0007436107080998458,momentum
1998-11,NOK,0.01976002465338933,0.0013080526096370458,0.0007644660992098185,momentum
1998-12,NOK,-0.020162455340135832,0.0013819119385572267,0.0009021150742401048,momentum
1999-01,NOK,0.03568889419514765,0.0006434299345741839,0.0007505714021942347,momentum
1999-02,NOK,0.011725395130615102,0.0011918066706531943,0.0010001308507153305,momentum
1999-03,NOK,-0.005144301631585524,0.0013499325086103317,0.001076196554828095,momentum
1999-04,NOK,-0.00327222893525958,0.0013182610927630568,0.001032390229571661,momentum
1999-05,NOK,0.016039257088334757,0.0013555592160861764,0.0010022879976497642,momentum
1999-06,NOK,0.003549294501659528,0.0014657458549167581,0.0011067113941128544,momentum
1999-07,NOK,-0.012644615039063112,0.0014552110423436868,0.0011235567948545556,momentum
1999-08,NOK,0.004156095932964288,0.001083077287065796,0.0010292542480469004,momentum
1999-09,NOK,-0.012313734552857891,0.0013742856626201513,0.0010505252799170868,momentum
1999-10,NOK,0.02507004467676799,0.0013174269028438219,0.0009602262269929314,momentum
1999-11,NOK,0.009355473302259387,0.0017294178302651557,0.0011220370890719586,momentum
1999-12,NOK,0.001596468154037467,0.0016853579867823413,0.0011769266638265415,momentum
2000-01,NOK,0.02623524695533641,0.001923728290460566,0.0011797050842915146,momentum
2000-02,NOK,0.02073671383537956,0.0020545635879200214,0.0013445441755483888,momentum
2000-03,NOK,0.025498528870885107,0.0023435935957942314,0.00147129038247539,momentum
2000-04,NOK,0.04820932927474075,0.0030124139042671328,0.0016273114116209077,momentum
2000-05,NOK,-0.04202716154857944,0.004541517725552372,0.0019278405591249066,momentum
2000-06,NOK,0.004345034193508734,0.002750481654181504,0.0016460777251011609,momentum
2000-07,NOK,0.026496788116882275,0.0027800619143112945,0.0016632685306324192,momentum
2000-08,NOK,0.030850860555455384,0.003624748263706204,0.0018204427052289373,momentum
2000-09,NOK,0.015720941639618236,0.004569751606308789,0.0020030239495699843,momentum
2000-10,NOK,-0.0028828002326211077,0.0053345498636746345,0.0020887609351327857,momentum
2000-11,NOK,-0.03158728995037974,0.004620100539825552,0.002057881673221271,momentum
2000-12,NOK,-0.03137569413175445,0.0032817549345755762,0.0018501954286311412,momentum
2001-01,NOK,0.015401695432672557,0.0024373315670512177,0.0016463556153772417,momentum
2001-02,NOK,0.0075849759587725,0.002447076160673318,0.0017302296386534329,momentum
2001-03,NOK,0.011738223826239569,0.002343466195759549,0.0017657129496844574,momentum
2001-04,NOK,0.005046637150782907,0.0022558813775671515,0.001825788316410693,momentum
2001-05,NOK,0.017723383322886477,0.0017674756108167556,0.0018450748363769936,momentum
2001-06,NOK,-0.004828115855866955,0.0025614112885663284,0.0019395885773681215,momentum
2001-07,NOK,-0.034499253596731005,0.002398603351406229,0.001899542989005784,momentum
2001-08,NOK,-0.01960337847030047,0.0015045445078570331,0.001685432420854391,momentum
2001-09,NOK,0.007249207975910998,0.0008437008948515222,0.0015609364507306784,momentum
2001-10,NOK,0.010888214535053287,0.0008141417306818285,0.0015940077968073082,momentum
2001-11,NOK,0.004658992053923505,0.0010460574515308626,0.0016477315351786721,momentum
2001-12,NOK,-0.00032330529777624406,0.0014237301892066135,0.0016650376301139873,momentum
2002-01,NOK,-0.0021431449913955625,0.0017116849233259287,0.0016536756705260432,momentum
2002-02,NOK,-0.01599457404272764,0.001521204572277045,0.001632102825856034,momentum
2002-03,NOK,-0.02262202180048467,0.0011909755693461138,0.0015325170808357872,momentum
2002-04,NOK,-0.04820382243151711,0.0006831176154269023,0.0013968174241991555,momentum
2002-05,NOK,-0.056625165355026486,-0.0004195714903460593,0.0011197188775191763,momentum
2002-06,NOK,-0.03730388455336975,-0.0025723069557353883,0.0007989139651161449,momentum
2002-07,NOK,0.017886051592978625,-0.004335723415390841,0.0005884012661189853,momentum
2002-08,NOK,-0.013557734479764605,-0.002522728128908919,0.0006834433008819503,momentum
2002-09,NOK,-0.0019347398473632538,-0.002669702882240359,0.0006056226572718599,momentum
2002-10,NOK,-0.023185528225874608,-0.0028332573665539227,0.0005918163393118864,momentum
2002-11,NOK,-0.022113481767883414,-0.004055058654182763,0.0004632901524730405,momentum
2002-12,NOK,-0.0343898276398642,-0.005247222569879463,0.0003419096582775757,momentum
2003-01,NOK,0.012447876013978565,-0.0072467061530685686,0.0001561784427794913,momentum
2003-02,NOK,0.03861397037601044,-0.006020208667643931,0.00022155981283906084,momentum
2003-03,NOK,-0.01005588892559972,-0.0032769808231906694,0.00042469426026324806,momentum
2003-04,NOK,-0.05547267684484547,-0.0031967133772961708,0.0003695332961271272,momentum
2003-05,NOK,0.028185143828343806,-0.004513483035337051,7.716570376601409e-05,momentum
2003-06,NOK,0.03959487123339844,-0.0019533385662278534,0.00022356142316485675,momentum
2003-07,NOK,0.015943746797177916,-3.713819832228067e-05,0.0004275578470520774,momentum
2003-08,NOK,-0.017892877855008704,1.2525299298291439e-05,0.0005075382024650972,momentum
2003-09,NOK,-0.034256002981195355,-0.00016933943176390383,0.00041317709447805204,momentum
2003-10,NOK,-0.003946295679487344,-0.0010022199388365896,0.0002362935226633918,momentum
2003-11,NOK,-0.04266512865493666,-0.0006378034780181476,0.00021506210539359115,momentum
2003-12,NOK,0.014625570327396975,-0.0013171264570730273,-1.5045146080767859e-06,momentum
2004-01,NOK,0.02021503896484278,-0.0002060033345606877,7.199837404521494e-05,momentum
2004-02,NOK,0.0012939774353057931,5.535279128413519e-05,0.00017271357699920277,momentum
2004-03,NOK,-0.004824978214348574,-0.0006945506372455549,0.00017829200415495693,momentum
2004-04,NOK,-0.01212875549091974,-0.0006123286237759828,0.00015352333970691966,momentum
2004-05,NOK,-0.0021798453480890156,0.00021413530748818594,9.301950310284744e-05,momentum
2004-06,NOK,0.012328674042014987,-0.00042177037408722736,8.187800873425987e-05,momentum
2004-07,NOK,-0.011011420763318291,-0.0009120513863013193,0.0001416184771892878,momentum
2004-08,NOK,0.0006872098819268313,-0.0015310980852582664,8.747751000235781e-05,momentum
2004-09,NOK,-0.038850108309080644,-0.0011315015293654552,9.037476783774174e-05,momentum
2004-10,NOK,-0.04839515945462436,-0.0014773118410774317,-9.683909310898127e-05,momentum
2004-11,NOK,-0.021684780210363908,-0.002822711431691368,-0.00032793153503010746,momentum
2004-12,NOK,0.021238109494964297,-0.0025126676414348394,-0.0004296308144364589,momentum
2005-01,NOK,0.02034311104227804,-0.002161724941864101,-0.0003269401020696307,momentum
2005-02,NOK,-0.029254283258810743,-0.0019845905876326735,-0.00022943986082270772,momentum
2005-03,NOK,0.016461737022872347,-0.0029056826858434148,-0.00036570673123579705,momentum
2005-04,NOK,0.00802824434541849,-0.002230969780628463,-0.000287073816496974,momentum
2005-05,NOK,0.019908583383640988,-0.0017055014508541378,-0.0002483979180694602,momentum
2005-06,NOK,0.012959276829434208,-0.0010921686999261575,-0.00015507856019117107,momentum
2005-07,NOK,-0.021760366871454107,-0.0010012122283723254,-9.464374272745966e-05,momentum
2005-08,NOK,-0.00837778014888868,-0.001344005212476307,-0.00019402779377666445,momentum
2005-09,NOK,0.01974733183407995,-0.0015806020438428464,-0.0002313965259917878,momentum
2005-10,NOK,0.019711365025971705,-0.0002219953304297101,-0.0001405841243550981,momentum
2005-11,NOK,0.012616056169928225,0.0012861232959942835,-5.0756300145474555e-05,momentum
2005-12,NOK,-0.014304252763390313,0.002085016753135968,6.3014136836862535e-06,momentum
2006-01,NOK,0.018518909364344527,0.0012122011191994593,-5.787147500274423e-05,momentum
2006-02,NOK,-0.01806643431816446,0.0012827057768980163,2.506058231577037e-05,momentum
2006-03,NOK,-0.03678268450082123,0.0013918263071432846,-5.5346061686363986e-05,momentum
2006-04,NOK,-0.046134203103712856,0.00011643642754175518,-0.00021785640876218198,momentum
2006-05,NOK,0.016733393449359868,-0.0011075153246899849,-0.00042013106380601756,momentum
2006-06,NOK,0.008774026308464578,-0.0010765002017705744,-0.00034489630716932505,momentum
2006-07,NOK,-0.0031030095275663694,-0.0011025148775846037,-0.00030507568439363115,momentum
2006-08,NOK,0.040576542038911256,-0.0007722130077331002,-0.0003172406141465561,momentum
2006-09,NOK,0.02405909403426243,0.00028933094666785757,-0.00014021125201210672,momentum
2006-10,NOK,-0.03982698480858393,0.0004760701024366133,-3.5903901640233705e-05,momentum
2006-11,NOK,-0.03441846050776287,-0.000755010627608242,-0.0002066810729146702,momentum
2006-12,NOK,0.02916959811194708,-0.001761299293059669,-0.0003528852585336796,momentum
2007-01,NOK,-0.028619818818309994,-0.0008079986941920233,-0.00022725766972312315,momentum
2007-02,NOK,-0.007447645591501573,-0.001757986037574541,-0.00034756513221713534,momentum
2007-03,NOK,-0.02144955854819708,-0.001613086549550289,-0.00037752327761495993,momentum
2007-04,NOK,0.0020279599363628442,-0.0014628215604857936,-0.00046606124093673355,momentum
2007-05,NOK,-0.003993349732724694,-0.0005715516748974431,-0.0004556260058852709,momentum
2007-06,NOK,-0.0369012977089882,-0.0009612842519709059,-0.0004703665214137685,momentum
2007-07,NOK,0.01178011713775784,-0.0019703826909050213,-0.0006215322109887661,momentum
2007-08,NOK,-0.038977290686920796,-0.0016108457906253652,-0.00057028572607659,momentum
2007-09,NOK,-0.040502820253210725,-0.0033398255784948296,-0.0007283392444339737,momentum
2007-10,NOK,0.0024588888233634254,-0.005190079097090786,-0.0008913494125027308,momentum
2007-11,NOK,0.015464414599606346,-0.004145163482083476,-0.0008776749707236853,momentum
2007-12,NOK,-0.01847877670047282,-0.0028851140835151334,-0.0008112437123077096,momentum
2008-01,NOK,-0.0026334349998871076,-0.003983955075693492,-0.0008827721859440055,momentum
2008-02,NOK,-0.04473625795434599,-0.003444902984566814,-0.0008898313101937762,momentum
2008-03,NOK,-0.018699827505588296,-0.004732240010653684,-0.0010659213770377609,momentum
2008-04,NOK,0.0005934013941037986,-0.004885341216205569,-0.001136457001551963,momentum
2008-05,NOK,0.015306120915356436,-0.0048363770750381955,-0.0011295651354338125,momentum
2008-06,NOK,-0.005722168939835015,-0.004120797225213865,-0.0010643441590417878,momentum
2008-07,NOK,0.04355553416685609,-0.0034664057727247406,-0.001082754533669429,momentum
2008-08,NOK,0.06579637851905851,-0.0024272001775572493,-0.0009070132395728719,momentum
2008-09,NOK,0.13165764485644837,-0.00017817481611390475,-0.0006454313111076507,momentum
2008-10,NOK,0.06432879665512492,0.003604733562354136,-0.00012862241982813504,momentum
2008-11,NOK,0.012463499187371108,0.0062759520845689885,0.00012218465828452277,momentum
2008-12,NOK,-0.008488152591218823,0.00639163312387662,0.00017001921072284286,momentum
2009-01,NOK,-0.012381193192457562,0.006188169894094625,0.00013658997596631132,momentum
2009-02,NOK,-0.0125216735096505,0.005425292242058226,8.844465608775797e-05,momentum
2009-03,NOK,-0.019314352151543757,0.005555578379931875,4.013002710025507e-05,momentum
2009-04,NOK,-0.03133148599906943,0.004732807439073903,-3.374204228388238e-05,momentum
2009-05,NOK,-0.00917316176273597,0.003173023486518498,-0.00015274487101690727,momentum
2009-06,NOK,-0.0054753394136968225,0.0025658589589915687,-0.00018691311681887343,momentum
2009-07,NOK,-0.04605266921034956,0.002403108575875782,-0.00020686944246746947,momentum
2009-08,NOK,-0.02838693334554221,0.0007025612552453444,-0.0003792220731737931,momentum
2009-09,NOK,-0.04467364443814037,-0.00021467137961691596,-0.0004841198682013902,momentum
2009-10,NOK,3.5442768792748325e-05,-0.0014969869939669505,-0.0006490061539101178,momentum
2009-11,NOK,0.022394880102477366,-0.0018765222255620504,-0.0006464617341231182,momentum
2009-12,NOK,-0.005316666159440819,-0.0014315542266559202,-0.0005611234310245979,momentum
2010-01,NOK,0.030538295678014693,-0.0014745210330749745,-0.0005786715591737352,momentum
2010-02,NOK,0.0003716655728422946,-0.000886157374599323,-0.00046427094433113073,momentum
2010-03,NOK,-0.0005913510854662629,-0.0008361934079806298,-0.00046120890580668596,momentum
2010-04,NOK,0.06070315747439792,-0.0007797813870643115,-0.0004616838772652976,momentum
2010-05,NOK,0.029092960941664803,-0.00025361155535256525,-0.0002392662723501586,momentum
2010-06,NOK,-0.032901578748167015,-0.00011884548352909886,-0.00013299008679213336,momentum
2010-07,NOK,-0.018564111767078062,-0.0002542807117735703,-0.00025128824080431704,momentum
2010-08,NOK,-0.017225965681594735,-0.00030668917300488425,-0.00031716170672616505,momentum
2010-09,NOK,-0.0355228376434944,-0.00036527752057569714,-0.00037776673889415276,momentum
2010-10,NOK,0.022430942068704773,-0.0005015253122091636,-0.000503284849267725,momentum
2010-11,NOK,0.003147025480155774,-0.0004006249840999484,-0.00042166838336746705,momentum
2010-12,NOK,-0.02148840220407844,-0.0003914096337985032,-0.00040901344058901586,momentum
2011-01,NOK,-0.021436789119852584,-0.0004802614578421824,-0.00048349891325152265,momentum
2011-02,NOK,-0.024835245626998015,-0.000555820190739573,-0.0005572781041198363,momentum
2011-03,NOK,-0.03453512549418769,-0.0006485186965836655,-0.0006424639550773035,momentum
2011-04,NOK,0.013807777677540267,-0.0008139491604380826,-0.0007609697646546125,momentum
2011-05,NOK,-0.007330604978510014,-0.0007445071439519493,-0.0007102075784448743,momentum
2011-06,NOK,0.0024984397755987153,-0.0008200716448881957,-0.0007331950694173228,momentum
2011-07,NOK,-0.0027375884076126233,-0.0007685270549777167,-0.0007220129419259178,momentum
2011-08,NOK,0.03443066795044181,-0.0007783605649187755,-0.0007289632021524236,momentum
2011-09,NOK,0.0026273292704772633,-0.0005613540068287943,-0.0006081397274012407,momentum
2011-10,NOK,0.01757360048889156,-0.0005780253603549356,-0.0005970593541208349,momentum
2011-11,NOK,0.02591339750489219,-0.0005085722821279433,-0.0005350434502197687,momentum
2011-12,NOK,0.008653380119627796,-0.00043903049026413943,-0.0004450827666989797,momentum
2012-01,NOK,-0.0399466092931271,-0.0004436468649943997,-0.00041424051962668556,momentum
2012-02,NOK,-0.0004029044207571886,-0.0005571640530531172,-0.0005477958195371599,momentum
2012-03,NOK,0.007801427062560373,-0.0005925905251150696,-0.000547307969709618,momentum
2012-04,NOK,0.027943397933269054,-0.0006211006663241124,-0.0005192920803395845,momentum
2012-05,NOK,0.01668144334156918,-0.0004914350812884498,-0.00042409913715025783,momentum
2012-06,NOK,0.009004000053954186,-0.0004038598566259453,-0.00036708066222119307,momentum
2012-07,NOK,-0.02803812679244322,-0.0003388751514535384,-0.00033594750369569346,momentum
2012-08,NOK,-0.02652994304662304,-0.0005166137650307699,-0.0004276765741882349,momentum
2012-09,NOK,-0.006792116556322503,-0.0005636653778310131,-0.0005138226681566666,momentum
2012-10,NOK,0.001785433441790829,-0.0005695119712653839,-0.000534474950683528,momentum
2012-11,NOK,-0.019014899859473244,-0.0005344736115937643,-0.0005268686936590218,momentum
2012-12,NOK,-0.010806266282303856,-0.000516962629280549,-0.0005872870961616827,momentum
2013-01,NOK,0.0026631174194837737,-0.0005240005367720233,-0.0006205736733152403,momentum
2013-02,NOK,0.03804643834733934,-0.0005814802883440269,-0.0006099123385983604,momentum
2013-03,NOK,0.0022291159298137853,-0.0005248189249633719,-0.00048481088006781763,momentum
2013-04,NOK,0.004598025959097196,-0.000505281733612753,-0.00047605627745529635,momentum
2013-05,NOK,0.009524614372889095,-0.0004459719005208159,-0.0004597409004888896,momentum
2013-06,NOK,0.024991847344342455,-0.000400653507800952,-0.0004277397617921653,momentum
2013-07,NOK,-0.009489493589846854,-0.0003491510034206791,-0.0003465270234339077,momentum
2013-08,NOK,-0.0002513847121057289,-0.0004145563976150399,-0.0003756447513524203,momentum
2013-09,NOK,-0.0028702612170432573,-0.0004654097259661889,-0.00037525027503735144,momentum
2013-10,NOK,0.02268537708864149,-0.00048230783554327824,-0.00038314587928420555,momentum
2013-11,NOK,0.007954345611183022,-0.0004269097202660864,-0.00031037451345478697,momentum
2013-12,NOK,0.004554186330104404,-0.0004282280661690968,-0.000284384827528253,momentum
2014-01,NOK,-0.007738148395860733,-0.00041941963735672217,-0.0002692168928648277,momentum
2014-02,NOK,-0.019686520409030184,-0.0004526645987230582,-0.00029255730381168993,momentum
2014-03,NOK,-0.0027558579385835724,-0.0004463432895852089,-0.00035297463435754196,momentum
2014-04,NOK,-0.006729398858292379,-0.0004439672349143351,-0.00036043700486756064,momentum
2014-05,NOK,0.017492476135463786,-0.00044074365092968326,-0.00038015515302057865,momentum
2014-06,NOK,0.025403844291664646,-0.0003983401324340165,-0.00032499271077217015,momentum
2014-07,NOK,-0.0009198964554857358,-0.00031063703327545206,-0.00024582705845697993,momentum
2014-08,NOK,0.0253480812000646,-0.00032853554773184916,-0.000247894755993878,momentum
2014-09,NOK,0.032142166743815315,-0.00027484783642920757,-0.00016961960016495295,momentum
2014-10,NOK,0.03725466354483209,-0.0001620950347237316,-7.110805643330581e-05,momentum
2014-11,NOK,0.06650090633968175,7.101357162047757e-05,4.234413688361029e-05,momentum
2014-12,NOK,0.05471937053000553,0.0006829516709453713,0.00024373371931633194,momentum
2015-01,NOK,-0.013147918012998083,0.0015822345536125868,0.00040831268249061955,momentum
2015-02,NOK,0.052523736250284614,0.0013050264011553628,0.0003674806623234849,momentum
2015-03,NOK,-0.014843461421820692,0.0026724743070949747,0.0005241060544795243,momentum
2015-04,NOK,-0.04241060261512963,0.0021476267590671543,0.0004780953734127572,momentum
2015-05,NOK,0.03395850143342827,0.0010077057245682559,0.0003500694092678545,momentum
2015-06,NOK,0.03946146577964482,0.0016849877150276794,0.0004500945045778558,momentum
2015-07,NOK,0.015496802347727545,0.0025390428406857437,0.0005658552502011999,momentum
2015-08,NOK,0.003882231895560917,0.0029494889875997295,0.0006100296498980234,momentum
2015-09,NOK,-0.0017517899916148494,0.002794447519404483,0.000619682163897029,momentum
2015-10,NOK,0.04369862692454296,0.0024355480039307304,0.0006127072457925822,momentum
2015-11,NOK,0.006656500799157694,0.0031402236592835823,0.0007390589164047535,momentum
2015-12,NOK,0.013964203734559533,0.0025743699335111486,0.0007563613780502299,momentum
2016-01,NOK,-0.023715982362753074,0.002246316184586682,0.0007948682070779539,momentum
2016-02,NOK,-0.016070008338248343,0.001956932074331416,0.0007236157344912357,momentum
2016-03,NOK,-0.032034195189567516,0.001187714090647995,0.0006749385632659036,momentum
2016-04,NOK,0.0022756184105645616,0.0009126681987823933,0.0005804034946160961,momentum
2016-05,NOK,0.009617028993251342,0.00132517871807549,0.0005852888401951982,momentum
2016-06,NOK,0.0206251837942113,0.0011354429107976382,0.0006112421164970837,momentum
2016-07,NOK,-0.021287543142338716,0.0010258294668781735,0.0006685886542555771,momentum
2016-08,NOK,-0.012754316173323677,0.0006109086045517356,0.0006058568491224506,momentum
2016-09,NOK,-0.002871476016739205,0.00041729402970878103,0.0005677936781183306,momentum
2016-10,NOK,0.02924202591446834,0.0003972727328190244,0.0005580230255761217,momentum
2016-11,NOK,0.017318592183108716,0.000347269517511742,0.0006392808241282243,momentum
2016-12,NOK,-0.012304267766408472,0.0004963814037761251,0.0006863975228824065,momentum
2017-01,NOK,-0.016151973755440974,0.00021777976609622116,0.0006498040995322913,momentum
2017-02,NOK,0.02196453838657897,0.0002342714609852326,0.0006026080943216923,momentum
2017-03,NOK,0.009267668340497082,0.0006514716710930954,0.0006624454340759143,momentum
2017-04,NOK,-0.009314693416627495,0.00105397481964239,0.0006864823695687109,momentum
2017-05,NOK,-0.0054817912378593014,0.0009161684268894091,0.0006586239411949053,momentum
2017-06,NOK,-0.03759166509612655,0.0007609463552707321,0.0006415672323641992,momentum
2017-07,NOK,-0.032280581305735634,0.00013459060664911595,0.000535658001537355,momentum
2017-08,NOK,-0.006396786550030065,-7.169375894619951e-05,0.00044500540676588264,momentum
2017-09,NOK,0.02005725518441137,-3.437204549252876e-05,0.00042615749503917207,momentum
2017-10,NOK,0.024408929404628577,0.0002406683839039881,0.00048008908209788687,momentum
2017-11,NOK,0.014922396035867092,0.0002674689793499893,0.0005456475487349572,momentum
2017-12,NOK,-0.05104148824657884,0.0002895647155721623,0.0005849282823063565,momentum
2018-01,NOK,-0.008194007722214458,-0.00022138997146544656,0.00044425684762274567,momentum
2018-02,NOK,-0.008866396747427618,-0.00017795751677716253,0.00042078330259601415,momentum
2018-03,NOK,0.009848132713824231,-0.000502521748234294,0.00039561479297535386,momentum
2018-04,NOK,0.03126313040669437,-0.0004480077715296508,0.0004211621387073779,momentum
2018-05,NOK,0.0017400215414018483,4.9804245236846915e-05,0.0005042941286480436,momentum
2018-06,NOK,0.0024998319783136047,0.00011735416402909165,0.0005076159765317904,momentum
2018-07,NOK,0.025392214553501713,0.00046766606909516236,0.0005129570381987657,momentum
2018-08,NOK,-0.0112624937918544,0.0010258555883055553,0.0005794791171166881,momentum
2018-09,NOK,0.0009817647098775417,0.0009446609649916486,0.0005479005226927652,momentum
2018-10,NOK,0.02691656563374112,0.0007850482575411468,0.0005490544168076184,momentum
2018-11,NOK,0.017140604377760216,0.0008805077829814265,0.0006189947648631448,momentum
2018-12,NOK,-0.009165134407116415,0.0009461926218264639,0.000662702726802026,momentum
2019-01,NOK,0.004424191981549086,0.0012763343446285495,0.0006367717581109483,momentum
2019-02,NOK,0.0025243285258422787,0.0013975298681694788,0.0006467386534357855,momentum
2019-03,NOK,-0.005230216646246788,0.0015010138228436472,0.0006516667108436765,momentum
2019-04,NOK,0.020392591534262205,0.0013404675209629433,0.0006362691104324449,momentum
2019-05,NOK,-0.01218095145810194,0.0013233878837348955,0.00068785219770093,momentum
2019-06,NOK,-0.0015418058408567248,0.0011522102343103332,0.00065433968818061,momentum
2019-07,NOK,0.03938981253883611,0.001108402575998341,0.0006486354140792143,momentum
2019-08,NOK,0.004384800472634787,0.001359171138027062,0.0007490011579257348,momentum
2019-09,NOK,0.016246550506506807,0.0015127291208313913,0.0007583959881963009,momentum
2019-10,NOK,-0.00030596411716699023,0.0017167547080182434,0.0007983139122125651,momentum
2019-11,NOK,-0.013866184531726944,0.001452754567293075,0.0007954751512115893,momentum
2019-12,NOK,-0.006950071066188279,0.001114169342146298,0.0007578811520245674,momentum
2020-01,NOK,0.0366143039543676,0.001110788953063393,0.0007381677192414143,momentum
2020-02,NOK,0.09677898841333432,0.0015162943376535718,0.0008296884749432669,momentum
2020-03,NOK,0.017386523292970413,0.0029035630161226315,0.0010738342763132187,momentum
2020-04,NOK,-0.03191495730653271,0.0032900063162343536,0.0011152370403148867,momentum
2020-05,NOK,-0.057043018532213274,0.00239891564271308,0.001031616295132994,momentum
2020-06,NOK,-0.027145792259523294,0.0016363695316011133,0.0008849631768821196,momentum
2020-07,NOK,-0.036832027329259276,0.001315710781604224,0.0008143567400145996,momentum
2020-08,NOK,0.024293766129784178,0.0006446033552483535,0.0007197678353179316,momentum
2020-09,NOK,0.014465759871430617,0.0008441762784708217,0.0007788505378103283,momentum
2020-10,NOK,-0.021277745472437548,0.0008659420477701791,0.000813067811144379,momentum
2020-11,NOK,-0.044124639658850384,0.0006634537522414313,0.0007579785012102595,momentum
2020-12,NOK,-0.022943846837267134,0.00033415649401566394,0.0006463301973295116,momentum
2021-01,NOK,-0.00015278030809096066,0.00014885767368922476,0.0005877937778888252,momentum
2021-02,NOK,0.0005170084129026975,-0.00012306432382636816,0.0005859606737156079,momentum
2021-03,NOK,-0.014447134431204933,-0.0008282577209861214,0.0005857904212197735,momentum
2021-04,NOK,-0.009977385303468811,-0.0012230932914344878,0.0005487635127162644,momentum
2021-05,NOK,0.013843285191836863,-0.001155341813641094,0.0005229007392121241,momentum
2021-06,NOK,0.04302350857616366,-0.0004437003153695216,0.0005555487403214984,momentum
2021-07,NOK,0.006212608409356335,0.0002739490729667239,0.0006593823829519194,momentum
2021-08,NOK,-0.02169565004867291,0.0005696572330497567,0.000672926836674857,momentum
2021-09,NOK,-0.023713107938198696,0.00021503119081780743,0.0006185020753966386,momentum
2021-10,NOK,0.03286459568139399,-0.00012291569286022647,0.0005594447695383975,momentum
2021-11,NOK,0.027452483047013754,0.0003581208887484373,0.0006376654739254571,momentum
2021-12,NOK,-0.014998738698603908,0.000855047897289341,0.000702435564681709,momentum
2022-01,NOK,0.0010167309589248497,0.0008604607424694627,0.0006646014098304183,momentum
2022-02,NOK,-0.0025324483303355017,0.0008676290989468049,0.0006654478750926646,momentum
2022-03,NOK,0.008633666108482707,0.0008410612563901666,0.0006577790592523093,momentum
2022-04,NOK,0.0759475852086342,0.0009953109998048688,0.0006768601287480757,momentum
2022-05,NOK,0.013852454031896944,0.001794932404506028,0.000856503864022267,momentum
2022-06,NOK,0.026313178172786778,0.0018737312646786978,0.0008874466025172067,momentum
2022-07,NOK,-0.030177917282675715,0.0019028663827421262,0.0009478402642043078,momentum
2022-08,NOK,0.05880195365643104,0.0014734971390692056,0.000874082544898905,momentum
2022-09,NOK,0.02332204209605937,0.0023387428105747683,0.0010110278666755766,momentum
2022-10,NOK,-0.03645864840263435,0.002917287464456457,0.001063648183254312,momentum
2022-11,NOK,-0.028319593597271098,0.0019749380023109642,0.0009753604265816327,momentum
2022-12,NOK,0.006999665485538653,0.0014380004304229014,0.0009065929288730583,momentum
2023-01,NOK,0.028964850623085958,0.0015953240236365371,0.0009208624196380831,momentum
2023-02,NOK,0.02795957657202086,0.0019151057061995004,0.0009863857565620268,momentum
2023-03,NOK,-0.002681068708724421,0.0023034528695341375,0.001049260327227432,momentum
2023-04,NOK,0.028474680421683995,0.00218087769280009,0.0010405851434228928,momentum
2023-05,NOK,-0.0010275923307134782,0.0019823305692840245,0.0011042373366439162,momentum
2023-06,NOK,-0.05351677773779828,0.0018480761529590015,0.0010993025457472555,momentum
2023-07,NOK,0.022646122840636274,0.0010618860428118935,0.0009731684111432243,momentum
2023-08,NOK,0.024207402063110006,0.001488149460606785,0.0010231060941604895,momentum
2023-09,NOK,0.02738007346190985,0.0013033072070295561,0.001076403326273017,momentum
2023-10,NOK,-0.01069899613979075,0.0013987061890593303,0.0011367328449327346,momentum
2023-11,NOK,-0.033161583450118215,0.0015610112602471662,0.0011096487969127723,momentum
2023-12,NOK,-0.012956342096771323,0.0014223998631585411,0.0010314039744309664,momentum
2024-01,NOK,0.013600720862150695,0.0012429760352432124,0.0009995412271161547,momentum
2024-02,NOK,0.005281494493213579,0.0011665869623763451,0.0010281802717412333,momentum
2024-03,NOK,0.027299898280988888,0.0010171629599544621,0.001037824975191284,momentum
2024-04,NOK,-0.014919376413928376,0.0012865097419383676,0.001097241430634265,momentum
2024-05,NOK,-0.012069604422558555,0.0009476432030701063,0.0010610865370799475,momentum
2024-06,NOK,0.017897548570012134,0.0008408385958283675,0.0010315129087924734,momentum
2024-07,NOK,-0.010894600503038365,0.0013717025253935174,0.0010694141125255512,momentum
2024-08,NOK,-0.006324918094675613,0.001112949886136386,0.0010425889676476054,momentum
2024-09,NOK,0.019945486733257578,0.0008904180825855492,0.0010261068489399471,momentum
2024-10,NOK,0.019835919870237806,0.0008849587397138799,0.001068337607610299,momentum
2024-11,NOK,0.014968336537194205,0.001130264267813448,0.0011101362318032334,momentum
2024-12,NOK,0.010029391639306606,0.001477082594181622,0.0011409322324818798,momentum
2025-01,NOK,-0.012438622832579238,0.0016534298534329576,0.0011606405681954602,momentum
1997-06,NOK,0.031409060771632635,-0.00219159751914354,0.000609123088738021,afvigelse
1997-07,NOK,0.022273403852472118,-0.0018373750760392552,0.0008636680282660756,afvigelse
1997-08,NOK,-0.043107349547788054,-0.0012681781637176612,0.001039157666169404,afvigelse
1997-09,NOK,-0.03061115831619743,-0.0018449130358520972,0.0006802429733730017,afvigelse
1997-10,NOK,-0.0030977074878626443,-0.0016218981736035502,0.0004278929629732402,afvigelse
1997-11,NOK,0.028517901237090193,-0.0015225809876982536,0.0003996881593665531,afvigelse
1997-12,NOK,0.03220338289628244,-0.0017546257091337544,0.000622848580618328,afvigelse
1998-01,NOK,0.0069484858109971626,-0.0017204112628479516,0.0008715142051511164,afvigelse
1998-02,NOK,0.004003625783482789,-0.001593848798802589,0.0009189905458217885,afvigelse
1998-03,NOK,-0.006854235954060872,-0.0014863971301835887,0.0009429024468889281,afvigelse
1998-04,NOK,-0.010356839809432916,-0.001473174211011304,0.0008829244591893143,afvigelse
1998-05,NOK,0.016577905538274873,-0.0014539255908641467,0.0007971247319479231,afvigelse
1998-06,NOK,0.00606457121148507,-0.0013458966044527366,0.0009166761016928242,afvigelse
1998-07,NOK,0.013056070379961149,-0.0012554200469726683,0.0009553820799619389,afvigelse
1998-08,NOK,-0.022041046180460544,-0.0010761204046581682,0.0010456857239917838,afvigelse
1998-09,NOK,-0.016949784532859447,-0.0012475985562885455,0.0008746728950699147,afvigelse
1998-10,NOK,0.0036007992901661012,-0.0012347888378677137,0.0007436107080998458,afvigelse
1998-11,NOK,0.01976002465338933,-0.00121853491440785,0.0007644660992098185,afvigelse
1998-12,NOK,-0.020162455340135832,-0.0011838100456915313,0.0009021150742401048,afvigelse
1999-01,NOK,0.03568889419514765,-0.0011992751148940989,0.0007505714021942347,afvigelse
1999-02,NOK,0.011725395130615102,-0.0011405727530839648,0.0010001308507153305,afvigelse
1999-03,NOK,-0.005144301631585524,-0.0009819087173503272,0.001076196554828095,afvigelse
1999-04,NOK,-0.00327222893525958,-0.001001871062525082,0.001032390229571661,afvigelse
1999-05,NOK,0.016039257088334757,-0.000987928859305368,0.0010022879976497642,afvigelse
1999-06,NOK,0.003549294501659528,-0.0007914845696895017,0.0011067113941128544,afvigelse
1999-07,NOK,-0.012644615039063112,-0.0006960792847177133,0.0011235567948545556,afvigelse
1999-08,NOK,0.004156095932964288,-0.0007878574438015181,0.0010292542480469004,afvigelse
1999-09,NOK,-0.012313734552857891,-0.0007078084932785055,0.0010505252799170868,afvigelse
1999-10,NOK,0.02507004467676799,-0.0007311271921043428,0.0009602262269929314,afvigelse
1999-11,NOK,0.009355473302259387,-0.0005517599938939946,0.0011220370890719586,afvigelse
1999-12,NOK,0.001596468154037467,-0.0004114807029440568,0.0011769266638265415,afvigelse
2000-01,NOK,0.02623524695533641,-0.0003501385442937924,0.0011797050842915146,afvigelse
2000-02,NOK,0.02073671383537956,5.4232120148122766e-05,0.0013445441755483888,afvigelse
2000-03,NOK,0.025498528870885107,0.00052044651741024,0.00147129038247539,afvigelse
2000-04,NOK,0.04820932927474075,0.001227301159257316,0.0016273114116209077,afvigelse
2000-05,NOK,-0.04202716154857944,0.003042392723652031,0.0019278405591249066,afvigelse
2000-06,NOK,0.004345034193508734,0.001117415849540804,0.0016460777251011609,afvigelse
2000-07,NOK,0.026496788116882275,0.0012190036474655228,0.0016632685306324192,afvigelse
2000-08,NOK,0.030850860555455384,0.0019719104297556676,0.0018204427052289373,afvigelse
2000-09,NOK,0.015720941639618236,0.003053478311344733,0.0020030239495699843,afvigelse
2000-10,NOK,-0.0028828002326211077,0.00360473505333324,0.0020887609351327857,afvigelse
2000-11,NOK,-0.03158728995037974,0.0032926524577382354,0.002057881673221271,afvigelse
2000-12,NOK,-0.03137569413175445,0.0020087012953510053,0.0018501954286311412,afvigelse
2001-01,NOK,0.015401695432672557,0.0012411058740810306,0.0016463556153772417,afvigelse
2001-02,NOK,0.0075849759587725,0.001488166542752027,0.0017302296386534329,afvigelse
2001-03,NOK,0.011738223826239569,0.0016072945085639704,0.0017657129496844574,afvigelse
2001-04,NOK,0.005046637150782907,0.0018074795571279133,0.001825788316410693,afvigelse
2001-05,NOK,0.017723383322886477,0.0018738104136704296,0.0018450748363769936,afvigelse
2001-06,NOK,-0.004828115855866955,0.0022096579850861844,0.0019395885773681215,afvigelse
2001-07,NOK,-0.034499253596731005,0.0020469658066333265,0.001899542989005784,afvigelse
2001-08,NOK,-0.01960337847030047,0.001426362422282567,0.001685432420854391,afvigelse
2001-09,NOK,0.007249207975910998,0.0012340267043504521,0.0015609364507306784,afvigelse
2001-10,NOK,0.010888214535053287,0.0012897299756396638,0.0015940077968073082,afvigelse
2001-11,NOK,0.004658992053923505,0.0013759872346724273,0.0016477315351786721,afvigelse
2001-12,NOK,-0.00032330529777624406,0.0014137155412738832,0.0016650376301139873,afvigelse
2002-01,NOK,-0.0021431449913955625,0.0014104723648395705,0.0016536756705260432,afvigelse
2002-02,NOK,-0.01599457404272764,0.0013949594579606415,0.001632102825856034,afvigelse
2002-03,NOK,-0.02262202180048467,0.0013060901868186198,0.0015325170808357872,afvigelse
2002-04,NOK,-0.04820382243151711,0.0012357838359200756,0.0013968174241991555,afvigelse
2002-05,NOK,-0.056625165355026486,0.0011924616798486272,0.0011197188775191763,afvigelse
2002-06,NOK,-0.03730388455336975,0.0011472870710493724,0.0007989139651161449,afvigelse
2002-07,NOK,0.017886051592978625,0.0009646915111736812,0.0005884012661189853,afvigelse
2002-08,NOK,-0.013557734479764605,0.0010791254285764992,0.0006834433008819503,afvigelse
2002-09,NOK,-0.0019347398473632538,0.0009920434200096765,0.0006056226572718599,afvigelse
2002-10,NOK,-0.023185528225874608,0.0009707618349861518,0.0005918163393118864,afvigelse
2002-11,NOK,-0.022113481767883414,0.0007608912136955244,0.0004632901524730405,afvigelse
2002-12,NOK,-0.0343898276398642,0.00046901885187701595,0.0003419096582775757,afvigelse
2003-01,NOK,0.012447876013978565,-0.0001569173084221595,0.0001561784427794913,afvigelse
2003-02,NOK,0.03861397037601044,0.00011945249816996303,0.00022155981283906084,afvigelse
2003-03,NOK,-0.01005588892559972,0.0007383983183976562,0.00042469426026324806,afvigelse
2003-04,NOK,-0.05547267684484547,0.0006160957548712936,0.0003695332961271272,afvigelse
2003-05,NOK,0.028185143828343806,-0.0002563514952323074,7.716570376601409e-05,afvigelse
2003-06,NOK,0.03959487123339844,0.000337617205011427,0.00022356142316485675,afvigelse
2003-07,NOK,0.015943746797177916,0.0008462592768331877,0.0004275578470520774,afvigelse
2003-08,NOK,-0.017892877855008704,0.0009457027056335219,0.0005075382024650972,afvigelse
2003-09,NOK,-0.034256002981195355,0.0008244481680871585,0.00041317709447805204,afvigelse
2003-10,NOK,-0.003946295679487344,0.0004864088600211495,0.0002362935226633918,afvigelse
2003-11,NOK,-0.04266512865493666,0.00042395403520087123,0.00021506210539359115,afvigelse
2003-12,NOK,0.014625570327396975,-0.0002896214038824642,-1.5045146080767859e-06,afvigelse
2004-01,NOK,0.02021503896484278,2.553051493717111e-05,7.199837404521494e-05,afvigelse
2004-02,NOK,0.0012939774353057931,0.00036086169179830264,0.00017271357699920277,afvigelse
2004-03,NOK,-0.004824978214348574,0.00037036749216319103,0.00017829200415495693,afvigelse
2004-04,NOK,-0.01212875549091974,0.0003001376073426893,0.00015352333970691966,afvigelse
2004-05,NOK,-0.0021798453480890156,0.00012545091350876382,9.301950310284744e-05,afvigelse
2004-06,NOK,0.012328674042014987,9.0227815930164e-05,8.187800873425987e-05,afvigelse
2004-07,NOK,-0.011011420763318291,0.00026182625265032617,0.0001416184771892878,afvigelse
2004-08,NOK,0.0006872098819268313,0.00011625532309929078,8.747751000235781e-05,afvigelse
2004-09,NOK,-0.038850108309080644,0.0001235354778978327,9.037476783774174e-05,afvigelse
2004-10,NOK,-0.04839515945462436,-0.0004718716408786198,-9.683909310898127e-05,afvigelse
2004-11,NOK,-0.021684780210363908,-0.0015676028717186506,-0.00032793153503010746,afvigelse
2004-12,NOK,0.021238109494964297,-0.002180900487954443,-0.0004296308144364589,afvigelse
2005-01,NOK,0.02034311104227804,-0.0014272009482027498,-0.0003269401020696307,afvigelse
2005-02,NOK,-0.029254283258810743,-0.0008695842245147557,-0.00022943986082270772,afvigelse
2005-03,NOK,0.016461737022872347,-0.00150422886469732,-0.00036570673123579705,afvigelse
2005-04,NOK,0.00802824434541849,-0.0010425768816921177,-0.000287073816496974,afvigelse
2005-05,NOK,0.019908583383640988,-0.0008375942135739039,-0.0002483979180694602,afvigelse
2005-06,NOK,0.012959276829434208,-0.0004662929645079187,-0.00015507856019117107,afvigelse
2005-07,NOK,-0.021760366871454107,-0.00027509389348528653,-9.464374272745966e-05,afvigelse
2005-08,NOK,-0.00837778014888868,-0.0005409867278771069,-0.00019402779377666445,afvigelse
2005-09,NOK,0.01974733183407995,-0.0006413645216656669,-0.0002313965259917878,afvigelse
2005-10,NOK,0.019711365025971705,-0.0003505014911033345,-0.0001405841243550981,afvigelse
2005-11,NOK,0.012616056169928225,-0.0001353477596991903,-5.0756300145474555e-05,afvigelse
2005-12,NOK,-0.014304252763390313,-2.956611699764916e-05,6.3014136836862535e-06,afvigelse
2006-01,NOK,0.018518909364344527,-0.00013153938365464897,-5.787147500274423e-05,afvigelse
2006-02,NOK,-0.01806643431816446,6.885967703763509e-06,2.506058231577037e-05,afvigelse
2006-03,NOK,-0.03678268450082123,-0.00010758069693460612,-5.5346061686363986e-05,afvigelse
2006-04,NOK,-0.046134203103712856,-0.0003934913181106484,-0.00021785640876218198,afvigelse
2006-05,NOK,0.016733393449359868,-0.0009008539821764621,-0.00042013106380601756,afvigelse
2006-06,NOK,0.008774026308464578,-0.0006416080676144634,-0.00034489630716932505,afvigelse
2006-07,NOK,-0.0031030095275663694,-0.0005228946233869249,-0.00030507568439363115,afvigelse
2006-08,NOK,0.040576542038911256,-0.0005376480217294715,-0.0003172406141465561,afvigelse
2006-09,NOK,0.02405909403426243,-0.0001825048404748199,-0.00014021125201210672,afvigelse
2006-10,NOK,-0.03982698480858393,-4.38118941496498e-05,-3.5903901640233705e-05,afvigelse
2006-11,NOK,-0.03441846050776287,-0.00024752008592233347,-0.0002066810729146702,afvigelse
2006-12,NOK,0.02916959811194708,-0.00047547576303414547,-0.0003528852585336796,afvigelse
2007-01,NOK,-0.028619818818309994,-0.0002536680774106198,-0.00022725766972312315,afvigelse
2007-02,NOK,-0.007447645591501573,-0.00042437957216376126,-0.00034756513221713534,afvigelse
2007-03,NOK,-0.02144955854819708,-0.00046940431425876694,-0.00037752327761495993,afvigelse
2007-04,NOK,0.0020279599363628442,-0.0006258463916278573,-0.00046606124093673355,afvigelse
2007-05,NOK,-0.003993349732724694,-0.0005956082385356671,-0.0004556260058852709,afvigelse
2007-06,NOK,-0.0369012977089882,-0.0006174138197402696,-0.0004703665214137685,afvigelse
2007-07,NOK,0.01178011713775784,-0.0009416599330943256,-0.0006215322109887661,afvigelse
2007-08,NOK,-0.038977290686920796,-0.0007967380221052025,-0.00057028572607659,afvigelse
2007-09,NOK,-0.040502820253210725,-0.0011965574531016673,-0.0007283392444339737,afvigelse
2007-10,NOK,0.0024588888233634254,-0.0017638571025751677,-0.0008913494125027308,afvigelse
2007-11,NOK,0.015464414599606346,-0.0016720164578514262,-0.0008776749707236853,afvigelse
2007-12,NOK,-0.01847877670047282,-0.0013836085376289465,-0.0008112437123077096,afvigelse
2008-01,NOK,-0.0026334349998871076,-0.001626238631801974,-0.0008827721859440055,afvigelse
2008-02,NOK,-0.04473625795434599,-0.0016292463237283145,-0.0008898313101937762,afvigelse
2008-03,NOK,-0.018699827505588296,-0.002372592521456188,-0.0010659213770377609,afvigelse
2008-04,NOK,0.0005934013941037986,-0.002715486900291141,-0.001136457001551963,afvigelse
2008-05,NOK,0.015306120915356436,-0.0026198583138601784,-0.0011295651354338125,afvigelse
2008-06,NOK,-0.005722168939835015,-0.0022121909034746997,-0.0010643441590417878,afvigelse
2008-07,NOK,0.04355553416685609,-0.002255841552359053,-0.001082754533669429,afvigelse
2008-08,NOK,0.06579637851905851,-0.001458625799424749,-0.0009070132395728719,afvigelse
2008-09,NOK,0.13165764485644837,-0.000755070921837368,-0.0006454313111076507,afvigelse
2008-10,NOK,0.06432879665512492,-0.0001324240352107139,-0.00012862241982813504,afvigelse
2008-11,NOK,0.012463499187371108,0.00032289421995417787,0.00012218465828452277,afvigelse
2008-12,NOK,-0.008488152591218823,0.00046248151363327864,0.00017001921072284286,afvigelse
2009-01,NOK,-0.012381193192457562,0.00035477068401439853,0.00013658997596631132,afvigelse
2009-02,NOK,-0.0125216735096505,0.00021912770665141556,8.844465608775797e-05,afvigelse
2009-03,NOK,-0.019314352151543757,0.00010226122755089963,4.013002710025507e-05,afvigelse
2009-04,NOK,-0.03133148599906943,-4.62183205541296e-05,-3.374204228388238e-05,afvigelse
2009-05,NOK,-0.00917316176273597,-0.0002219247742944572,-0.00015274487101690727,afvigelse
2009-06,NOK,-0.0054753394136968225,-0.0002583576702498033,-0.00018691311681887343,afvigelse
2009-07,NOK,-0.04605266921034956,-0.00027831345457164706,-0.00020686944246746947,afvigelse
2009-08,NOK,-0.02838693334554221,-0.0004041440584687759,-0.0003792220731737931,afvigelse
2009-09,NOK,-0.04467364443814037,-0.00045642718352880546,-0.0004841198682013902,afvigelse
2009-10,NOK,3.5442768792748325e-05,-0.0005431488312752553,-0.0006490061539101178,afvigelse
2009-11,NOK,0.022394880102477366,-0.0005439467748446381,-0.0006464617341231182,afvigelse
2009-12,NOK,-0.005316666159440819,-0.0004938428836095098,-0.0005611234310245979,afvigelse
2010-01,NOK,0.030538295678014693,-0.0005042731282073388,-0.0005786715591737352,afvigelse
2010-02,NOK,0.0003716655728422946,-0.0004602840933370636,-0.00046427094433113073,afvigelse
2010-03,NOK,-0.0005913510854662629,-0.00046017224834831957,-0.00046120890580668596,afvigelse
2010-04,NOK,0.06070315747439792,-0.0004618864671023149,-0.0004616838772652976,afvigelse
2010-05,NOK,0.029092960941664803,-0.0003919909202950866,-0.0002392662723501586,afvigelse
2010-06,NOK,-0.032901578748167015,-0.00031357058864312236,-0.00013299008679213336,afvigelse
2010-07,NOK,-0.018564111767078062,-0.00041313299511068816,-0.00025128824080431704,afvigelse
2010-08,NOK,-0.017225965681594735,-0.00043966181431037774,-0.00031716170672616505,afvigelse
2010-09,NOK,-0.0355228376434944,-0.00045343281050439226,-0.00037776673889415276,afvigelse
2010-10,NOK,0.022430942068704773,-0.0004656846980815858,-0.000503284849267725,afvigelse
2010-11,NOK,0.003147025480155774,-0.00047000979012711843,-0.00042166838336746705,afvigelse
2010-12,NOK,-0.02148840220407844,-0.00047512891979545146,-0.00040901344058901586,afvigelse
2011-01,NOK,-0.021436789119852584,-0.00048014960775381236,-0.00048349891325152265,afvigelse
2011-02,NOK,-0.024835245626998015,-0.0004854593073727473,-0.0005572781041198363,afvigelse
2011-03,NOK,-0.03453512549418769,-0.0004958297201310029,-0.0006424639550773035,afvigelse
2011-04,NOK,0.013807777677540267,-0.000531221280600503,-0.0007609697646546125,afvigelse
2011-05,NOK,-0.007330604978510014,-0.0005138712271076475,-0.0007102075784448743,afvigelse
2011-06,NOK,0.0024984397755987153,-0.0005266201084625636,-0.0007331950694173228,afvigelse
2011-07,NOK,-0.0027375884076126233,-0.0005291997344807394,-0.0007220129419259178,afvigelse
2011-08,NOK,0.03443066795044181,-0.0005373421010679626,-0.0007289632021524236,afvigelse
2011-09,NOK,0.0026273292704772633,-0.0005290586527470235,-0.0006081397274012407,afvigelse
2011-10,NOK,0.01757360048889156,-0.0005389576260964534,-0.0005970593541208349,afvigelse
2011-11,NOK,0.02591339750489219,-0.0005531676348384019,-0.0005350434502197687,afvigelse
2011-12,NOK,0.008653380119627796,-0.000568414506447979,-0.0004450827666989797,afvigelse
2012-01,NOK,-0.0399466092931271,-0.000572598660595115,-0.00041424051962668556,afvigelse
2012-02,NOK,-0.0004029044207571886,-0.000557281625864704,-0.0005477958195371599,afvigelse
2012-03,NOK,0.007801427062560373,-0.0005602718761870958,-0.000547307969709618,afvigelse
2012-04,NOK,0.027943397933269054,-0.0005688780439305033,-0.0005192920803395845,afvigelse
2012-05,NOK,0.01668144334156918,-0.0005913919528406095,-0.00042409913715025783,afvigelse
2012-06,NOK,0.009004000053954186,-0.0005933270545885335,-0.00036708066222119307,afvigelse
2012-07,NOK,-0.02803812679244322,-0.0005849533789752555,-0.00033594750369569346,afvigelse
2012-08,NOK,-0.02652994304662304,-0.0005838207587924129,-0.0004276765741882349,afvigelse
2012-09,NOK,-0.006792116556322503,-0.000554578759074378,-0.0005138226681566666,afvigelse
2012-10,NOK,0.001785433441790829,-0.0005395825947849485,-0.000534474950683528,afvigelse
2012-11,NOK,-0.019014899859473244,-0.0005360266653272986,-0.0005268686936590218,afvigelse
2012-12,NOK,-0.010806266282303856,-0.0005067991107171321,-0.0005872870961616827,afvigelse
2013-01,NOK,0.0026631174194837737,-0.0004895442979876794,-0.0006205736733152403,afvigelse
2013-02,NOK,0.03804643834733934,-0.0004883632860925708,-0.0006099123385983604,afvigelse
2013-03,NOK,0.0022291159298137853,-0.0005328544122913232,-0.00048481088006781763,afvigelse
2013-04,NOK,0.004598025959097196,-0.0005236456008220697,-0.00047605627745529635,afvigelse
2013-05,NOK,0.009524614372889095,-0.0005180179255975405,-0.0004597409004888896,afvigelse
2013-06,NOK,0.024991847344342455,-0.0005206084798660168,-0.0004277397617921653,afvigelse
2013-07,NOK,-0.009489493589846854,-0.0005410107214252239,-0.0003465270234339077,afvigelse
2013-08,NOK,-0.0002513847121057289,-0.0005191285428520742,-0.0003756447513524203,afvigelse
2013-09,NOK,-0.0028702612170432573,-0.0005132996544870886,-0.00037525027503735144,afvigelse
2013-10,NOK,0.02268537708864149,-0.0005145399064366349,-0.00038314587928420555,afvigelse
2013-11,NOK,0.007954345611183022,-0.0005520607288634637,-0.00031037451345478697,afvigelse
2013-12,NOK,0.004554186330104404,-0.0005651801069174662,-0.000284384827528253,afvigelse
2014-01,NOK,-0.007738148395860733,-0.0005729739984357165,-0.0002692168928648277,afvigelse
2014-02,NOK,-0.019686520409030184,-0.0005779496343011061,-0.00029255730381168993,afvigelse
2014-03,NOK,-0.0027558579385835724,-0.000571347390178969,-0.00035297463435754196,afvigelse
2014-04,NOK,-0.006729398858292379,-0.0005745385788389794,-0.00036043700486756064,afvigelse
2014-05,NOK,0.017492476135463786,-0.0005700181239822779,-0.00038015515302057865,afvigelse
2014-06,NOK,0.025403844291664646,-0.0005957815689048712,-0.00032499271077217015,afvigelse
2014-07,NOK,-0.0009198964554857358,-0.0006074593182754753,-0.00024582705845697993,afvigelse
2014-08,NOK,0.0253480812000646,-0.0006034414783197337,-0.000247894755993878,afvigelse
2014-09,NOK,0.032142166743815315,-0.0005719890620986586,-0.00016961960016495295,afvigelse
2014-10,NOK,0.03725466354483209,-0.000464109942421871,-7.110805643330581e-05,afvigelse
2014-11,NOK,0.06650090633968175,-0.000224521166068501,4.234413688361029e-05,afvigelse
2014-12,NOK,0.05471937053000553,0.0005569866590370772,0.00024373371931633194,afvigelse
2015-01,NOK,-0.013147918012998083,0.0016938500806486828,0.00040831268249061955,afvigelse
2015-02,NOK,0.052523736250284614,0.0012934213052590326,0.0003674806623234849,afvigelse
2015-03,NOK,-0.014843461421820692,0.0026486169120289423,0.0005241060544795243,afvigelse
2015-04,NOK,-0.04241060261512963,0.0020816654886096327,0.0004780953734127572,afvigelse
2015-05,NOK,0.03395850143342827,0.000955317721516397,0.0003500694092678545,afvigelse
2015-06,NOK,0.03946146577964482,0.0016414374326340529,0.0004500945045778558,afvigelse
2015-07,NOK,0.015496802347727545,0.002637133929589772,0.0005658552502011999,afvigelse
2015-08,NOK,0.003882231895560917,0.0030291351956808254,0.0006100296498980234,afvigelse
2015-09,NOK,-0.0017517899916148494,0.003039809725283955,0.000619682163897029,afvigelse
2015-10,NOK,0.04369862692454296,0.002867564625771172,0.0006127072457925822,afvigelse
2015-11,NOK,0.006656500799157694,0.004171499780175124,0.0007390589164047535,afvigelse
2015-12,NOK,0.013964203734559533,0.004243197003267586,0.0007563613780502299,afvigelse
2016-01,NOK,-0.023715982362753074,0.004578374493195448,0.0007948682070779539,afvigelse
2016-02,NOK,-0.016070008338248343,0.003548443107105376,0.0007236157344912357,afvigelse
2016-03,NOK,-0.032034195189567516,0.0029342672336506335,0.0006749385632659036,afvigelse
2016-04,NOK,0.0022756184105645616,0.002039644412822808,0.0005804034946160961,afvigelse
2016-05,NOK,0.009617028993251342,0.0020168553904570084,0.0005852888401951982,afvigelse
2016-06,NOK,0.0206251837942113,0.002140329627558535,0.0006112421164970837,afvigelse
2016-07,NOK,-0.021287543142338716,0.0024960918197323035,0.0006685886542555771,afvigelse
2016-08,NOK,-0.012754316173323677,0.0019669635164545852,0.0006058568491224506,afvigelse
2016-09,NOK,-0.002871476016739205,0.001682433239566774,0.0005677936781183306,afvigelse
2016-10,NOK,0.02924202591446834,0.0015867822744110526,0.0005580230255761217,afvigelse
2016-11,NOK,0.017318592183108716,0.0020050675315817484,0.0006392808241282243,afvigelse
2016-12,NOK,-0.012304267766408472,0.002258394546611105,0.0006863975228824065,afvigelse
2017-01,NOK,-0.016151973755440974,0.001966236253239773,0.0006498040995322913,afvigelse
2017-02,NOK,0.02196453838657897,0.0016474281343776954,0.0006026080943216923,afvigelse
2017-03,NOK,0.009267668340497082,0.0019276847971511628,0.0006624454340759143,afvigelse
2017-04,NOK,-0.009314693416627495,0.002018673265742654,0.0006864823695687109,afvigelse
2017-05,NOK,-0.0054817912378593014,0.0018110793204079505,0.0006586239411949053,afvigelse
2017-06,NOK,-0.03759166509612655,0.001680855610831195,0.0006415672323641992,afvigelse
2017-07,NOK,-0.032280581305735634,0.0011622810075669597,0.000535658001537355,afvigelse
2017-08,NOK,-0.006396786550030065,0.0008233392796062387,0.00044500540676588264,afvigelse
2017-09,NOK,0.02005725518441137,0.0007491917553225358,0.00042615749503917207,afvigelse
2017-10,NOK,0.024408929404628577,0.000884353531961051,0.00048008908209788687,afvigelse
2017-11,NOK,0.014922396035867092,0.0010702153075267187,0.0005456475487349572,afvigelse
2017-12,NOK,-0.05104148824657884,0.0011805073826694466,0.0005849282823063565,afvigelse
2018-01,NOK,-0.008194007722214458,0.0006950943238422588,0.00044425684762274567,afvigelse
2018-02,NOK,-0.008866396747427618,0.0006164120526921683,0.00042078330259601415,afvigelse
2018-03,NOK,0.009848132713824231,0.000540195052099612,0.00039561479297535386,afvigelse
2018-04,NOK,0.03126313040669437,0.0005843833828474436,0.0004211621387073779,afvigelse
2018-05,NOK,0.0017400215414018483,0.0007717648894408467,0.0005042941286480436,afvigelse
2018-06,NOK,0.0024998319783136047,0.0007621583104005486,0.0005076159765317904,afvigelse
2018-07,NOK,0.025392214553501713,0.0007591928801037602,0.0005129570381987657,afvigelse
2018-08,NOK,-0.0112624937918544,0.0009211639192774185,0.0005794791171166881,afvigelse
2018-09,NOK,0.0009817647098775417,0.0008111886228450835,0.0005479005226927652,afvigelse
2018-10,NOK,0.02691656563374112,0.0007950868322434877,0.0005490544168076184,afvigelse
2018-11,NOK,0.017140604377760216,0.0009689515020044276,0.0006189947648631448,afvigelse
2018-12,NOK,-0.009165134407116415,0.0010806167203130338,0.000662702726802026,afvigelse
2019-01,NOK,0.004424191981549086,0.0009776310072361432,0.0006367717581109483,afvigelse
2019-02,NOK,0.0025243285258422787,0.000985561050961815,0.0006467386534357855,afvigelse
2019-03,NOK,-0.005230216646246788,0.0009767699370973099,0.0006516667108436765,afvigelse
2019-04,NOK,0.020392591534262205,0.0009086469629016662,0.0006362691104324449,afvigelse
2019-05,NOK,-0.01218095145810194,0.0010335726727136916,0.00068785219770093,afvigelse
2019-06,NOK,-0.0015418058408567248,0.000910634329861777,0.00065433968818061,afvigelse
2019-07,NOK,0.03938981253883611,0.0008739802541786607,0.0006486354140792143,afvigelse
2019-08,NOK,0.004384800472634787,0.0011401300747116638,0.0007490011579257348,afvigelse
2019-09,NOK,0.016246550506506807,0.0011462282660851721,0.0007583959881963009,afvigelse
2019-10,NOK,-0.00030596411716699023,0.0012537713390483435,0.0007983139122125651,afvigelse
2019-11,NOK,-0.013866184531726944,0.0012229597828808361,0.0007954751512115893,afvigelse
2019-12,NOK,-0.006950071066188279,0.0010861940000001585,0.0007578811520245674,afvigelse
2020-01,NOK,0.0366143039543676,0.001017205502267178,0.0007381677192414143,afvigelse
2020-02,NOK,0.09677898841333432,0.0012885366578260756,0.0008296884749432669,afvigelse
2020-03,NOK,0.017386523292970413,0.002254551425005744,0.0010738342763132187,afvigelse
2020-04,NOK,-0.03191495730653271,0.0024656979902640307,0.0011152370403148867,afvigelse
2020-05,NOK,-0.057043018532213274,0.0019495894547050497,0.001031616295132994,afvigelse
2020-06,NOK,-0.027145792259523294,0.0013030153447563995,0.0008849631768821196,afvigelse
2020-07,NOK,-0.036832027329259276,0.0010782487899534158,0.0008143567400145996,afvigelse
2020-08,NOK,0.024293766129784178,0.0008312807110225697,0.0007197678353179316,afvigelse
2020-09,NOK,0.014465759871430617,0.0009681357425644672,0.0007788505378103283,afvigelse
2020-10,NOK,-0.021277745472437548,0.0010513074919262385,0.000813067811144379,afvigelse
2020-11,NOK,-0.044124639658850384,0.0009089389198909435,0.0007579785012102595,afvigelse
2020-12,NOK,-0.022943846837267134,0.000658034007041204,0.0006463301973295116,afvigelse
2021-01,NOK,-0.00015278030809096066,0.0005379469384251555,0.0005877937778888252,afvigelse
2021-02,NOK,0.0005170084129026975,0.0005363401616094312,0.0005859606737156079,afvigelse
2021-03,NOK,-0.014447134431204933,0.0005375128046524564,0.0005857904212197735,afvigelse
2021-04,NOK,-0.009977385303468811,0.00045848920399947684,0.0005487635127162644,afvigelse
2021-05,NOK,0.013843285191836863,0.00040225130692290154,0.0005229007392121241,afvigelse
2021-06,NOK,0.04302350857616366,0.000476541211942454,0.0005555487403214984,afvigelse
2021-07,NOK,0.006212608409356335,0.000694829018806112,0.0006593823829519194,afvigelse
2021-08,NOK,-0.02169565004867291,0.0007217130762282393,0.000672926836674857,afvigelse
2021-09,NOK,-0.023713107938198696,0.0006091898853489529,0.0006185020753966386,afvigelse
2021-10,NOK,0.03286459568139399,0.0004888600313847144,0.0005594447695383975,afvigelse
2021-11,NOK,0.027452483047013754,0.000647938062830164,0.0006376654739254571,afvigelse
2021-12,NOK,-0.014998738698603908,0.0007766491915325206,0.000702435564681709,afvigelse
2022-01,NOK,0.0010167309589248497,0.0006997111886908242,0.0006646014098304183,afvigelse
2022-02,NOK,-0.0025324483303355017,0.0007004347278454714,0.0006654478750926646,afvigelse
2022-03,NOK,0.008633666108482707,0.0006852532115181847,0.0006577790592523093,afvigelse
2022-04,NOK,0.0759475852086342,0.0007230971883711096,0.0006768601287480757,afvigelse
2022-05,NOK,0.013852454031896944,0.0010968640092504176,0.000856503864022267,afvigelse
2022-06,NOK,0.026313178172786778,0.001176596133557259,0.0008874466025172067,afvigelse
2022-07,NOK,-0.030177917282675715,0.001352627270252287,0.0009478402642043078,afvigelse
2022-08,NOK,0.05880195365643104,0.0011117130959869635,0.000874082544898905,afvigelse
2022-09,NOK,0.02332204209605937,0.0015115371967617218,0.0010110278666755766,afvigelse
2022-10,NOK,-0.03645864840263435,0.0017104472656866176,0.001063648183254312,afvigelse
2022-11,NOK,-0.028319593597271098,0.0013401045997582196,0.0009753604265816327,afvigelse
2022-12,NOK,0.006999665485538653,0.0011251972245089029,0.0009065929288730583,afvigelse
2023-01,NOK,0.028964850623085958,0.0011546678163597513,0.0009208624196380831,afvigelse
2023-02,NOK,0.02795957657202086,0.0013296545688744016,0.0009863857565620268,afvigelse
2023-03,NOK,-0.002681068708724421,0.0015287080481435331,0.001049260327227432,afvigelse
2023-04,NOK,0.028474680421683995,0.001481041845794209,0.0010405851434228928,afvigelse
2023-05,NOK,-0.0010275923307134782,0.0017106284475191511,0.0011042373366439162,afvigelse
2023-06,NOK,-0.05351677773779828,0.0016719657442549273,0.0010993025457472555,afvigelse
2023-07,NOK,0.022646122840636274,0.0012064305191630304,0.0009731684111432243,afvigelse
2023-08,NOK,0.024207402063110006,0.0013376447072483886,0.0010231060941604895,afvigelse
2023-09,NOK,0.02738007346190985,0.0014981564182677876,0.001076403326273017,afvigelse
2023-10,NOK,-0.01069899613979075,0.001710875929776092,0.0011367328449327346,afvigelse
2023-11,NOK,-0.033161583450118215,0.0015863440361166782,0.0011096487969127723,afvigelse
2023-12,NOK,-0.012956342096771323,0.0013064884120403708,0.0010314039744309664,afvigelse
2024-01,NOK,0.013600720862150695,0.0012114315592704479,0.0009995412271161547,afvigelse
2024-02,NOK,0.005281494493213579,0.0012801106668326194,0.0010281802717412333,afvigelse
2024-03,NOK,0.027299898280988888,0.0012996276152921896,0.001037824975191284,afvigelse
2024-04,NOK,-0.014919376413928376,0.0014672068321152992,0.001097241430634265,afvigelse
2024-05,NOK,-0.012069604422558555,0.0013435339680417393,0.0010610865370799475,afvigelse
2024-06,NOK,0.017897548570012134,0.0012527402347240952,0.0010315129087924734,afvigelse
2024-07,NOK,-0.010894600503038365,0.0013479709299520901,0.0010694141125255512,afvigelse
2024-08,NOK,-0.006324918094675613,0.001266352334686346,0.0010425889676476054,afvigelse
2024-09,NOK,0.019945486733257578,0.0012184077259916287,0.0010261068489399471,afvigelse
2024-10,NOK,0.019835919870237806,0.0013231003572533012,0.001068337607610299,afvigelse
2024-11,NOK,0.014968336537194205,0.0014382800236291452,0.0011101362318032334,afvigelse
2024-12,NOK,0.010029391639306606,0.001529222676573328,0.0011409322324818798,afvigelse
2025-01,NOK,-0.012438622832579238,0.001587310608482793,0.0011606405681954602,afvigelse
1997-06,NOK,0.031409060771632635,-0.002289956502352504,0.000609123088738021,usrente
1997-07,NOK,0.022273403852472118,-0.002488678117867088,0.0008636680282660756,usrente
1997-08,NOK,-0.043107349547788054,0.0022787623448084346,0.001039157666169404,usrente
1997-09,NOK,-0.03061115831619743,-0.00016351375239093016,0.0006802429733730017,usrente
1997-10,NOK,-0.0030977074878626443,-0.0015215108116175087,0.0004278929629732402,usrente
1997-11,NOK,0.028517901237090193,-0.0011744044135208402,0.0003996881593665531,usrente
1997-12,NOK,0.03220338289628244,5.919857766202542e-05,0.000622848580618328,usrente
1998-01,NOK,0.0069484858109971626,-0.0019692474817388055,0.0008715142051511164,usrente
1998-02,NOK,0.004003625783482789,0.001521868332031357,0.0009189905458217885,usrente
1998-03,NOK,-0.006854235954060872,0.002101302881872986,0.0009429024468889281,usrente
1998-04,NOK,-0.010356839809432916,0.0010242036834726992,0.0008829244591893143,usrente
1998-05,NOK,0.016577905538274873,0.0011579861370415692,0.0007971247319479231,usrente
1998-06,NOK,0.00606457121148507,-0.0005007981818478718,0.0009166761016928242,usrente
1998-07,NOK,0.013056070379961149,0.0007725719373911998,0.0009553820799619389,usrente
1998-08,NOK,-0.022041046180460544,-1.3329317687769396e-05,0.0010456857239917838,usrente
1998-09,NOK,-0.016949784532859447,-0.004816218950831888,0.0008746728950699147,usrente
1998-10,NOK,0.0036007992901661012,-0.002287363046801819,0.0007436107080998458,usrente
1998-11,NOK,0.01976002465338933,0.004668866197031953,0.0007644660992098185,usrente
1998-12,NOK,-0.020162455340135832,-0.0011228631459064386,0.0009021150742401048,usrente
1999-01,NOK,0.03568889419514765,0.002143805281543803,0.0007505714021942347,usrente
1999-02,NOK,0.011725395130615102,0.005087722410513057,0.0010001308507153305,usrente
1999-03,NOK,-0.005144301631585524,0.004534130211575649,0.001076196554828095,usrente
1999-04,NOK,-0.00327222893525958,0.0006857829983470035,0.001032390229571661,usrente
1999-05,NOK,0.016039257088334757,0.006087487455559667,0.0010022879976497642,usrente
1999-06,NOK,0.003549294501659528,0.00632897251483496,0.0011067113941128544,usrente
1999-07,NOK,-0.012644615039063112,-0.00011570413767439803,0.0011235567948545556,usrente
1999-08,NOK,0.004156095932964288,0.003349699457279628,0.0010292542480469004,usrente
1999-09,NOK,-0.012313734552857891,0.0010253239804216933,0.0010505252799170868,usrente
1999-10,NOK,0.02507004467676799,0.0038171345028872802,0.0009602262269929314,usrente
1999-11,NOK,0.009355473302259387,0.00022217846643229856,0.0011220370890719586,usrente
1999-12,NOK,0.001596468154037467,0.004962326300706143,0.0011769266638265415,usrente
2000-01,NOK,0.02623524695533641,0.006741098891667719,0.0011797050842915146,usrente
2000-02,NOK,0.02073671383537956,-0.0005540606728733917,0.0013445441755483888,usrente
2000-03,NOK,0.025498528870885107,-0.002131704927441107,0.00147129038247539,usrente
2000-04,NOK,0.04820932927474075,-0.0019055486931134722,0.0016273114116209077,usrente
2000-05,NOK,-0.04202716154857944,0.007744322343656879,0.0019278405591249066,usrente
2000-06,NOK,0.004345034193508734,-0.0015983920003015094,0.0016460777251011609,usrente
2000-07,NOK,0.026496788116882275,0.0013318884247122064,0.0016632685306324192,usrente
2000-08,NOK,0.030850860555455384,-0.00014650886073088246,0.0018204427052289373,usrente
2000-09,NOK,0.015720941639618236,0.0018906271771139016,0.0020030239495699843,usrente
2000-10,NOK,-0.0028828002326211077,0.0017084336114001233,0.0020887609351327857,usrente
2000-11,NOK,-0.03158728995037974,0.002038353950718017,0.002057881673221271,usrente
2000-12,NOK,-0.03137569413175445,-0.002304866235332129,0.0018501954286311412,usrente
2001-01,NOK,0.015401695432672557,0.0010302056483212333,0.0016463556153772417,usrente
2001-02,NOK,0.0075849759587725,0.0013290055659078955,0.0017302296386534329,usrente
2001-03,NOK,0.011738223826239569,-0.00017292200081652984,0.0017657129496844574,usrente
2001-04,NOK,0.005046637150782907,0.004560678263979062,0.001825788316410693,usrente
2001-05,NOK,0.017723383322886477,0.004567267943282572,0.0018450748363769936,usrente
2001-06,NOK,-0.004828115855866955,0.0009934511590789577,0.0019395885773681215,usrente
2001-07,NOK,-0.034499253596731005,0.0016870447839201258,0.001899542989005784,usrente
2001-08,NOK,-0.01960337847030047,-0.0009526284966711392,0.001685432420854391,usrente
2001-09,NOK,0.007249207975910998,-0.0008485966773119616,0.0015609364507306784,usrente
2001-10,NOK,0.010888214535053287,0.00010434045478539366,0.0015940077968073082,usrente
2001-11,NOK,0.004658992053923505,0.0027525269580746274,0.0016477315351786721,usrente
2001-12,NOK,-0.00032330529777624406,0.0066208846784167625,0.0016650376301139873,usrente
2002-01,NOK,-0.0021431449913955625,0.0013430576947952703,0.0016536756705260432,usrente
2002-02,NOK,-0.01599457404272764,0.0004906441610186912,0.001632102825856034,usrente
2002-03,NOK,-0.02262202180048467,0.005668794934415549,0.0015325170808357872,usrente
2002-04,NOK,-0.04820382243151711,0.0009089406335380813,0.0013968174241991555,usrente
2002-05,NOK,-0.056625165355026486,0.0008172497249442796,0.0011197188775191763,usrente
2002-06,NOK,-0.03730388455336975,-0.0012941377594978777,0.0007989139651161449,usrente
2002-07,NOK,0.017886051592978625,-0.002179267127722725,0.0005884012661189853,usrente
2002-08,NOK,-0.013557734479764605,-0.0030579101334642913,0.0006834433008819503,usrente
2002-09,NOK,-0.0019347398473632538,-0.0032490119696631644,0.0006056226572718599,usrente
2002-10,NOK,-0.023185528225874608,0.0015954190195055702,0.0005918163393118864,usrente
2002-11,NOK,-0.022113481767883414,0.0018507741188728984,0.0004632901524730405,usrente
2002-12,NOK,-0.0343898276398642,0.0003868797992767196,0.0003419096582775757,usrente
2003-01,NOK,0.012447876013978565,0.000598565001126536,0.0001561784427794913,usrente
2003-02,NOK,0.03861397037601044,-0.0010348936864401348,0.00022155981283906084,usrente
2003-03,NOK,-0.01005588892559972,-0.00019544902715300954,0.00042469426026324806,usrente
2003-04,NOK,-0.05547267684484547,0.0020500636922521436,0.0003695332961271272,usrente
2003-05,NOK,0.028185143828343806,-0.003087647271944066,7.716570376601409e-05,usrente
2003-06,NOK,0.03959487123339844,-0.0014029482152472079,0.00022356142316485675,usrente
2003-07,NOK,0.015943746797177916,0.005041217661480482,0.0004275578470520774,usrente
2003-08,NOK,-0.017892877855008704,0.004190247627601003,0.0005075382024650972,usrente
2003-09,NOK,-0.034256002981195355,-0.0006218530548695828,0.00041317709447805204,usrente
2003-10,NOK,-0.003946295679487344,0.0005304153609154404,0.0002362935226633918,usrente
2003-11,NOK,-0.04266512865493666,0.00043738482185612165,0.00021506210539359115,usrente
2003-12,NOK,0.014625570327396975,-5.7858979394943876e-05,-1.5045146080767859e-06,usrente
2004-01,NOK,0.02021503896484278,-0.0005991552355795087,7.199837404521494e-05,usrente
2004-02,NOK,0.0012939774353057931,-0.00014500535342394145,0.00017271357699920277,usrente
2004-03,NOK,-0.004824978214348574,-0.0013354534249486614,0.00017829200415495693,usrente
2004-04,NOK,-0.01212875549091974,0.003808217156063981,0.00015352333970691966,usrente
2004-05,NOK,-0.0021798453480890156,0.002440614340787255,9.301950310284744e-05,usrente
2004-06,NOK,0.012328674042014987,0.0002521173320818164,8.187800873425987e-05,usrente
2004-07,NOK,-0.011011420763318291,-0.001100587306384165,0.0001416184771892878,usrente
2004-08,NOK,0.0006872098819268313,-0.0011239690931897242,8.747751000235781e-05,usrente
2004-09,NOK,-0.038850108309080644,-0.0006875147780011302,9.037476783774174e-05,usrente
2004-10,NOK,-0.04839515945462436,-0.00015121426720737783,-9.683909310898127e-05,usrente
2004-11,NOK,-0.021684780210363908,0.0003927894353607578,-0.00032793153503010746,usrente
2004-12,NOK,0.021238109494964297,-4.7500974809238066e-05,-0.0004296308144364589,usrente
2005-01,NOK,0.02034311104227804,-0.0002584648747100641,-0.0003269401020696307,usrente
2005-02,NOK,-0.029254283258810743,-0.00041640906487943404,-0.00022943986082270772,usrente
2005-03,NOK,0.016461737022872347,0.0018977080713239096,-0.00036570673123579705,usrente
2005-04,NOK,0.00802824434541849,-0.0012531278599884036,-0.000287073816496974,usrente
2005-05,NOK,0.019908583383640988,-0.0014655520865000061,-0.0002483979180694602,usrente
2005-06,NOK,0.012959276829434208,-0.0009244756226618355,-0.00015507856019117107,usrente
2005-07,NOK,-0.021760366871454107,0.001176557532813314,-9.464374272745966e-05,usrente
2005-08,NOK,-0.00837778014888868,0.00040281623284625466,-0.00019402779377666445,usrente
2005-09,NOK,0.01974733183407995,-0.0004673732735693743,-0.0002313965259917878,usrente
2005-10,NOK,0.019711365025971705,0.0014878149772538129,-0.0001405841243550981,usrente
2005-11,NOK,0.012616056169928225,0.000563454090505737,-5.0756300145474555e-05,usrente
2005-12,NOK,-0.014304252763390313,-0.00031982293827696235,6.3014136836862535e-06,usrente
2006-01,NOK,0.018518909364344527,-0.00025808491057936907,-5.787147500274423e-05,usrente
2006-02,NOK,-0.01806643431816446,0.0010917053065653203,2.506058231577037e-05,usrente
2006-03,NOK,-0.03678268450082123,0.0009637970109040675,-5.5346061686363986e-05,usrente
2006-04,NOK,-0.046134203103712856,0.0013818125651420834,-0.00021785640876218198,usrente
2006-05,NOK,0.016733393449359868,0.0001921577475214853,-0.00042013106380601756,usrente
2006-06,NOK,0.008774026308464578,-0.00027306591191197374,-0.00034489630716932505,usrente
2006-07,NOK,-0.0031030095275663694,-0.000327194780129683,-0.00030507568439363115,usrente
2006-08,NOK,0.040576542038911256,-0.0012305751352803956,-0.0003172406141465561,usrente
2006-09,NOK,0.02405909403426243,-0.0007239919772233432,-0.00014021125201210672,usrente
2006-10,NOK,-0.03982698480858393,6.531405953191685e-05,-3.5903901640233705e-05,usrente
2006-11,NOK,-0.03441846050776287,-0.0006258993895260381,-0.0002066810729146702,usrente
2006-12,NOK,0.02916959811194708,-0.00044423703206804006,-0.0003528852585336796,usrente
2007-01,NOK,-0.028619818818309994,0.0006293102543151253,-0.00022725766972312315,usrente
2007-02,NOK,-0.007447645591501573,-0.0004293329661015428,-0.00034756513221713534,usrente
2007-03,NOK,-0.02144955854819708,-0.0008750418272094184,-0.00037752327761495993,usrente
2007-04,NOK,0.0020279599363628442,7.68496939196568e-05,-0.00046606124093673355,usrente
2007-05,NOK,-0.003993349732724694,-0.00017179819262264662,-0.0004556260058852709,usrente
2007-06,NOK,-0.0369012977089882,0.0008813831148749753,-0.0004703665214137685,usrente
2007-07,NOK,0.01178011713775784,-0.0008469516415367526,-0.0006215322109887661,usrente
2007-08,NOK,-0.038977290686920796,-0.0013757336308082339,-0.00057028572607659,usrente
2007-09,NOK,-0.040502820253210725,-0.0011901516684714676,-0.0007283392444339737,usrente
2007-10,NOK,0.0024588888233634254,-0.0007883437196698012,-0.0008913494125027308,usrente
2007-11,NOK,0.015464414599606346,-0.0022785485940789935,-0.0008776749707236853,usrente
2007-12,NOK,-0.01847877670047282,-0.000918760458586783,-0.0008112437123077096,usrente
2008-01,NOK,-0.0026334349998871076,-0.0020499672726256185,-0.0008827721859440055,usrente
2008-02,NOK,-0.04473625795434599,-0.0008224718935202821,-0.0008898313101937762,usrente
2008-03,NOK,-0.018699827505588296,-0.0017743356600088893,-0.0010659213770377609,usrente
2008-04,NOK,0.0005934013941037986,-0.0004817194492713619,-0.001136457001551963,usrente
2008-05,NOK,0.015306120915356436,-0.00029268579439969934,-0.0011295651354338125,usrente
2008-06,NOK,-0.005722168939835015,-0.00013156634630501023,-0.0010643441590417878,usrente
2008-07,NOK,0.04355553416685609,-0.0013576676467316447,-0.001082754533669429,usrente
2008-08,NOK,0.06579637851905851,-0.0012709847324344058,-0.0009070132395728719,usrente
2008-09,NOK,0.13165764485644837,-0.0012032097393510429,-0.0006454313111076507,usrente
2008-10,NOK,0.06432879665512492,5.4747865410254454e-05,-0.00012862241982813504,usrente
2008-11,NOK,0.012463499187371108,-0.00039208288339868925,0.00012218465828452277,usrente
2008-12,NOK,-0.008488152591218823,-0.0017105568371304828,0.00017001921072284286,usrente
2009-01,NOK,-0.012381193192457562,0.0004113068406424783,0.00013658997596631132,usrente
2009-02,NOK,-0.0125216735096505,0.0008770160587456956,8.844465608775797e-05,usrente
2009-03,NOK,-0.019314352151543757,-9.77147069357053e-06,4.013002710025507e-05,usrente
2009-04,NOK,-0.03133148599906943,0.00020633128222502677,-3.374204228388238e-05,usrente
2009-05,NOK,-0.00917316176273597,0.0004360177010686546,-0.00015274487101690727,usrente
2009-06,NOK,-0.0054753394136968225,0.0003999037346967298,-0.00018691311681887343,usrente
2009-07,NOK,-0.04605266921034956,-0.00036727860134507206,-0.00020686944246746947,usrente
2009-08,NOK,-0.02838693334554221,-0.0003033332317483406,-0.0003792220731737931,usrente
2009-09,NOK,-0.04467364443814037,-0.0007341978090333321,-0.0004841198682013902,usrente
2009-10,NOK,3.5442768792748325e-05,-0.0006306574316366934,-0.0006490061539101178,usrente
2009-11,NOK,0.022394880102477366,-0.0005892961699476488,-0.0006464617341231182,usrente
2009-12,NOK,-0.005316666159440819,-0.00014515773099597489,-0.0005611234310245979,usrente
2010-01,NOK,0.030538295678014693,-0.00027459716820712814,-0.0005786715591737352,usrente
2010-02,NOK,0.0003716655728422946,-0.0005134698514739272,-0.00046427094433113073,usrente
2010-03,NOK,-0.0005913510854662629,-0.00033187196566239214,-0.00046120890580668596,usrente
2010-04,NOK,0.06070315747439792,-0.00015462334289446093,-0.0004616838772652976,usrente
2010-05,NOK,0.029092960941664803,-0.0013797008826608441,-0.0002392662723501586,usrente
2010-06,NOK,-0.032901578748167015,-0.0005292266621696693,-0.00013299008679213336,usrente
2010-07,NOK,-0.018564111767078062,-0.000656935458824352,-0.00025128824080431704,usrente
2010-08,NOK,-0.017225965681594735,-0.0010625231870375694,-0.00031716170672616505,usrente
2010-09,NOK,-0.0355228376434944,-0.00046031252221112725,-0.00037776673889415276,usrente
2010-10,NOK,0.022430942068704773,-0.0007630086527598075,-0.000503284849267725,usrente
2010-11,NOK,0.003147025480155774,0.00025458344194261186,-0.00042166838336746705,usrente
2010-12,NOK,-0.02148840220407844,0.001156510126996245,-0.00040901344058901586,usrente
2011-01,NOK,-0.021436789119852584,-0.00023636411980169388,-0.00048349891325152265,usrente
2011-02,NOK,-0.024835245626998015,-0.00015583834802861856,-0.0005572781041198363,usrente
2011-03,NOK,-0.03453512549418769,-0.0008882430378692281,-0.0006424639550773035,usrente
2011-04,NOK,0.013807777677540267,-0.0006489679893392062,-0.0007609697646546125,usrente
2011-05,NOK,-0.007330604978510014,-0.0012280080675289165,-0.0007102075784448743,usrente
2011-06,NOK,0.0024984397755987153,-0.0010464506129685442,-0.0007331950694173228,usrente
2011-07,NOK,-0.0027375884076126233,-0.0006824009227171592,-0.0007220129419259178,usrente
2011-08,NOK,0.03443066795044181,-0.0021162790045934216,-0.0007289632021524236,usrente
2011-09,NOK,0.0026273292704772633,-0.0007796140376937032,-0.0006081397274012407,usrente
2011-10,NOK,0.01757360048889156,-0.0004977527602054412,-0.0005970593541208349,usrente
2011-11,NOK,0.02591339750489219,-0.0006198145228995687,-0.0005350434502197687,usrente
2011-12,NOK,0.008653380119627796,-0.00044913069198790356,-0.0004450827666989797,usrente
2012-01,NOK,-0.0399466092931271,-0.00040760322155380127,-0.00041424051962668556,usrente
2012-02,NOK,-0.0004029044207571886,-0.0005365058929514513,-0.0005477958195371599,usrente
2012-03,NOK,0.007801427062560373,-0.0004353599954938767,-0.000547307969709618,usrente
2012-04,NOK,0.027943397933269054,-0.0005793116073015125,-0.0005192920803395845,usrente
2012-05,NOK,0.01668144334156918,-0.0005260041730169273,-0.00042409913715025783,usrente
2012-06,NOK,0.009004000053954186,-0.0004015797931234222,-0.00036708066222119307,usrente
2012-07,NOK,-0.02803812679244322,-0.00034487354732929895,-0.00033594750369569346,usrente
2012-08,NOK,-0.02652994304662304,-0.00038592832139151107,-0.0004276765741882349,usrente
2012-09,NOK,-0.006792116556322503,-0.0005151614954026568,-0.0005138226681566666,usrente
2012-10,NOK,0.001785433441790829,-0.0005367970028718751,-0.000534474950683528,usrente
2012-11,NOK,-0.019014899859473244,-0.0005239987364335515,-0.0005268686936590218,usrente
2012-12,NOK,-0.010806266282303856,-0.00058304662981519,-0.0005872870961616827,usrente
2013-01,NOK,0.0026631174194837737,-0.0006224847933613564,-0.0006205736733152403,usrente
2013-02,NOK,0.03804643834733934,-0.0006070513426908792,-0.0006099123385983604,usrente
2013-03,NOK,0.0022291159298137853,-0.0004844683159158059,-0.00048481088006781763,usrente
2013-04,NOK,0.004598025959097196,-0.0005180963428273416,-0.00047605627745529635,usrente
2013-05,NOK,0.009524614372889095,-0.0004246011927673042,-0.0004597409004888896,usrente
2013-06,NOK,0.024991847344342455,-0.000313259138781232,-0.0004277397617921653,usrente
2013-07,NOK,-0.009489493589846854,-8.98402108437077e-05,-0.0003465270234339077,usrente
2013-08,NOK,-0.0002513847121057289,-0.00025097295711199385,-0.0003756447513524203,usrente
2013-09,NOK,-0.0028702612170432573,-0.00031358748034599523,-0.00037525027503735144,usrente
2013-10,NOK,0.02268537708864149,-0.0005003651151560986,-0.00038314587928420555,usrente
2013-11,NOK,0.007954345611183022,-0.0002558194298825754,-0.00031037451345478697,usrente
2013-12,NOK,0.004554186330104404,-0.00018239139571028172,-0.000284384827528253,usrente
2014-01,NOK,-0.007738148395860733,-0.0002817377683151995,-0.0002692168928648277,usrente
2014-02,NOK,-0.019686520409030184,-0.0003685805682802496,-0.00029255730381168993,usrente
2014-03,NOK,-0.0027558579385835724,-0.0003325741931074633,-0.00035297463435754196,usrente
2014-04,NOK,-0.006729398858292379,-0.00035450849803830685,-0.00036043700486756064,usrente
2014-05,NOK,0.017492476135463786,-0.00047395079862416024,-0.00038015515302057865,usrente
2014-06,NOK,0.025403844291664646,-0.00029099679099529906,-0.00032499271077217015,usrente
2014-07,NOK,-0.0009198964554857358,-0.00027338231718942714,-0.00024582705845697993,usrente
2014-08,NOK,0.0253480812000646,-0.0003153494080449488,-0.000247894755993878,usrente
2014-09,NOK,0.032142166743815315,-0.00010261160905691247,-0.00016961960016495295,usrente
2014-10,NOK,0.03725466354483209,-0.00023017528747589834,-7.110805643330581e-05,usrente
2014-11,NOK,0.06650090633968175,5.7591041280325144e-05,4.234413688361029e-05,usrente
2014-12,NOK,0.05471937053000553,0.00019402724715862114,0.00024373371931633194,usrente
2015-01,NOK,-0.013147918012998083,0.00035072207666818117,0.00040831268249061955,usrente
2015-02,NOK,0.052523736250284614,0.00041774307489091675,0.0003674806623234849,usrente
2015-03,NOK,-0.014843461421820692,0.0005852473647881802,0.0005241060544795243,usrente
2015-04,NOK,-0.04241060261512963,0.00042211855130870076,0.0004780953734127572,usrente
2015-05,NOK,0.03395850143342827,0.0005984465620019241,0.0003500694092678545,usrente
2015-06,NOK,0.03946146577964482,0.0007011836584863836,0.0004500945045778558,usrente
2015-07,NOK,0.015496802347727545,0.0005275790013816879,0.0005658552502011999,usrente
2015-08,NOK,0.003882231895560917,0.0003779369266441074,0.0006100296498980234,usrente
2015-09,NOK,-0.0017517899916148494,0.0006527583084445926,0.000619682163897029,usrente
2015-10,NOK,0.04369862692454296,0.00047177767414311996,0.0006127072457925822,usrente
2015-11,NOK,0.006656500799157694,0.0010624570629150282,0.0007390589164047535,usrente
2015-12,NOK,0.013964203734559533,0.0007540543759078492,0.0007563613780502299,usrente
2016-01,NOK,-0.023715982362753074,0.0005833791843689162,0.0007948682070779539,usrente
2016-02,NOK,-0.016070008338248343,0.00020436181625114948,0.0007236157344912357,usrente
2016-03,NOK,-0.032034195189567516,0.0009400299709208547,0.0006749385632659036,usrente
2016-04,NOK,0.0022756184105645616,0.0004708055481099499,0.0005804034946160961,usrente
2016-05,NOK,0.009617028993251342,0.0006206262660145036,0.0005852888401951982,usrente
2016-06,NOK,0.0206251837942113,0.0003384811377375731,0.0006112421164970837,usrente
2016-07,NOK,-0.021287543142338716,0.0004709240004775448,0.0006685886542555771,usrente
2016-08,NOK,-0.012754316173323677,0.0007495204283853636,0.0006058568491224506,usrente
2016-09,NOK,-0.002871476016739205,0.0007236268609626573,0.0005677936781183306,usrente
2016-10,NOK,0.02924202591446834,0.0008145682107690286,0.0005580230255761217,usrente
2016-11,NOK,0.017318592183108716,0.0014154446684772224,0.0006392808241282243,usrente
2016-12,NOK,-0.012304267766408472,0.0015278778152944027,0.0006863975228824065,usrente
2017-01,NOK,-0.016151973755440974,0.0005637302773741402,0.0006498040995322913,usrente
2017-02,NOK,0.02196453838657897,0.0006177031638988487,0.0006026080943216923,usrente
2017-03,NOK,0.009267668340497082,0.0008217229056649385,0.0006624454340759143,usrente
2017-04,NOK,-0.009314693416627495,0.0003453630400741655,0.0006864823695687109,usrente
2017-05,NOK,-0.0054817912378593014,0.0006969091730456984,0.0006586239411949053,usrente
2017-06,NOK,-0.03759166509612655,0.0004406801095098471,0.0006415672323641992,usrente
2017-07,NOK,-0.032280581305735634,0.000884392742813947,0.000535658001537355,usrente
2017-08,NOK,-0.006396786550030065,0.0002505906278777799,0.00044500540676588264,usrente
2017-09,NOK,0.02005725518441137,0.000442424250460374,0.00042615749503917207,usrente
2017-10,NOK,0.024408929404628577,0.0008601155200755162,0.00048008908209788687,usrente
2017-11,NOK,0.014922396035867092,0.000562471005468566,0.0005456475487349572,usrente
2017-12,NOK,-0.05104148824657884,0.0007437755164953468,0.0005849282823063565,usrente
2018-01,NOK,-0.008194007722214458,0.0008740783684306355,0.00044425684762274567,usrente
2018-02,NOK,-0.008866396747427618,0.0010396690524739688,0.00042078330259601415,usrente
2018-03,NOK,0.009848132713824231,0.00038707481484064434,0.00039561479297535386,usrente
2018-04,NOK,0.03126313040669437,0.0005092089268559938,0.0004211621387073779,usrente
2018-05,NOK,0.0017400215414018483,0.0007558667870780488,0.0005042941286480436,usrente
2018-06,NOK,0.0024998319783136047,0.00039725269594706784,0.0005076159765317904,usrente
2018-07,NOK,0.025392214553501713,0.0005034943528184049,0.0005129570381987657,usrente
2018-08,NOK,-0.0112624937918544,0.0006100560024506879,0.0005794791171166881,usrente
2018-09,NOK,0.0009817647098775417,0.0007971161866736886,0.0005479005226927652,usrente
2018-10,NOK,0.02691656563374112,0.000877395744916734,0.0005490544168076184,usrente
2018-11,NOK,0.017140604377760216,0.0005845989848683506,0.0006189947648631448,usrente
2018-12,NOK,-0.009165134407116415,5.579712999013108e-05,0.000662702726802026,usrente
2019-01,NOK,0.004424191981549086,0.00039206778406123403,0.0006367717581109483,usrente
2019-02,NOK,0.0025243285258422787,0.0006132466528064035,0.0006467386534357855,usrente
2019-03,NOK,-0.005230216646246788,0.0004332798604999328,0.0006516667108436765,usrente
2019-04,NOK,0.020392591534262205,0.0005796555983727239,0.0006362691104324449,usrente
2019-05,NOK,-0.01218095145810194,0.0004236003252720919,0.00068785219770093,usrente
2019-06,NOK,-0.0015418058408567248,-9.590676752239296e-05,0.00065433968818061,usrente
2019-07,NOK,0.03938981253883611,0.0006655036051498004,0.0006486354140792143,usrente
2019-08,NOK,0.004384800472634787,-0.0002539573160554419,0.0007490011579257348,usrente
2019-09,NOK,0.016246550506506807,0.0009634805137367659,0.0007583959881963009,usrente
2019-10,NOK,-0.00030596411716699023,0.0008650244888319565,0.0007983139122125651,usrente
2019-11,NOK,-0.013866184531726944,0.001077714165130342,0.0007954751512115893,usrente
2019-12,NOK,-0.006950071066188279,0.0009134295076073321,0.0007578811520245674,usrente
2020-01,NOK,0.0366143039543676,0.0005495846501899896,0.0007381677192414143,usrente
2020-02,NOK,0.09677898841333432,0.00031412634722841027,0.0008296884749432669,usrente
2020-03,NOK,0.017386523292970413,0.0005073302878563235,0.0010738342763132187,usrente
2020-04,NOK,-0.03191495730653271,0.001037953019557308,0.0011152370403148867,usrente
2020-05,NOK,-0.057043018532213274,0.0010533409745404837,0.001031616295132994,usrente
2020-06,NOK,-0.027145792259523294,0.000935650559800467,0.0008849631768821196,usrente
2020-07,NOK,-0.036832027329259276,0.0007674504935783452,0.0008143567400145996,usrente
2020-08,NOK,0.024293766129784178,0.000754342763306067,0.0007197678353179316,usrente
2020-09,NOK,0.014465759871430617,0.0008162939904418423,0.0007788505378103283,usrente
2020-10,NOK,-0.021277745472437548,0.0009148293756651516,0.000813067811144379,usrente
2020-11,NOK,-0.044124639658850384,0.0008215962085826753,0.0007579785012102595,usrente
2020-12,NOK,-0.022943846837267134,0.0006792382880352244,0.0006463301973295116,usrente
2021-01,NOK,-0.00015278030809096066,0.0006421321397853632,0.0005877937778888252,usrente
2021-02,NOK,0.0005170084129026975,0.0006484715801338276,0.0005859606737156079,usrente
2021-03,NOK,-0.014447134431204933,0.0007011653629713337,0.0005857904212197735,usrente
2021-04,NOK,-0.009977385303468811,0.0005505016095287975,0.0005487635127162644,usrente
2021-05,NOK,0.013843285191836863,0.0005228658789937427,0.0005229007392121241,usrente
2021-06,NOK,0.04302350857616366,0.0005547012071546806,0.0005555487403214984,usrente
2021-07,NOK,0.006212608409356335,0.0006893846954312633,0.0006593823829519194,usrente
2021-08,NOK,-0.02169565004867291,0.0006776858885576227,0.000672926836674857,usrente
2021-09,NOK,-0.023713107938198696,0.000598058952215385,0.0006185020753966386,usrente
2021-10,NOK,0.03286459568139399,0.0004867902631955842,0.0005594447695383975,usrente
2021-11,NOK,0.027452483047013754,0.0006375335559119089,0.0006376654739254571,usrente
2021-12,NOK,-0.014998738698603908,0.0006990873457423442,0.000702435564681709,usrente
2022-01,NOK,0.0010167309589248497,0.0006977824913282754,0.0006646014098304183,usrente
2022-02,NOK,-0.0025324483303355017,0.0006858776127483555,0.0006654478750926646,usrente
2022-03,NOK,0.008633666108482707,0.0006750949245798075,0.0006577790592523093,usrente
2022-04,NOK,0.0759475852086342,0.000781211787429453,0.0006768601287480757,usrente
2022-05,NOK,0.013852454031896944,0.0012589569903231862,0.000856503864022267,usrente
2022-06,NOK,0.026313178172786778,0.0015348935705140818,0.0008874466025172067,usrente
2022-07,NOK,-0.030177917282675715,0.0003001890310714917,0.0009478402642043078,usrente
2022-08,NOK,0.05880195365643104,0.0009171434172579267,0.000874082544898905,usrente
2022-09,NOK,0.02332204209605937,0.0030507199404582134,0.0010110278666755766,usrente
2022-10,NOK,-0.03645864840263435,0.0028665741180785246,0.001063648183254312,usrente
2022-11,NOK,-0.028319593597271098,0.0007410951912825892,0.0009753604265816327,usrente
2022-12,NOK,0.006999665485538653,0.00011230735792144386,0.0009065929288730583,usrente
2023-01,NOK,0.028964850623085958,0.0006870563156084568,0.0009208624196380831,usrente
2023-02,NOK,0.02795957657202086,0.0016549743426170114,0.0009863857565620268,usrente
2023-03,NOK,-0.002681068708724421,0.0008003610716055521,0.001049260327227432,usrente
2023-04,NOK,0.028474680421683995,0.00044187630399666075,0.0010405851434228928,usrente
2023-05,NOK,-0.0010275923307134782,0.0014620347143914744,0.0011042373366439162,usrente
2023-06,NOK,-0.05351677773779828,0.0016589836874115502,0.0010993025457472555,usrente
2023-07,NOK,0.022646122840636274,0.0013659280495087929,0.0009731684111432243,usrente
2023-08,NOK,0.024207402063110006,0.0017513382392338299,0.0010231060941604895,usrente
2023-09,NOK,0.02738007346190985,0.0017106391193016262,0.001076403326273017,usrente
2023-10,NOK,-0.01069899613979075,0.0024847350809013057,0.0011367328449327346,usrente
2023-11,NOK,-0.033161583450118215,0.00027024702127899445,0.0011096487969127723,usrente
2023-12,NOK,-0.012956342096771323,-0.0005305501672705447,0.0010314039744309664,usrente
2024-01,NOK,0.013600720862150695,0.0011801172649380728,0.0009995412271161547,usrente
2024-02,NOK,0.005281494493213579,0.0016064925583779215,0.0010281802717412333,usrente
2024-03,NOK,0.027299898280988888,0.0010740718858829848,0.001037824975191284,usrente
2024-04,NOK,-0.014919376413928376,0.002336222342322244,0.001097241430634265,usrente
2024-05,NOK,-0.012069604422558555,0.0008890640870176827,0.0010610865370799475,usrente
2024-06,NOK,0.017897548570012134,0.0004828074655882749,0.0010315129087924734,usrente
2024-07,NOK,-0.010894600503038365,0.00090375248945372,0.0010694141125255512,usrente
2024-08,NOK,-0.006324918094675613,-0.00018553506533479846,0.0010425889676476054,usrente
2024-09,NOK,0.019945486733257578,0.0005498036701824511,0.0010261068489399471,usrente
2024-10,NOK,0.019835919870237806,0.002357754756120734,0.001068337607610299,usrente
2024-11,NOK,0.014968336537194205,0.0020811635128434934,0.0011101362318032334,usrente
2024-12,NOK,0.010029391639306606,0.0012887218330438013,0.0011409322324818798,usrente
2025-01,NOK,-0.012438622832579238,0.0020986553524726054,0.0011606405681954602,usrente
1997-06,NOK,0.031409060771632635,-0.001399147850766757,0.000609123088738021,alle fire
1997-07,NOK,0.022273403852472118,-0.008874380394865199,0.0008636680282660756,alle fire
1997-08,NOK,-0.043107349547788054,0.0013119032098532894,0.001039157666169404,alle fire
1997-09,NOK,-0.03061115831619743,-0.0016513354645486306,0.0006802429733730017,alle fire
1997-10,NOK,-0.0030977074878626443,-0.008047434500665878,0.0004278929629732402,alle fire
1997-11,NOK,0.028517901237090193,8.825105967676301e-05,0.0003996881593665531,alle fire
1997-12,NOK,0.03220338289628244,0.005252767604754526,0.000622848580618328,alle fire
1998-01,NOK,0.0069484858109971626,0.0034375961718650485,0.0008715142051511164,alle fire
1998-02,NOK,0.004003625783482789,0.004237946433995043,0.0009189905458217885,alle fire
1998-03,NOK,-0.006854235954060872,0.0037317632497470255,0.0009429024468889281,alle fire
1998-04,NOK,-0.010356839809432916,-0.005650695884443977,0.0008829244591893143,alle fire
1998-05,NOK,0.016577905538274873,-0.007430367935284989,0.0007971247319479231,alle fire
1998-06,NOK,0.00606457121148507,0.0036123909319107283,0.0009166761016928242,alle fire
1998-07,NOK,0.013056070379961149,-0.005346922326053149,0.0009553820799619389,alle fire
1998-08,NOK,-0.022041046180460544,-0.006642920053842045,0.0010456857239917838,alle fire
1998-09,NOK,-0.016949784532859447,-0.019760994554305775,0.0008746728950699147,alle fire
1998-10,NOK,0.0036007992901661012,-0.003977653762267144,0.0007436107080998458,alle fire
1998-11,NOK,0.01976002465338933,0.010919498134230795,0.0007644660992098185,alle fire
1998-12,NOK,-0.020162455340135832,0.0008534175991358122,0.0009021150742401048,alle fire
1999-01,NOK,0.03568889419514765,-0.011478866613272437,0.0007505714021942347,alle fire
1999-02,NOK,0.011725395130615102,0.0045582129712323245,0.0010001308507153305,alle fire
1999-03,NOK,-0.005144301631585524,-0.011674045104799784,0.001076196554828095,alle fire
1999-04,NOK,-0.00327222893525958,-0.015725533351559632,0.001032390229571661,alle fire
1999-05,NOK,0.016039257088334757,0.003153178280646377,0.0010022879976497642,alle fire
1999-06,NOK,0.003549294501659528,0.0008036206950898886,0.0011067113941128544,alle fire
1999-07,NOK,-0.012644615039063112,-0.014949591317568636,0.0011235567948545556,alle fire
1999-08,NOK,0.004156095932964288,-0.0038476316124552994,0.0010292542480469004,alle fire
1999-09,NOK,-0.012313734552857891,-0.008478385654645986,0.0010505252799170868,alle fire
1999-10,NOK,0.02507004467676799,0.0027149413733826753,0.0009602262269929314,alle fire
1999-11,NOK,0.009355473302259387,-0.008951920423333426,0.0011220370890719586,alle fire
1999-12,NOK,0.001596468154037467,0.0009136724757874345,0.0011769266638265415,alle fire
2000-01,NOK,0.02623524695533641,0.005605139350624456,0.0011797050842915146,alle fire
2000-02,NOK,0.02073671383537956,-0.008483937715245648,0.0013445441755483888,alle fire
2000-03,NOK,0.025498528870885107,-0.004821233833851092,0.00147129038247539,alle fire
2000-04,NOK,0.04820932927474075,0.005653082640525306,0.0016273114116209077,alle fire
2000-05,NOK,-0.04202716154857944,-0.0014794606311872563,0.0019278405591249066,alle fire
2000-06,NOK,0.004345034193508734,-0.008705429319746438,0.0016460777251011609,alle fire
2000-07,NOK,0.026496788116882275,0.0029065352147088575,0.0016632685306324192,alle fire
2000-08,NOK,0.030850860555455384,-0.003948382140545501,0.0018204427052289373,alle fire
2000-09,NOK,0.015720941639618236,-0.002301337901872456,0.0020030239495699843,alle fire
2000-10,NOK,-0.0028828002326211077,0.008329680153300722,0.0020887609351327857,alle fire
2000-11,NOK,-0.03158728995037974,0.0008249704643487825,0.002057881673221271,alle fire
2000-12,NOK,-0.03137569413175445,0.01092021546749073,0.0018501954286311412,alle fire
2001-01,NOK,0.015401695432672557,0.00027975041966904306,0.0016463556153772417,alle fire
2001-02,NOK,0.0075849759587725,-0.003319085794336959,0.0017302296386534329,alle fire
2001-03,NOK,0.011738223826239569,0.004468351706005031,0.0017657129496844574,alle fire
2001-04,NOK,0.005046637150782907,0.002279004031608522,0.001825788316410693,alle fire
2001-05,NOK,0.017723383322886477,-0.0010876148913962608,0.0018450748363769936,alle fire
2001-06,NOK,-0.004828115855866955,0.0012527362005602424,0.0019395885773681215,alle fire
2001-07,NOK,-0.034499253596731005,0.007729317331534317,0.001899542989005784,alle fire
2001-08,NOK,-0.01960337847030047,-0.005764202215544505,0.001685432420854391,alle fire
2001-09,NOK,0.007249207975910998,-0.00417516912491144,0.0015609364507306784,alle fire
2001-10,NOK,0.010888214535053287,0.007889071359213214,0.0015940077968073082,alle fire
2001-11,NOK,0.004658992053923505,0.005261739337430425,0.0016477315351786721,alle fire
2001-12,NOK,-0.00032330529777624406,0.006991349293410521,0.0016650376301139873,alle fire
2002-01,NOK,-0.0021431449913955625,-0.0017426546782363613,0.0016536756705260432,alle fire
2002-02,NOK,-0.01599457404272764,-0.0033953474676284073,0.001632102825856034,alle fire
2002-03,NOK,-0.02262202180048467,-0.0020691487818921515,0.0015325170808357872,alle fire
2002-04,NOK,-0.04820382243151711,-0.005431828211337276,0.0013968174241991555,alle fire
2002-05,NOK,-0.056625165355026486,-0.0011460081504482903,0.0011197188775191763,alle fire
2002-06,NOK,-0.03730388455336975,-0.004062806936465592,0.0007989139651161449,alle fire
2002-07,NOK,0.017886051592978625,-0.012497049615765077,0.0005884012661189853,alle fire
2002-08,NOK,-0.013557734479764605,-0.009642585417436822,0.0006834433008819503,alle fire
2002-09,NOK,-0.0019347398473632538,-0.010674118875480507,0.0006056226572718599,alle fire
2002-10,NOK,-0.023185528225874608,0.00046565900053667964,0.0005918163393118864,alle fire
2002-11,NOK,-0.022113481767883414,0.004218256692562436,0.0004632901524730405,alle fire
2002-12,NOK,-0.0343898276398642,-0.011761003856910526,0.0003419096582775757,alle fire
2003-01,NOK,0.012447876013978565,-0.010271394324744297,0.0001561784427794913,alle fire
2003-02,NOK,0.03861397037601044,-0.00905976129892,0.00022155981283906084,alle fire
2003-03,NOK,-0.01005588892559972,-0.00027211813771803686,0.00042469426026324806,alle fire
2003-04,NOK,-0.05547267684484547,0.009137428077675196,0.0003695332961271272,alle fire
2003-05,NOK,0.028185143828343806,-0.007627726000855159,7.716570376601409e-05,alle fire
2003-06,NOK,0.03959487123339844,-0.003489270970812945,0.00022356142316485675,alle fire
2003-07,NOK,0.015943746797177916,0.008330697996302342,0.0004275578470520774,alle fire
2003-08,NOK,-0.017892877855008704,0.005630040573652854,0.0005075382024650972,alle fire
2003-09,NOK,-0.034256002981195355,0.004678678038801938,0.00041317709447805204,alle fire
2003-10,NOK,-0.003946295679487344,-0.000157410000282057,0.0002362935226633918,alle fire
2003-11,NOK,-0.04266512865493666,0.003948072239254745,0.00021506210539359115,alle fire
2003-12,NOK,0.014625570327396975,0.0010319037202388848,-1.5045146080767859e-06,alle fire
2004-01,NOK,0.02021503896484278,0.0016678013045741493,7.199837404521494e-05,alle fire
2004-02,NOK,0.0012939774353057931,0.004048913118592783,0.00017271357699920277,alle fire
2004-03,NOK,-0.004824978214348574,-0.0016809022829154113,0.00017829200415495693,alle fire
2004-04,NOK,-0.01212875549091974,0.007180216855280973,0.00015352333970691966,alle fire
2004-05,NOK,-0.0021798453480890156,0.003997187632576561,9.301950310284744e-05,alle fire
2004-06,NOK,0.012328674042014987,0.005014165585569997,8.187800873425987e-05,alle fire
2004-07,NOK,-0.011011420763318291,-0.002011375094062561,0.0001416184771892878,alle fire
2004-08,NOK,0.0006872098819268313,-0.0037362104988245834,8.747751000235781e-05,alle fire
2004-09,NOK,-0.038850108309080644,0.0003289905288531522,9.037476783774174e-05,alle fire
2004-10,NOK,-0.04839515945462436,-0.0025293831669440745,-9.683909310898127e-05,alle fire
2004-11,NOK,-0.021684780210363908,0.005534253960398265,-0.00032793153503010746,alle fire
2004-12,NOK,0.021238109494964297,0.0031506383180153023,-0.0004296308144364589,alle fire
2005-01,NOK,0.02034311104227804,-0.0029943262990042136,-0.0003269401020696307,alle fire
2005-02,NOK,-0.029254283258810743,-0.00019422090015905804,-0.00022943986082270772,alle fire
2005-03,NOK,0.016461737022872347,-0.0024375806306132534,-0.00036570673123579705,alle fire
2005-04,NOK,0.00802824434541849,-0.00026456542605401425,-0.000287073816496974,alle fire
2005-05,NOK,0.019908583383640988,0.0011684236752147106,-0.0002483979180694602,alle fire
2005-06,NOK,0.012959276829434208,-0.0027518713140765984,-0.00015507856019117107,alle fire
2005-07,NOK,-0.021760366871454107,0.0011857681628093275,-9.464374272745966e-05,alle fire
2005-08,NOK,-0.00837778014888868,-0.0013624084317591944,-0.00019402779377666445,alle fire
2005-09,NOK,0.01974733183407995,0.0007801933670156375,-0.0002313965259917878,alle fire
2005-10,NOK,0.019711365025971705,0.006403888217376938,-0.0001405841243550981,alle fire
2005-11,NOK,0.012616056169928225,0.006834706212905163,-5.0756300145474555e-05,alle fire
2005-12,NOK,-0.014304252763390313,0.004087812688268644,6.3014136836862535e-06,alle fire
2006-01,NOK,0.018518909364344527,0.0005309917037966617,-5.787147500274423e-05,alle fire
2006-02,NOK,-0.01806643431816446,0.006246314500274276,2.506058231577037e-05,alle fire
2006-03,NOK,-0.03678268450082123,0.004294993690609638,-5.5346061686363986e-05,alle fire
2006-04,NOK,-0.046134203103712856,0.0005146182111539076,-0.00021785640876218198,alle fire
2006-05,NOK,0.016733393449359868,0.0016969553272194412,-0.00042013106380601756,alle fire
2006-06,NOK,0.008774026308464578,0.0011303022399354774,-0.00034489630716932505,alle fire
2006-07,NOK,-0.0031030095275663694,-0.002117704285121886,-0.00030507568439363115,alle fire
2006-08,NOK,0.040576542038911256,-0.0003222607569479424,-0.0003172406141465561,alle fire
2006-09,NOK,0.02405909403426243,0.006262853002117957,-0.00014021125201210672,alle fire
2006-10,NOK,-0.03982698480858393,0.0039399740432155056,-3.5903901640233705e-05,alle fire
2006-11,NOK,-0.03441846050776287,-0.0010229193064465565,-0.0002066810729146702,alle fire
2006-12,NOK,0.02916959811194708,-0.003061871590907857,-0.0003528852585336796,alle fire
2007-01,NOK,-0.028619818818309994,0.0058116049919901104,-0.00022725766972312315,alle fire
2007-02,NOK,-0.007447645591501573,-0.003306836208637196,-0.00034756513221713534,alle fire
2007-03,NOK,-0.02144955854819708,-0.0037377513300228347,-0.00037752327761495993,alle fire
2007-04,NOK,0.0020279599363628442,-0.002147807029444188,-0.00046606124093673355,alle fire
2007-05,NOK,-0.003993349732724694,0.001301843007576051,-0.0004556260058852709,alle fire
2007-06,NOK,-0.0369012977089882,0.00037992317148420856,-0.0004703665214137685,alle fire
2007-07,NOK,0.01178011713775784,-0.0034753558306157015,-0.0006215322109887661,alle fire
2007-08,NOK,-0.038977290686920796,0.0006920794527067289,-0.00057028572607659,alle fire
2007-09,NOK,-0.040502820253210725,-0.005478438044321334,-0.0007283392444339737,alle fire
2007-10,NOK,0.0024588888233634254,-0.006076125616164364,-0.0008913494125027308,alle fire
2007-11,NOK,0.015464414599606346,-0.008173639462114577,-0.0008776749707236853,alle fire
2007-12,NOK,-0.01847877670047282,-0.0014152388300301532,-0.0008112437123077096,alle fire
2008-01,NOK,-0.0026334349998871076,-0.004835060291536106,-0.0008827721859440055,alle fire
2008-02,NOK,-0.04473625795434599,-0.003020142190405933,-0.0008898313101937762,alle fire
2008-03,NOK,-0.018699827505588296,-0.006642025599836601,-0.0010659213770377609,alle fire
2008-04,NOK,0.0005934013941037986,-0.004040636353689743,-0.001136457001551963,alle fire
2008-05,NOK,0.015306120915356436,-0.0056589218440479105,-0.0011295651354338125,alle fire
2008-06,NOK,-0.005722168939835015,-0.0036315988109161296,-0.0010643441590417878,alle fire
2008-07,NOK,0.04355553416685609,-0.002376927015305247,-0.001082754533669429,alle fire
2008-08,NOK,0.06579637851905851,0.0026020768568428003,-0.0009070132395728719,alle fire
2008-09,NOK,0.13165764485644837,0.005285868331355833,-0.0006454313111076507,alle fire
2008-10,NOK,0.06432879665512492,0.01819282366744106,-0.00012862241982813504,alle fire
2008-11,NOK,0.012463499187371108,0.020754765536076174,0.00012218465828452277,alle fire
2008-12,NOK,-0.008488152591218823,0.014515090072410095,0.00017001921072284286,alle fire
2009-01,NOK,-0.012381193192457562,0.0026118935440866014,0.00013658997596631132,alle fire
2009-02,NOK,-0.0125216735096505,0.007462207286858045,8.844465608775797e-05,alle fire
2009-03,NOK,-0.019314352151543757,0.0022589709266941827,4.013002710025507e-05,alle fire
2009-04,NOK,-0.03133148599906943,0.0022904656925302564,-3.374204228388238e-05,alle fire
2009-05,NOK,-0.00917316176273597,-0.0009138399988134402,-0.00015274487101690727,alle fire
2009-06,NOK,-0.0054753394136968225,-0.0036834934361636967,-0.00018691311681887343,alle fire
2009-07,NOK,-0.04605266921034956,0.005639596570622884,-0.00020686944246746947,alle fire
2009-08,NOK,-0.02838693334554221,-0.0043783268877041455,-0.0003792220731737931,alle fire
2009-09,NOK,-0.04467364443814037,0.002920361899964191,-0.0004841198682013902,alle fire
2009-10,NOK,3.5442768792748325e-05,-0.004562179638182811,-0.0006490061539101178,alle fire
2009-11,NOK,0.022394880102477366,-0.0038628340351637685,-0.0006464617341231182,alle fire
2009-12,NOK,-0.005316666159440819,0.0017524652990371205,-0.0005611234310245979,alle fire
2010-01,NOK,0.030538295678014693,-0.0012819211968939023,-0.0005786715591737352,alle fire
2010-02,NOK,0.0003716655728422946,0.0008718557407436202,-0.00046427094433113073,alle fire
2010-03,NOK,-0.0005913510854662629,-0.0035397451492524324,-0.00046120890580668596,alle fire
2010-04,NOK,0.06070315747439792,-0.0032541313859203954,-0.0004616838772652976,alle fire
2010-05,NOK,0.029092960941664803,0.0021935175289002134,-0.0002392662723501586,alle fire
2010-06,NOK,-0.032901578748167015,-0.0008281967015048719,-0.00013299008679213336,alle fire
2010-07,NOK,-0.018564111767078062,-0.0020239526074647012,-0.00025128824080431704,alle fire
2010-08,NOK,-0.017225965681594735,-0.003338640259899391,-0.00031716170672616505,alle fire
2010-09,NOK,-0.0355228376434944,-0.001032540088381529,-0.00037776673889415276,alle fire
2010-10,NOK,0.022430942068704773,-0.003945829359851908,-0.000503284849267725,alle fire
2010-11,NOK,0.003147025480155774,-9.096557158229217e-05,-0.00042166838336746705,alle fire
2010-12,NOK,-0.02148840220407844,0.00024872773560677473,-0.00040901344058901586,alle fire
2011-01,NOK,-0.021436789119852584,-0.0021293062110204577,-0.00048349891325152265,alle fire
2011-02,NOK,-0.024835245626998015,-0.002369847896024341,-0.0005572781041198363,alle fire
2011-03,NOK,-0.03453512549418769,-0.006027495433417921,-0.0006424639550773035,alle fire
2011-04,NOK,0.013807777677540267,-0.0032719250072242726,-0.0007609697646546125,alle fire
2011-05,NOK,-0.007330604978510014,0.002003275202595402,-0.0007102075784448743,alle fire
2011-06,NOK,0.0024984397755987153,-0.0003717847143288292,-0.0007331950694173228,alle fire
2011-07,NOK,-0.0027375884076126233,-0.0011683580721695461,-0.0007220129419259178,alle fire
2011-08,NOK,0.03443066795044181,-0.0014537050368423551,-0.0007289632021524236,alle fire
2011-09,NOK,0.0026273292704772633,-0.0028330909302357117,-0.0006081397274012407,alle fire
2011-10,NOK,0.01757360048889156,0.0023910317936742804,-0.0005970593541208349,alle fire
2011-11,NOK,0.02591339750489219,-0.0013976836804714813,-0.0005350434502197687,alle fire
2011-12,NOK,0.008653380119627796,0.0010308568945354556,-0.0004450827666989797,alle fire
2012-01,NOK,-0.0399466092931271,-0.0016842183794037683,-0.00041424051962668556,alle fire
2012-02,NOK,-0.0004029044207571886,-0.0040665913993578546,-0.0005477958195371599,alle fire
2012-03,NOK,0.007801427062560373,-0.0017617015244603001,-0.000547307969709618,alle fire
2012-04,NOK,0.027943397933269054,0.0014221900128850479,-0.0005192920803395845,alle fire
2012-05,NOK,0.01668144334156918,0.0025604020328919624,-0.00042409913715025783,alle fire
2012-06,NOK,0.009004000053954186,0.006404582596746832,-0.00036708066222119307,alle fire
2012-07,NOK,-0.02803812679244322,-0.004975595966627069,-0.00033594750369569346,alle fire
2012-08,NOK,-0.02652994304662304,-0.005021416786499746,-0.0004276765741882349,alle fire
2012-09,NOK,-0.006792116556322503,0.00022429523133954952,-0.0005138226681566666,alle fire
2012-10,NOK,0.001785433441790829,0.0005443836620484623,-0.000534474950683528,alle fire
2012-11,NOK,-0.019014899859473244,0.0006805133433698486,-0.0005268686936590218,alle fire
2012-12,NOK,-0.010806266282303856,0.00024065900326716215,-0.0005872870961616827,alle fire
2013-01,NOK,0.0026631174194837737,-0.0005415229534763606,-0.0006205736733152403,alle fire
2013-02,NOK,0.03804643834733934,-0.0010580286630516192,-0.0006099123385983604,alle fire
2013-03,NOK,0.0022291159298137853,0.003365981563121639,-0.00048481088006781763,alle fire
2013-04,NOK,0.004598025959097196,0.001955098379266404,-0.00047605627745529635,alle fire
2013-05,NOK,0.009524614372889095,0.0006392357847829102,-0.0004597409004888896,alle fire
2013-06,NOK,0.024991847344342455,0.001726861802996308,-0.0004277397617921653,alle fire
2013-07,NOK,-0.009489493589846854,-0.001107932248459617,-0.0003465270234339077,alle fire
2013-08,NOK,-0.0002513847121057289,-0.0009565595346899522,-0.0003756447513524203,alle fire
2013-09,NOK,-0.0028702612170432573,-5.55195457197264e-05,-0.00037525027503735144,alle fire
2013-10,NOK,0.02268537708864149,-0.00018888595389527895,-0.00038314587928420555,alle fire
2013-11,NOK,0.007954345611183022,0.000744803924854582,-0.00031037451345478697,alle fire
2013-12,NOK,0.004554186330104404,-0.0010554806840672088,-0.000284384827528253,alle fire
2014-01,NOK,-0.007738148395860733,0.00044973873586161614,-0.0002692168928648277,alle fire
2014-02,NOK,-0.019686520409030184,-0.0018830094777247998,-0.00029255730381168993,alle fire
2014-03,NOK,-0.0027558579385835724,0.000382553325039428,-0.00035297463435754196,alle fire
2014-04,NOK,-0.006729398858292379,-0.0005860192193507246,-0.00036043700486756064,alle fire
2014-05,NOK,0.017492476135463786,-0.0021131695297665516,-0.00038015515302057865,alle fire
2014-06,NOK,0.025403844291664646,-0.001297115568350106,-0.00032499271077217015,alle fire
2014-07,NOK,-0.0009198964554857358,0.001705762752026014,-0.00024582705845697993,alle fire
2014-08,NOK,0.0253480812000646,0.0015061180393797385,-0.000247894755993878,alle fire
2014-09,NOK,0.032142166743815315,0.0025135145031349175,-0.00016961960016495295,alle fire
2014-10,NOK,0.03725466354483209,0.003736596306878374,-7.110805643330581e-05,alle fire
2014-11,NOK,0.06650090633968175,0.004972281478532283,4.234413688361029e-05,alle fire
2014-12,NOK,0.05471937053000553,0.013313105352971918,0.00024373371931633194,alle fire
2015-01,NOK,-0.013147918012998083,0.014911291632067947,0.00040831268249061955,alle fire
2015-02,NOK,0.052523736250284614,-0.011607039203451169,0.0003674806623234849,alle fire
2015-03,NOK,-0.014843461421820692,0.003622392921145833,0.0005241060544795243,alle fire
2015-04,NOK,-0.04241060261512963,-0.0035158554856528123,0.0004780953734127572,alle fire
2015-05,NOK,0.03395850143342827,-0.0028305351103023522,0.0003500694092678545,alle fire
2015-06,NOK,0.03946146577964482,0.003803321355599159,0.0004500945045778558,alle fire
2015-07,NOK,0.015496802347727545,0.005626191845234243,0.0005658552502011999,alle fire
2015-08,NOK,0.003882231895560917,0.011374653755426135,0.0006100296498980234,alle fire
2015-09,NOK,-0.0017517899916148494,6.559886287108192e-05,0.000619682163897029,alle fire
2015-10,NOK,0.04369862692454296,-0.000310646593433811,0.0006127072457925822,alle fire
2015-11,NOK,0.006656500799157694,0.008859774591931269,0.0007390589164047535,alle fire
2015-12,NOK,0.013964203734559533,0.010831216242390546,0.0007563613780502299,alle fire
2016-01,NOK,-0.023715982362753074,0.013483878819703343,0.0007948682070779539,alle fire
2016-02,NOK,-0.016070008338248343,-0.0030067028654745557,0.0007236157344912357,alle fire
2016-03,NOK,-0.032034195189567516,-0.007087645526567687,0.0006749385632659036,alle fire
2016-04,NOK,0.0022756184105645616,-0.00474236757478968,0.0005804034946160961,alle fire
2016-05,NOK,0.009617028993251342,-0.0056210457356461515,0.0005852888401951982,alle fire
2016-06,NOK,0.0206251837942113,-0.0019597638241882747,0.0006112421164970837,alle fire
2016-07,NOK,-0.021287543142338716,0.004198162902931686,0.0006685886542555771,alle fire
2016-08,NOK,-0.012754316173323677,0.00012242196656382718,0.0006058568491224506,alle fire
2016-09,NOK,-0.002871476016739205,5.359773461563911e-05,0.0005677936781183306,alle fire
2016-10,NOK,0.02924202591446834,-0.0019822652711691926,0.0005580230255761217,alle fire
2016-11,NOK,0.017318592183108716,0.009007577239985649,0.0006392808241282243,alle fire
2016-12,NOK,-0.012304267766408472,-0.005383589247835131,0.0006863975228824065,alle fire
2017-01,NOK,-0.016151973755440974,-0.0006650939040230732,0.0006498040995322913,alle fire
2017-02,NOK,0.02196453838657897,0.0002959605948361587,0.0006026080943216923,alle fire
2017-03,NOK,0.009267668340497082,0.004855014659209875,0.0006624454340759143,alle fire
2017-04,NOK,-0.009314693416627495,-0.0008125957323188424,0.0006864823695687109,alle fire
2017-05,NOK,-0.0054817912378593014,0.003170620672676653,0.0006586239411949053,alle fire
2017-06,NOK,-0.03759166509612655,0.004517738864437792,0.0006415672323641992,alle fire
2017-07,NOK,-0.032280581305735634,-0.0009707599080789627,0.000535658001537355,alle fire
2017-08,NOK,-0.006396786550030065,-0.004126991647653109,0.00044500540676588264,alle fire
2017-09,NOK,0.02005725518441137,-0.004302030013892132,0.00042615749503917207,alle fire
2017-10,NOK,0.024408929404628577,0.0002690639450721561,0.00048008908209788687,alle fire
2017-11,NOK,0.014922396035867092,-0.004052395055859991,0.0005456475487349572,alle fire
2017-12,NOK,-0.05104148824657884,-0.00030376318160117244,0.0005849282823063565,alle fire
2018-01,NOK,-0.008194007722214458,-0.0021856755487750274,0.00044425684762274567,alle fire
2018-02,NOK,-0.008866396747427618,0.005057369378386876,0.00042078330259601415,alle fire
2018-03,NOK,0.009848132713824231,-0.0007466057507770569,0.00039561479297535386,alle fire
2018-04,NOK,0.03126313040669437,-0.004263437745036297,0.0004211621387073779,alle fire
2018-05,NOK,0.0017400215414018483,-0.0020872483248147123,0.0005042941286480436,alle fire
2018-06,NOK,0.0024998319783136047,0.001684356335461126,0.0005076159765317904,alle fire
2018-07,NOK,0.025392214553501713,0.000589373557474928,0.0005129570381987657,alle fire
2018-08,NOK,-0.0112624937918544,0.002024484096730416,0.0005794791171166881,alle fire
2018-09,NOK,0.0009817647098775417,-0.002606509922693136,0.0005479005226927652,alle fire
2018-10,NOK,0.02691656563374112,0.0005008009650843423,0.0005490544168076184,alle fire
2018-11,NOK,0.017140604377760216,0.011780064290579442,0.0006189947648631448,alle fire
2018-12,NOK,-0.009165134407116415,0.004844023286957554,0.000662702726802026,alle fire
2019-01,NOK,0.004424191981549086,-0.0016789090401956664,0.0006367717581109483,alle fire
2019-02,NOK,0.0025243285258422787,-0.0028618781645945966,0.0006467386534357855,alle fire
2019-03,NOK,-0.005230216646246788,-0.001378854958106475,0.0006516667108436765,alle fire
2019-04,NOK,0.020392591534262205,-0.002922604814217678,0.0006362691104324449,alle fire
2019-05,NOK,-0.01218095145810194,7.461779029358472e-05,0.00068785219770093,alle fire
2019-06,NOK,-0.0015418058408567248,0.0037240960905479312,0.00065433968818061,alle fire
2019-07,NOK,0.03938981253883611,0.0011529889069613916,0.0006486354140792143,alle fire
2019-08,NOK,0.004384800472634787,0.001808331131243466,0.0007490011579257348,alle fire
2019-09,NOK,0.016246550506506807,-0.001334244585948724,0.0007583959881963009,alle fire
2019-10,NOK,-0.00030596411716699023,0.003839582912915006,0.0007983139122125651,alle fire
2019-11,NOK,-0.013866184531726944,-0.0008254042911471251,0.0007954751512115893,alle fire
2019-12,NOK,-0.006950071066188279,-0.0016339421899200558,0.0007578811520245674,alle fire
2020-01,NOK,0.0366143039543676,0.00304581960268419,0.0007381677192414143,alle fire
2020-02,NOK,0.09677898841333432,0.005950644081350589,0.0008296884749432669,alle fire
2020-03,NOK,0.017386523292970413,0.02687574957439408,0.0010738342763132187,alle fire
2020-04,NOK,-0.03191495730653271,0.0288562847736771,0.0011152370403148867,alle fire
2020-05,NOK,-0.057043018532213274,-0.018075603254183496,0.001031616295132994,alle fire
2020-06,NOK,-0.027145792259523294,-0.013422109476814239,0.0008849631768821196,alle fire
2020-07,NOK,-0.036832027329259276,-0.0031840312615623078,0.0008143567400145996,alle fire
2020-08,NOK,0.024293766129784178,-0.0006080329693581387,0.0007197678353179316,alle fire
2020-09,NOK,0.014465759871430617,0.005514832908933443,0.0007788505378103283,alle fire
2020-10,NOK,-0.021277745472437548,0.0025696185149837103,0.000813067811144379,alle fire
2020-11,NOK,-0.044124639658850384,-0.001561160312811455,0.0007579785012102595,alle fire
2020-12,NOK,-0.022943846837267134,-0.006647925572446923,0.0006463301973295116,alle fire
2021-01,NOK,-0.00015278030809096066,-0.0028074098111444488,0.0005877937778888252,alle fire
2021-02,NOK,0.0005170084129026975,-0.004534012753201098,0.0005859606737156079,alle fire
2021-03,NOK,-0.014447134431204933,0.0004523114167106255,0.0005857904212197735,alle fire
2021-04,NOK,-0.009977385303468811,0.0008973270679351887,0.0005487635127162644,alle fire
2021-05,NOK,0.013843285191836863,-0.00275054273184662,0.0005229007392121241,alle fire
2021-06,NOK,0.04302350857616366,-0.003331807630889308,0.0005555487403214984,alle fire
2021-07,NOK,0.006212608409356335,-0.0017203335892417744,0.0006593823829519194,alle fire
2021-08,NOK,-0.02169565004867291,0.0036078937192852044,0.000672926836674857,alle fire
2021-09,NOK,-0.023713107938198696,-0.0011245928883582175,0.0006185020753966386,alle fire
2021-10,NOK,0.03286459568139399,-0.0035700811937649816,0.0005594447695383975,alle fire
2021-11,NOK,0.027452483047013754,0.0022130044405197003,0.0006376654739254571,alle fire
2021-12,NOK,-0.014998738698603908,0.004558774631190164,0.000702435564681709,alle fire
2022-01,NOK,0.0010167309589248497,-0.004571450437483252,0.0006646014098304183,alle fire
2022-02,NOK,-0.0025324483303355017,-0.003522609020862386,0.0006654478750926646,alle fire
2022-03,NOK,0.008633666108482707,-0.0067693321031479115,0.0006577790592523093,alle fire
2022-04,NOK,0.0759475852086342,0.010330753413269469,0.0006768601287480757,alle fire
2022-05,NOK,0.013852454031896944,-0.001682364720194783,0.000856503864022267,alle fire
2022-06,NOK,0.026313178172786778,-0.0007118275592176929,0.0008874466025172067,alle fire
2022-07,NOK,-0.030177917282675715,0.0035291458751802868,0.0009478402642043078,alle fire
2022-08,NOK,0.05880195365643104,0.006368175108483867,0.000874082544898905,alle fire
2022-09,NOK,0.02332204209605937,0.013002958914991937,0.0010110278666755766,alle fire
2022-10,NOK,-0.03645864840263435,0.004065983952528256,0.001063648183254312,alle fire
2022-11,NOK,-0.028319593597271098,0.0012209598287806255,0.0009753604265816327,alle fire
2022-12,NOK,0.006999665485538653,0.004612366763136926,0.0009065929288730583,alle fire
2023-01,NOK,0.028964850623085958,-0.0009324786343798063,0.0009208624196380831,alle fire
2023-02,NOK,0.02795957657202086,0.002965166199712773,0.0009863857565620268,alle fire
2023-03,NOK,-0.002681068708724421,0.0028959545275050406,0.001049260327227432,alle fire
2023-04,NOK,0.028474680421683995,-0.004696274381519212,0.0010405851434228928,alle fire
2023-05,NOK,-0.0010275923307134782,0.007901234539874739,0.0011042373366439162,alle fire
2023-06,NOK,-0.05351677773779828,0.003154149135500387,0.0010993025457472555,alle fire
2023-07,NOK,0.022646122840636274,-0.001229147290815415,0.0009731684111432243,alle fire
2023-08,NOK,0.024207402063110006,-0.00024990777791159837,0.0010231060941604895,alle fire
2023-09,NOK,0.02738007346190985,-0.0012604396524032954,0.001076403326273017,alle fire
2023-10,NOK,-0.01069899613979075,0.006569151277617367,0.0011367328449327346,alle fire
2023-11,NOK,-0.033161583450118215,0.002677959652112638,0.0011096487969127723,alle fire
2023-12,NOK,-0.012956342096771323,-0.0002510407888264873,0.0010314039744309664,alle fire
2024-01,NOK,0.013600720862150695,-0.00014572241524258233,0.0009995412271161547,alle fire
2024-02,NOK,0.005281494493213579,0.0004262792147194398,0.0010281802717412333,alle fire
2024-03,NOK,0.027299898280988888,-0.0001541537541723272,0.001037824975191284,alle fire
2024-04,NOK,-0.014919376413928376,0.0017273847018118437,0.001097241430634265,alle fire
2024-05,NOK,-0.012069604422558555,0.004905986316282085,0.0010610865370799475,alle fire
2024-06,NOK,0.017897548570012134,-0.0009761849576613378,0.0010315129087924734,alle fire
2024-07,NOK,-0.010894600503038365,-0.0011131491657347355,0.0010694141125255512,alle fire
2024-08,NOK,-0.006324918094675613,0.00026101363800902304,0.0010425889676476054,alle fire
2024-09,NOK,0.019945486733257578,0.003429066460062204,0.0010261068489399471,alle fire
2024-10,NOK,0.019835919870237806,0.003436459610731218,0.001068337607610299,alle fire
2024-11,NOK,0.014968336537194205,0.004323886398716828,0.0011101362318032334,alle fire
2024-12,NOK,0.010029391639306606,0.001718654628445037,0.0011409322324818798,alle fire
2025-01,NOK,-0.012438622832579238,0.00010090073935341455,0.0011606405681954602,alle fire
